customer_id,customer_name,gender,city,registration_date,province,last_purchase,recency,frequency,monetary,r_score,f_score,m_score,rfm_score,rfm_total_score,segment,recommended_strategy,marketing_priority
CUST00001,Customer 0001,Male,Jakarta,2025-06-01,DKI Jakarta,2025-12-13,19.0,27.0,14614700.0,4.0,5.0,5.0,455.0,14.0,Champions,"Retain, VIP rewards, referral",High
CUST00002,Customer 0002,Female,Bekasi,2023-11-09,Jawa Barat,2025-12-13,19.0,16.0,11428800.0,4.0,4.0,5.0,445.0,13.0,Champions,"Retain, VIP rewards, referral",High
CUST00003,Customer 0003,Male,Yogyakarta,2025-04-19,DI Yogyakarta,,,0.0,0.0,,,,,,Never Purchased,First-purchase conversion,Medium
CUST00004,Customer 0004,Male,Depok,2024-06-02,Jawa Barat,2025-05-29,217.0,6.0,3279850.0,1.0,2.0,3.0,123.0,6.0,Needs Attention,Personalized engagement,Medium
CUST00005,Customer 0005,Male,Semarang,2024-01-10,Jawa Tengah,2025-11-10,52.0,15.0,10582650.0,3.0,4.0,4.0,344.0,11.0,Loyal Customers,"Cross-sell, upsell, loyalty rewards",High
CUST00006,Customer 0006,Female,Tangerang,2024-03-26,Banten,2025-12-04,28.0,9.0,6056100.0,4.0,3.0,4.0,434.0,11.0,Potential Loyalists,Encourage repeat purchase,Medium
CUST00007,Customer 0007,Male,Tangerang,2025-10-11,Banten,2025-11-19,43.0,12.0,9159000.0,3.0,3.0,4.0,334.0,10.0,Needs Attention,Personalized engagement,Medium
CUST00008,Customer 0008,Male,Semarang,2024-08-17,Jawa Tengah,2025-06-24,191.0,4.0,3418350.0,1.0,1.0,3.0,113.0,5.0,Needs Attention,Personalized engagement,Medium
CUST00009,Customer 0009,Male,Jakarta,2024-05-14,DKI Jakarta,2024-08-23,496.0,1.0,90750.0,1.0,1.0,1.0,111.0,3.0,Hibernating,Low-cost re-engagement,Low
CUST00010,Customer 0010,Female,Surabaya,2024-04-08,Jawa Timur,2024-03-20,652.0,1.0,235000.0,1.0,1.0,1.0,111.0,3.0,Hibernating,Low-cost re-engagement,Low
CUST00011,Customer 0011,Male,Jakarta,2023-04-23,DKI Jakarta,,,0.0,0.0,,,,,,Never Purchased,First-purchase conversion,Medium
CUST00012,Customer 0012,Male,Makassar,2025-11-01,Sulawesi Selatan,2025-11-22,40.0,29.0,11246750.0,3.0,5.0,5.0,355.0,13.0,Loyal Customers,"Cross-sell, upsell, loyalty rewards",High
CUST00013,Customer 0013,Male,Medan,2023-11-27,Sumatera Utara,2025-11-23,39.0,10.0,4790000.0,3.0,3.0,3.0,333.0,9.0,Needs Attention,Personalized engagement,Medium
CUST00014,Customer 0014,Male,Jakarta,2023-05-20,DKI Jakarta,2025-02-20,315.0,2.0,1027450.0,1.0,1.0,1.0,111.0,3.0,Hibernating,Low-cost re-engagement,Low
CUST00015,Customer 0015,Female,Tangerang,2025-06-20,Banten,2025-08-07,147.0,18.0,12013950.0,2.0,4.0,5.0,245.0,11.0,At Risk,Win-back and reactivation,High
CUST00016,Customer 0016,Male,Medan,2024-05-31,Sumatera Utara,2025-12-24,8.0,16.0,6395050.0,5.0,4.0,4.0,544.0,13.0,Champions,"Retain, VIP rewards, referral",High
CUST00017,Customer 0017,Female,Jakarta,2024-07-22,DKI Jakarta,2025-12-11,21.0,38.0,20727350.0,4.0,5.0,5.0,455.0,14.0,Champions,"Retain, VIP rewards, referral",High
CUST00018,Customer 0018,Female,Bekasi,2025-04-25,Jawa Barat,2025-07-11,174.0,15.0,9178850.0,1.0,4.0,4.0,144.0,9.0,At Risk,Win-back and reactivation,High
CUST00019,Customer 0019,Female,Medan,2025-12-28,Sumatera Utara,2025-12-22,10.0,62.0,26446300.0,5.0,5.0,5.0,555.0,15.0,Champions,"Retain, VIP rewards, referral",High
CUST00020,Customer 0020,Male,Jakarta,2023-04-28,DKI Jakarta,2025-12-26,6.0,8.0,2240450.0,5.0,3.0,2.0,532.0,10.0,Potential Loyalists,Encourage repeat purchase,Medium
CUST00021,Customer 0021,Female,Tangerang,2025-06-06,Banten,2025-11-11,51.0,15.0,7743100.0,3.0,4.0,4.0,344.0,11.0,Loyal Customers,"Cross-sell, upsell, loyalty rewards",High
CUST00022,Customer 0022,Male,Bandung,2025-12-18,Jawa Barat,2025-12-06,26.0,23.0,7127550.0,4.0,5.0,4.0,454.0,13.0,Champions,"Retain, VIP rewards, referral",High
CUST00023,Customer 0023,Female,Medan,2025-11-22,Sumatera Utara,2025-10-03,90.0,9.0,10650300.0,2.0,3.0,5.0,235.0,10.0,At Risk,Win-back and reactivation,High
CUST00024,Customer 0024,Female,Makassar,2023-02-19,Sulawesi Selatan,2025-12-31,1.0,6.0,1405600.0,5.0,2.0,2.0,522.0,9.0,Potential Loyalists,Encourage repeat purchase,Medium
CUST00025,Customer 0025,Female,Medan,2023-01-19,Sumatera Utara,2025-12-31,1.0,20.0,6276250.0,5.0,4.0,4.0,544.0,13.0,Champions,"Retain, VIP rewards, referral",High
CUST00026,Customer 0026,Female,Surabaya,2024-12-26,Jawa Timur,2024-08-30,489.0,1.0,679500.0,1.0,1.0,1.0,111.0,3.0,Hibernating,Low-cost re-engagement,Low
CUST00027,Customer 0027,Female,Yogyakarta,2023-07-16,DI Yogyakarta,2025-02-22,313.0,3.0,1329600.0,1.0,1.0,2.0,112.0,4.0,Hibernating,Low-cost re-engagement,Low
CUST00028,Customer 0028,Female,Semarang,2024-07-12,Jawa Tengah,2025-09-11,112.0,7.0,1531600.0,2.0,2.0,2.0,222.0,6.0,Hibernating,Low-cost re-engagement,Low
CUST00029,Customer 0029,Female,Bandung,2024-03-27,Jawa Barat,2025-12-25,7.0,39.0,15718100.0,5.0,5.0,5.0,555.0,15.0,Champions,"Retain, VIP rewards, referral",High
CUST00030,Customer 0030,Female,Semarang,2023-10-16,Jawa Tengah,2025-11-29,33.0,17.0,4907600.0,4.0,4.0,3.0,443.0,11.0,Loyal Customers,"Cross-sell, upsell, loyalty rewards",High
CUST00031,Customer 0031,Male,Jakarta,2024-01-26,DKI Jakarta,2025-10-07,86.0,9.0,2197550.0,2.0,3.0,2.0,232.0,7.0,At Risk,Win-back and reactivation,High
CUST00032,Customer 0032,Male,Bekasi,2023-08-03,Jawa Barat,2025-09-15,108.0,4.0,1214700.0,2.0,1.0,2.0,212.0,5.0,Hibernating,Low-cost re-engagement,Low
CUST00033,Customer 0033,Female,Jakarta,2023-08-03,DKI Jakarta,2025-12-02,30.0,41.0,20298300.0,4.0,5.0,5.0,455.0,14.0,Champions,"Retain, VIP rewards, referral",High
CUST00034,Customer 0034,Female,Jakarta,2023-05-08,DKI Jakarta,2025-10-21,72.0,6.0,1648750.0,3.0,2.0,2.0,322.0,7.0,Needs Attention,Personalized engagement,Medium
CUST00035,Customer 0035,Female,Jakarta,2025-01-29,DKI Jakarta,2025-11-19,43.0,4.0,1271500.0,3.0,1.0,2.0,312.0,6.0,Needs Attention,Personalized engagement,Medium
CUST00036,Customer 0036,Male,Tangerang,2024-02-08,Banten,2025-12-29,3.0,52.0,17757350.0,5.0,5.0,5.0,555.0,15.0,Champions,"Retain, VIP rewards, referral",High
CUST00037,Customer 0037,Female,Bandung,2025-11-18,Jawa Barat,2025-05-12,234.0,1.0,49000.0,1.0,1.0,1.0,111.0,3.0,Hibernating,Low-cost re-engagement,Low
CUST00038,Customer 0038,Male,Depok,2023-12-04,Jawa Barat,2025-11-07,55.0,26.0,13197050.0,3.0,5.0,5.0,355.0,13.0,Loyal Customers,"Cross-sell, upsell, loyalty rewards",High
CUST00039,Customer 0039,Male,Jakarta,2025-04-10,DKI Jakarta,2025-11-22,40.0,9.0,4903500.0,3.0,3.0,3.0,333.0,9.0,Needs Attention,Personalized engagement,Medium
CUST00040,Customer 0040,Male,Bandung,2024-12-14,Jawa Barat,2025-10-05,88.0,15.0,15505900.0,2.0,4.0,5.0,245.0,11.0,At Risk,Win-back and reactivation,High
CUST00041,Customer 0041,Male,Surabaya,2023-12-27,Jawa Timur,2025-12-23,9.0,14.0,2672400.0,5.0,4.0,2.0,542.0,11.0,Loyal Customers,"Cross-sell, upsell, loyalty rewards",High
CUST00042,Customer 0042,Male,Semarang,2024-07-22,Jawa Tengah,2025-11-21,41.0,15.0,6161850.0,3.0,4.0,4.0,344.0,11.0,Loyal Customers,"Cross-sell, upsell, loyalty rewards",High
CUST00043,Customer 0043,Female,Bandung,2023-08-06,Jawa Barat,2025-11-28,34.0,57.0,23705000.0,4.0,5.0,5.0,455.0,14.0,Champions,"Retain, VIP rewards, referral",High
CUST00044,Customer 0044,Female,Bekasi,2023-07-21,Jawa Barat,2025-11-02,60.0,48.0,33553350.0,3.0,5.0,5.0,355.0,13.0,Loyal Customers,"Cross-sell, upsell, loyalty rewards",High
CUST00045,Customer 0045,Female,Yogyakarta,2023-01-17,DI Yogyakarta,2025-06-14,201.0,1.0,492100.0,1.0,1.0,1.0,111.0,3.0,Hibernating,Low-cost re-engagement,Low
CUST00046,Customer 0046,Female,Bekasi,2023-11-18,Jawa Barat,2025-07-01,184.0,20.0,5105550.0,1.0,4.0,3.0,143.0,8.0,At Risk,Win-back and reactivation,High
CUST00047,Customer 0047,Female,Jakarta,2024-06-01,DKI Jakarta,2024-10-14,444.0,1.0,70000.0,1.0,1.0,1.0,111.0,3.0,Hibernating,Low-cost re-engagement,Low
CUST00048,Customer 0048,Male,Jakarta,2024-11-11,DKI Jakarta,2025-12-25,7.0,16.0,6620900.0,5.0,4.0,4.0,544.0,13.0,Champions,"Retain, VIP rewards, referral",High
CUST00049,Customer 0049,Female,Yogyakarta,2024-02-29,DI Yogyakarta,2025-12-15,17.0,17.0,8217100.0,4.0,4.0,4.0,444.0,12.0,Champions,"Retain, VIP rewards, referral",High
CUST00050,Customer 0050,Female,Jakarta,2025-10-15,DKI Jakarta,2025-10-24,69.0,2.0,3357400.0,3.0,1.0,3.0,313.0,7.0,Needs Attention,Personalized engagement,Medium
CUST00051,Customer 0051,Male,Yogyakarta,2024-01-22,DI Yogyakarta,2025-09-27,96.0,11.0,19155800.0,2.0,3.0,5.0,235.0,10.0,At Risk,Win-back and reactivation,High
CUST00052,Customer 0052,Female,Surabaya,2025-02-16,Jawa Timur,2025-12-09,23.0,20.0,12924950.0,4.0,4.0,5.0,445.0,13.0,Champions,"Retain, VIP rewards, referral",High
CUST00053,Customer 0053,Male,Medan,2023-04-08,Sumatera Utara,2025-11-30,32.0,12.0,6260250.0,4.0,3.0,4.0,434.0,11.0,Potential Loyalists,Encourage repeat purchase,Medium
CUST00054,Customer 0054,Female,Semarang,2023-07-27,Jawa Tengah,2025-05-26,220.0,2.0,429100.0,1.0,1.0,1.0,111.0,3.0,Hibernating,Low-cost re-engagement,Low
CUST00055,Customer 0055,Male,Makassar,2024-08-08,Sulawesi Selatan,2024-06-22,558.0,1.0,5356100.0,1.0,1.0,3.0,113.0,5.0,Needs Attention,Personalized engagement,Medium
CUST00056,Customer 0056,Female,Bandung,2023-06-15,Jawa Barat,2025-01-25,341.0,8.0,2969200.0,1.0,3.0,2.0,132.0,6.0,At Risk,Win-back and reactivation,High
CUST00057,Customer 0057,Female,Depok,2023-01-22,Jawa Barat,2025-10-23,70.0,9.0,5412750.0,3.0,3.0,3.0,333.0,9.0,Needs Attention,Personalized engagement,Medium
CUST00058,Customer 0058,Male,Bandung,2023-06-03,Jawa Barat,2025-04-05,271.0,3.0,656500.0,1.0,1.0,1.0,111.0,3.0,Hibernating,Low-cost re-engagement,Low
CUST00059,Customer 0059,Male,Surabaya,2023-08-07,Jawa Timur,2025-05-23,223.0,2.0,192600.0,1.0,1.0,1.0,111.0,3.0,Hibernating,Low-cost re-engagement,Low
CUST00060,Customer 0060,Male,Bekasi,2024-10-30,Jawa Barat,2025-12-31,1.0,8.0,5277900.0,5.0,3.0,3.0,533.0,11.0,Potential Loyalists,Encourage repeat purchase,Medium
CUST00061,Customer 0061,Male,Yogyakarta,2023-08-18,DI Yogyakarta,2025-12-27,5.0,39.0,14030100.0,5.0,5.0,5.0,555.0,15.0,Champions,"Retain, VIP rewards, referral",High
CUST00062,Customer 0062,Male,Makassar,2023-01-20,Sulawesi Selatan,2024-09-04,484.0,1.0,479750.0,1.0,1.0,1.0,111.0,3.0,Hibernating,Low-cost re-engagement,Low
CUST00063,Customer 0063,Male,Depok,2024-07-06,Jawa Barat,2025-11-12,50.0,6.0,1862850.0,3.0,2.0,2.0,322.0,7.0,Needs Attention,Personalized engagement,Medium
CUST00064,Customer 0064,Male,Bandung,2025-08-07,Jawa Barat,2025-12-10,22.0,21.0,8208900.0,4.0,4.0,4.0,444.0,12.0,Champions,"Retain, VIP rewards, referral",High
CUST00065,Customer 0065,Male,Surabaya,2023-05-28,Jawa Timur,2025-04-17,259.0,7.0,9857250.0,1.0,2.0,4.0,124.0,7.0,Needs Attention,Personalized engagement,Medium
CUST00066,Customer 0066,Female,Depok,2024-02-07,Jawa Barat,2025-12-17,15.0,23.0,6918050.0,4.0,5.0,4.0,454.0,13.0,Champions,"Retain, VIP rewards, referral",High
CUST00067,Customer 0067,Female,Jakarta,2024-08-18,DKI Jakarta,2024-12-02,395.0,3.0,871400.0,1.0,1.0,1.0,111.0,3.0,Hibernating,Low-cost re-engagement,Low
CUST00068,Customer 0068,Male,Jakarta,2024-01-02,DKI Jakarta,2025-12-15,17.0,10.0,8575300.0,4.0,3.0,4.0,434.0,11.0,Potential Loyalists,Encourage repeat purchase,Medium
CUST00069,Customer 0069,Female,Bandung,2025-03-12,Jawa Barat,2025-12-26,6.0,20.0,4230450.0,5.0,4.0,3.0,543.0,12.0,Loyal Customers,"Cross-sell, upsell, loyalty rewards",High
CUST00070,Customer 0070,Female,Bandung,2025-07-06,Jawa Barat,2025-12-27,5.0,49.0,21313950.0,5.0,5.0,5.0,555.0,15.0,Champions,"Retain, VIP rewards, referral",High
CUST00071,Customer 0071,Female,Bandung,2023-03-14,Jawa Barat,2025-08-23,131.0,9.0,3427900.0,2.0,3.0,3.0,233.0,8.0,At Risk,Win-back and reactivation,High
CUST00072,Customer 0072,Female,Jakarta,2024-04-25,DKI Jakarta,2025-06-04,211.0,5.0,537950.0,1.0,2.0,1.0,121.0,4.0,Hibernating,Low-cost re-engagement,Low
CUST00073,Customer 0073,Male,Jakarta,2024-07-13,DKI Jakarta,,,0.0,0.0,,,,,,Never Purchased,First-purchase conversion,Medium
CUST00074,Customer 0074,Female,Jakarta,2025-01-14,DKI Jakarta,2025-12-20,12.0,39.0,17008050.0,5.0,5.0,5.0,555.0,15.0,Champions,"Retain, VIP rewards, referral",High
CUST00075,Customer 0075,Male,Makassar,2023-04-10,Sulawesi Selatan,2025-12-31,1.0,20.0,8685250.0,5.0,4.0,4.0,544.0,13.0,Champions,"Retain, VIP rewards, referral",High
CUST00076,Customer 0076,Female,Surabaya,2025-12-18,Jawa Timur,2025-08-29,125.0,1.0,78200.0,2.0,1.0,1.0,211.0,4.0,Hibernating,Low-cost re-engagement,Low
CUST00077,Customer 0077,Female,Bandung,2024-05-22,Jawa Barat,2025-11-16,46.0,5.0,1681750.0,3.0,2.0,2.0,322.0,7.0,Needs Attention,Personalized engagement,Medium
CUST00078,Customer 0078,Female,Tangerang,2023-09-15,Banten,2025-06-09,206.0,10.0,3697850.0,1.0,3.0,3.0,133.0,7.0,At Risk,Win-back and reactivation,High
CUST00079,Customer 0079,Male,Jakarta,2024-02-17,DKI Jakarta,2025-12-22,10.0,24.0,10687850.0,5.0,5.0,5.0,555.0,15.0,Champions,"Retain, VIP rewards, referral",High
CUST00080,Customer 0080,Female,Medan,2025-12-24,Sumatera Utara,2025-12-16,16.0,16.0,4251350.0,4.0,4.0,3.0,443.0,11.0,Loyal Customers,"Cross-sell, upsell, loyalty rewards",High
CUST00081,Customer 0081,Male,Depok,2024-08-17,Jawa Barat,2025-12-31,1.0,18.0,10632500.0,5.0,4.0,5.0,545.0,14.0,Champions,"Retain, VIP rewards, referral",High
CUST00082,Customer 0082,Female,Jakarta,2023-09-23,DKI Jakarta,2025-09-14,109.0,9.0,4510800.0,2.0,3.0,3.0,233.0,8.0,At Risk,Win-back and reactivation,High
CUST00083,Customer 0083,Male,Bandung,2025-03-31,Jawa Barat,2025-10-13,80.0,2.0,268250.0,2.0,1.0,1.0,211.0,4.0,Hibernating,Low-cost re-engagement,Low
CUST00084,Customer 0084,Female,Yogyakarta,2024-10-23,DI Yogyakarta,2025-12-18,14.0,14.0,6511050.0,4.0,4.0,4.0,444.0,12.0,Champions,"Retain, VIP rewards, referral",High
CUST00085,Customer 0085,Male,Medan,2025-08-04,Sumatera Utara,2025-09-13,110.0,6.0,4393950.0,2.0,2.0,3.0,223.0,7.0,Needs Attention,Personalized engagement,Medium
CUST00086,Customer 0086,Male,Surabaya,2024-07-13,Jawa Timur,2025-02-04,331.0,1.0,672000.0,1.0,1.0,1.0,111.0,3.0,Hibernating,Low-cost re-engagement,Low
CUST00087,Customer 0087,Female,Bekasi,2025-07-05,Jawa Barat,2025-12-22,10.0,33.0,18738950.0,5.0,5.0,5.0,555.0,15.0,Champions,"Retain, VIP rewards, referral",High
CUST00088,Customer 0088,Male,Jakarta,2025-06-09,DKI Jakarta,2025-10-27,66.0,3.0,667800.0,3.0,1.0,1.0,311.0,5.0,Needs Attention,Personalized engagement,Medium
CUST00089,Customer 0089,Female,Makassar,2025-05-17,Sulawesi Selatan,2025-08-18,136.0,7.0,2467400.0,2.0,2.0,2.0,222.0,6.0,Hibernating,Low-cost re-engagement,Low
CUST00090,Customer 0090,Female,Jakarta,2024-09-01,DKI Jakarta,2025-04-11,265.0,4.0,1377700.0,1.0,1.0,2.0,112.0,4.0,Hibernating,Low-cost re-engagement,Low
CUST00091,Customer 0091,Female,Medan,2024-02-18,Sumatera Utara,2025-09-02,121.0,7.0,2492200.0,2.0,2.0,2.0,222.0,6.0,Hibernating,Low-cost re-engagement,Low
CUST00092,Customer 0092,Female,Tangerang,2023-01-25,Banten,2025-09-27,96.0,7.0,4579400.0,2.0,2.0,3.0,223.0,7.0,Needs Attention,Personalized engagement,Medium
CUST00093,Customer 0093,Female,Bekasi,2023-10-11,Jawa Barat,2025-12-13,19.0,13.0,4415600.0,4.0,4.0,3.0,443.0,11.0,Loyal Customers,"Cross-sell, upsell, loyalty rewards",High
CUST00094,Customer 0094,Female,Surabaya,2025-05-30,Jawa Timur,2025-11-18,44.0,12.0,4846900.0,3.0,3.0,3.0,333.0,9.0,Needs Attention,Personalized engagement,Medium
CUST00095,Customer 0095,Female,Jakarta,2023-10-28,DKI Jakarta,2025-11-11,51.0,11.0,6216250.0,3.0,3.0,4.0,334.0,10.0,Needs Attention,Personalized engagement,Medium
CUST00096,Customer 0096,Female,Jakarta,2025-12-27,DKI Jakarta,2025-12-11,21.0,16.0,8322150.0,4.0,4.0,4.0,444.0,12.0,Champions,"Retain, VIP rewards, referral",High
CUST00097,Customer 0097,Female,Jakarta,2025-10-27,DKI Jakarta,2025-12-22,10.0,14.0,12712700.0,5.0,4.0,5.0,545.0,14.0,Champions,"Retain, VIP rewards, referral",High
CUST00098,Customer 0098,Female,Jakarta,2025-03-27,DKI Jakarta,2025-10-21,72.0,19.0,4094000.0,2.0,4.0,3.0,243.0,9.0,At Risk,Win-back and reactivation,High
CUST00099,Customer 0099,Female,Depok,2023-03-24,Jawa Barat,2025-12-04,28.0,22.0,7227800.0,4.0,5.0,4.0,454.0,13.0,Champions,"Retain, VIP rewards, referral",High
CUST00100,Customer 0100,Male,Bandung,2023-02-15,Jawa Barat,2025-05-21,225.0,5.0,1252900.0,1.0,2.0,2.0,122.0,5.0,Hibernating,Low-cost re-engagement,Low
CUST00101,Customer 0101,Male,Jakarta,2024-09-09,DKI Jakarta,2025-02-04,331.0,2.0,282550.0,1.0,1.0,1.0,111.0,3.0,Hibernating,Low-cost re-engagement,Low
CUST00102,Customer 0102,Female,Makassar,2025-07-16,Sulawesi Selatan,2025-12-07,25.0,34.0,15912250.0,4.0,5.0,5.0,455.0,14.0,Champions,"Retain, VIP rewards, referral",High
CUST00103,Customer 0103,Female,Yogyakarta,2023-09-19,DI Yogyakarta,2025-08-09,145.0,5.0,781050.0,2.0,2.0,1.0,221.0,5.0,Hibernating,Low-cost re-engagement,Low
CUST00104,Customer 0104,Female,Medan,2023-06-25,Sumatera Utara,2025-12-10,22.0,10.0,2386350.0,4.0,3.0,2.0,432.0,9.0,Potential Loyalists,Encourage repeat purchase,Medium
CUST00105,Customer 0105,Female,Makassar,2024-10-18,Sulawesi Selatan,2025-01-04,362.0,7.0,17470900.0,1.0,2.0,5.0,125.0,8.0,Needs Attention,Personalized engagement,Medium
CUST00106,Customer 0106,Female,Jakarta,2025-04-21,DKI Jakarta,2025-12-29,3.0,54.0,30736250.0,5.0,5.0,5.0,555.0,15.0,Champions,"Retain, VIP rewards, referral",High
CUST00107,Customer 0107,Female,Bandung,2024-01-05,Jawa Barat,2025-11-22,40.0,4.0,4928200.0,3.0,1.0,3.0,313.0,7.0,Needs Attention,Personalized engagement,Medium
CUST00108,Customer 0108,Female,Depok,2023-02-23,Jawa Barat,2024-06-29,551.0,4.0,919700.0,1.0,1.0,1.0,111.0,3.0,Hibernating,Low-cost re-engagement,Low
CUST00109,Customer 0109,Female,Tangerang,2024-11-20,Banten,2025-09-24,99.0,8.0,9955000.0,2.0,3.0,4.0,234.0,9.0,At Risk,Win-back and reactivation,High
CUST00110,Customer 0110,Male,Jakarta,2024-01-02,DKI Jakarta,2025-12-05,27.0,12.0,12189050.0,4.0,3.0,5.0,435.0,12.0,Potential Loyalists,Encourage repeat purchase,Medium
CUST00111,Customer 0111,Female,Semarang,2024-10-05,Jawa Tengah,2025-08-22,132.0,3.0,2202000.0,2.0,1.0,2.0,212.0,5.0,Hibernating,Low-cost re-engagement,Low
CUST00112,Customer 0112,Male,Jakarta,2024-01-14,DKI Jakarta,2025-11-15,47.0,5.0,11493000.0,3.0,2.0,5.0,325.0,10.0,Needs Attention,Personalized engagement,Medium
CUST00113,Customer 0113,Female,Jakarta,2023-03-14,DKI Jakarta,2025-11-22,40.0,18.0,8104100.0,3.0,4.0,4.0,344.0,11.0,Loyal Customers,"Cross-sell, upsell, loyalty rewards",High
CUST00114,Customer 0114,Female,Surabaya,2025-07-03,Jawa Timur,2025-10-08,85.0,7.0,4965550.0,2.0,2.0,3.0,223.0,7.0,Needs Attention,Personalized engagement,Medium
CUST00115,Customer 0115,Male,Bekasi,2025-05-09,Jawa Barat,2025-12-22,10.0,4.0,1716600.0,5.0,1.0,2.0,512.0,8.0,New Customers,Welcome and second-purchase campaign,Medium
CUST00116,Customer 0116,Female,Bekasi,2023-02-12,Jawa Barat,2025-11-11,51.0,3.0,399400.0,3.0,1.0,1.0,311.0,5.0,Needs Attention,Personalized engagement,Medium
CUST00117,Customer 0117,Male,Jakarta,2024-01-12,DKI Jakarta,2025-04-21,255.0,1.0,219600.0,1.0,1.0,1.0,111.0,3.0,Hibernating,Low-cost re-engagement,Low
CUST00118,Customer 0118,Female,Yogyakarta,2025-11-30,DI Yogyakarta,2025-05-11,235.0,10.0,3332100.0,1.0,3.0,3.0,133.0,7.0,At Risk,Win-back and reactivation,High
CUST00119,Customer 0119,Female,Jakarta,2023-06-19,DKI Jakarta,2025-11-01,61.0,4.0,4367150.0,3.0,1.0,3.0,313.0,7.0,Needs Attention,Personalized engagement,Medium
CUST00120,Customer 0120,Male,Jakarta,2023-07-31,DKI Jakarta,2025-06-01,214.0,1.0,1064200.0,1.0,1.0,1.0,111.0,3.0,Hibernating,Low-cost re-engagement,Low
CUST00121,Customer 0121,Female,Yogyakarta,2023-02-08,DI Yogyakarta,,,0.0,0.0,,,,,,Never Purchased,First-purchase conversion,Medium
CUST00122,Customer 0122,Male,Makassar,2024-01-04,Sulawesi Selatan,2025-09-07,116.0,11.0,4640250.0,2.0,3.0,3.0,233.0,8.0,At Risk,Win-back and reactivation,High
CUST00123,Customer 0123,Female,Yogyakarta,2025-01-26,DI Yogyakarta,2025-11-15,47.0,6.0,11433650.0,3.0,2.0,5.0,325.0,10.0,Needs Attention,Personalized engagement,Medium
CUST00124,Customer 0124,Male,Semarang,2023-05-31,Jawa Tengah,2025-12-02,30.0,27.0,12710400.0,4.0,5.0,5.0,455.0,14.0,Champions,"Retain, VIP rewards, referral",High
CUST00125,Customer 0125,Male,Tangerang,2025-12-06,Banten,2025-07-05,180.0,6.0,2170700.0,1.0,2.0,2.0,122.0,5.0,Hibernating,Low-cost re-engagement,Low
CUST00126,Customer 0126,Female,Bekasi,2025-10-20,Jawa Barat,2025-11-16,46.0,8.0,6688400.0,3.0,3.0,4.0,334.0,10.0,Needs Attention,Personalized engagement,Medium
CUST00127,Customer 0127,Female,Jakarta,2025-01-06,DKI Jakarta,2025-02-18,317.0,2.0,2315600.0,1.0,1.0,2.0,112.0,4.0,Hibernating,Low-cost re-engagement,Low
CUST00128,Customer 0128,Male,Bandung,2023-03-10,Jawa Barat,2025-11-27,35.0,5.0,3361200.0,3.0,2.0,3.0,323.0,8.0,Needs Attention,Personalized engagement,Medium
CUST00129,Customer 0129,Female,Bandung,2023-10-26,Jawa Barat,,,0.0,0.0,,,,,,Never Purchased,First-purchase conversion,Medium
CUST00130,Customer 0130,Female,Jakarta,2025-08-01,DKI Jakarta,2025-09-08,115.0,5.0,1684350.0,2.0,2.0,2.0,222.0,6.0,Hibernating,Low-cost re-engagement,Low
CUST00131,Customer 0131,Female,Depok,2025-03-12,Jawa Barat,2025-12-01,31.0,3.0,5011700.0,4.0,1.0,3.0,413.0,8.0,Needs Attention,Personalized engagement,Medium
CUST00132,Customer 0132,Male,Surabaya,2023-10-23,Jawa Timur,2025-11-12,50.0,27.0,18111300.0,3.0,5.0,5.0,355.0,13.0,Loyal Customers,"Cross-sell, upsell, loyalty rewards",High
CUST00133,Customer 0133,Male,Jakarta,2023-07-22,DKI Jakarta,2025-11-20,42.0,8.0,13841950.0,3.0,3.0,5.0,335.0,11.0,Needs Attention,Personalized engagement,Medium
CUST00134,Customer 0134,Male,Jakarta,2023-03-02,DKI Jakarta,2025-12-06,26.0,20.0,9730400.0,4.0,4.0,4.0,444.0,12.0,Champions,"Retain, VIP rewards, referral",High
CUST00135,Customer 0135,Male,Tangerang,2025-08-03,Banten,2025-12-17,15.0,20.0,7951500.0,4.0,4.0,4.0,444.0,12.0,Champions,"Retain, VIP rewards, referral",High
CUST00136,Customer 0136,Male,Jakarta,2025-08-20,DKI Jakarta,2025-02-08,327.0,3.0,4062350.0,1.0,1.0,3.0,113.0,5.0,Needs Attention,Personalized engagement,Medium
CUST00137,Customer 0137,Male,Yogyakarta,2023-11-27,DI Yogyakarta,2025-10-24,69.0,13.0,4823450.0,3.0,4.0,3.0,343.0,10.0,Loyal Customers,"Cross-sell, upsell, loyalty rewards",High
CUST00138,Customer 0138,Male,Surabaya,2023-12-04,Jawa Timur,,,0.0,0.0,,,,,,Never Purchased,First-purchase conversion,Medium
CUST00139,Customer 0139,Male,Surabaya,2024-09-30,Jawa Timur,2025-05-05,241.0,10.0,5715900.0,1.0,3.0,4.0,134.0,8.0,At Risk,Win-back and reactivation,High
CUST00140,Customer 0140,Male,Bekasi,2023-10-02,Jawa Barat,2025-10-19,74.0,17.0,9858850.0,2.0,4.0,4.0,244.0,10.0,At Risk,Win-back and reactivation,High
CUST00141,Customer 0141,Female,Semarang,2023-11-15,Jawa Tengah,2025-11-22,40.0,18.0,9270950.0,3.0,4.0,4.0,344.0,11.0,Loyal Customers,"Cross-sell, upsell, loyalty rewards",High
CUST00142,Customer 0142,Male,Bandung,2024-08-11,Jawa Barat,2024-07-26,524.0,4.0,1199100.0,1.0,1.0,2.0,112.0,4.0,Hibernating,Low-cost re-engagement,Low
CUST00143,Customer 0143,Female,Tangerang,2024-05-18,Banten,2025-12-29,3.0,46.0,29215600.0,5.0,5.0,5.0,555.0,15.0,Champions,"Retain, VIP rewards, referral",High
CUST00144,Customer 0144,Female,Bekasi,2024-01-22,Jawa Barat,2025-09-26,97.0,17.0,4277400.0,2.0,4.0,3.0,243.0,9.0,At Risk,Win-back and reactivation,High
CUST00145,Customer 0145,Female,Jakarta,2025-05-19,DKI Jakarta,2025-08-04,150.0,3.0,583000.0,2.0,1.0,1.0,211.0,4.0,Hibernating,Low-cost re-engagement,Low
CUST00146,Customer 0146,Male,Yogyakarta,2025-04-12,DI Yogyakarta,2025-11-08,54.0,13.0,6373150.0,3.0,4.0,4.0,344.0,11.0,Loyal Customers,"Cross-sell, upsell, loyalty rewards",High
CUST00147,Customer 0147,Male,Semarang,2025-10-11,Jawa Tengah,2025-12-25,7.0,22.0,14271500.0,5.0,5.0,5.0,555.0,15.0,Champions,"Retain, VIP rewards, referral",High
CUST00148,Customer 0148,Male,Tangerang,2024-08-25,Banten,2025-12-24,8.0,2.0,169700.0,5.0,1.0,1.0,511.0,7.0,New Customers,Welcome and second-purchase campaign,Medium
CUST00149,Customer 0149,Male,Yogyakarta,2024-11-21,DI Yogyakarta,2025-06-27,188.0,5.0,2843850.0,1.0,2.0,2.0,122.0,5.0,Hibernating,Low-cost re-engagement,Low
CUST00150,Customer 0150,Female,Yogyakarta,2024-05-08,DI Yogyakarta,,,0.0,0.0,,,,,,Never Purchased,First-purchase conversion,Medium
CUST00151,Customer 0151,Male,Tangerang,2024-05-04,Banten,2025-12-10,22.0,21.0,9772900.0,4.0,4.0,4.0,444.0,12.0,Champions,"Retain, VIP rewards, referral",High
CUST00152,Customer 0152,Male,Semarang,2024-12-21,Jawa Tengah,2025-07-17,168.0,5.0,1815900.0,1.0,2.0,2.0,122.0,5.0,Hibernating,Low-cost re-engagement,Low
CUST00153,Customer 0153,Male,Tangerang,2024-05-23,Banten,2025-06-22,193.0,3.0,1326900.0,1.0,1.0,2.0,112.0,4.0,Hibernating,Low-cost re-engagement,Low
CUST00154,Customer 0154,Male,Tangerang,2024-01-25,Banten,2025-12-01,31.0,22.0,13226800.0,4.0,5.0,5.0,455.0,14.0,Champions,"Retain, VIP rewards, referral",High
CUST00155,Customer 0155,Male,Bekasi,2023-10-22,Jawa Barat,2025-11-24,38.0,8.0,1728750.0,3.0,3.0,2.0,332.0,8.0,Needs Attention,Personalized engagement,Medium
CUST00156,Customer 0156,Female,Depok,2025-03-06,Jawa Barat,2025-11-19,43.0,26.0,10135000.0,3.0,5.0,4.0,354.0,12.0,Loyal Customers,"Cross-sell, upsell, loyalty rewards",High
CUST00157,Customer 0157,Male,Jakarta,2025-05-14,DKI Jakarta,2025-11-08,54.0,14.0,8184300.0,3.0,4.0,4.0,344.0,11.0,Loyal Customers,"Cross-sell, upsell, loyalty rewards",High
CUST00158,Customer 0158,Female,Yogyakarta,2024-07-02,DI Yogyakarta,2024-12-10,387.0,3.0,846500.0,1.0,1.0,1.0,111.0,3.0,Hibernating,Low-cost re-engagement,Low
CUST00159,Customer 0159,Male,Yogyakarta,2024-10-10,DI Yogyakarta,2025-09-04,119.0,4.0,444550.0,2.0,1.0,1.0,211.0,4.0,Hibernating,Low-cost re-engagement,Low
CUST00160,Customer 0160,Female,Jakarta,2024-07-21,DKI Jakarta,2025-10-16,77.0,3.0,538200.0,2.0,1.0,1.0,211.0,4.0,Hibernating,Low-cost re-engagement,Low
CUST00161,Customer 0161,Male,Semarang,2025-05-02,Jawa Tengah,2025-06-20,195.0,2.0,312500.0,1.0,1.0,1.0,111.0,3.0,Hibernating,Low-cost re-engagement,Low
CUST00162,Customer 0162,Male,Jakarta,2025-02-08,DKI Jakarta,,,0.0,0.0,,,,,,Never Purchased,First-purchase conversion,Medium
CUST00163,Customer 0163,Female,Bandung,2024-03-20,Jawa Barat,2025-12-22,10.0,42.0,40664250.0,5.0,5.0,5.0,555.0,15.0,Champions,"Retain, VIP rewards, referral",High
CUST00164,Customer 0164,Female,Depok,2023-12-29,Jawa Barat,2025-10-23,70.0,14.0,3151850.0,3.0,4.0,3.0,343.0,10.0,Loyal Customers,"Cross-sell, upsell, loyalty rewards",High
CUST00165,Customer 0165,Female,Jakarta,2023-05-03,DKI Jakarta,2025-11-08,54.0,15.0,8669950.0,3.0,4.0,4.0,344.0,11.0,Loyal Customers,"Cross-sell, upsell, loyalty rewards",High
CUST00166,Customer 0166,Male,Semarang,2025-01-11,Jawa Tengah,2025-10-01,92.0,33.0,15840400.0,2.0,5.0,5.0,255.0,12.0,At Risk,Win-back and reactivation,High
CUST00167,Customer 0167,Female,Semarang,2024-11-10,Jawa Tengah,2025-05-03,243.0,4.0,2828550.0,1.0,1.0,2.0,112.0,4.0,Hibernating,Low-cost re-engagement,Low
CUST00168,Customer 0168,Male,Surabaya,2024-02-24,Jawa Timur,2025-06-20,195.0,1.0,499500.0,1.0,1.0,1.0,111.0,3.0,Hibernating,Low-cost re-engagement,Low
CUST00169,Customer 0169,Male,Jakarta,2023-04-02,DKI Jakarta,2025-12-22,10.0,14.0,8327950.0,5.0,4.0,4.0,544.0,13.0,Champions,"Retain, VIP rewards, referral",High
CUST00170,Customer 0170,Female,Bandung,2023-03-04,Jawa Barat,,,0.0,0.0,,,,,,Never Purchased,First-purchase conversion,Medium
CUST00171,Customer 0171,Female,Bekasi,2024-05-26,Jawa Barat,2025-11-19,43.0,13.0,10837800.0,3.0,4.0,5.0,345.0,12.0,Loyal Customers,"Cross-sell, upsell, loyalty rewards",High
CUST00172,Customer 0172,Male,Makassar,2025-02-10,Sulawesi Selatan,,,0.0,0.0,,,,,,Never Purchased,First-purchase conversion,Medium
CUST00173,Customer 0173,Male,Tangerang,2023-09-13,Banten,2024-05-31,580.0,2.0,83800.0,1.0,1.0,1.0,111.0,3.0,Hibernating,Low-cost re-engagement,Low
CUST00174,Customer 0174,Female,Jakarta,2023-05-15,DKI Jakarta,2025-12-26,6.0,6.0,1657600.0,5.0,2.0,2.0,522.0,9.0,Potential Loyalists,Encourage repeat purchase,Medium
CUST00175,Customer 0175,Female,Tangerang,2025-05-24,Banten,2025-11-25,37.0,18.0,13358750.0,3.0,4.0,5.0,345.0,12.0,Loyal Customers,"Cross-sell, upsell, loyalty rewards",High
CUST00176,Customer 0176,Female,Surabaya,2025-04-01,Jawa Timur,2025-12-24,8.0,41.0,23446100.0,5.0,5.0,5.0,555.0,15.0,Champions,"Retain, VIP rewards, referral",High
CUST00177,Customer 0177,Male,Depok,2023-03-29,Jawa Barat,2025-12-30,2.0,13.0,7485100.0,5.0,4.0,4.0,544.0,13.0,Champions,"Retain, VIP rewards, referral",High
CUST00178,Customer 0178,Male,Jakarta,2025-09-14,DKI Jakarta,2025-09-19,104.0,6.0,1253800.0,2.0,2.0,2.0,222.0,6.0,Hibernating,Low-cost re-engagement,Low
CUST00179,Customer 0179,Male,Depok,2025-04-02,Jawa Barat,2025-11-29,33.0,26.0,14499500.0,4.0,5.0,5.0,455.0,14.0,Champions,"Retain, VIP rewards, referral",High
CUST00180,Customer 0180,Male,Bekasi,2025-10-23,Jawa Barat,2025-09-16,107.0,2.0,356850.0,2.0,1.0,1.0,211.0,4.0,Hibernating,Low-cost re-engagement,Low
CUST00181,Customer 0181,Male,Makassar,2025-08-31,Sulawesi Selatan,2025-09-04,119.0,3.0,582800.0,2.0,1.0,1.0,211.0,4.0,Hibernating,Low-cost re-engagement,Low
CUST00182,Customer 0182,Male,Bandung,2025-07-22,Jawa Barat,2025-06-28,187.0,8.0,5188950.0,1.0,3.0,3.0,133.0,7.0,At Risk,Win-back and reactivation,High
CUST00183,Customer 0183,Female,Tangerang,2023-05-01,Banten,2025-10-22,71.0,20.0,8818450.0,3.0,4.0,4.0,344.0,11.0,Loyal Customers,"Cross-sell, upsell, loyalty rewards",High
CUST00184,Customer 0184,Male,Medan,2025-11-27,Sumatera Utara,2025-10-17,76.0,10.0,8678250.0,2.0,3.0,4.0,234.0,9.0,At Risk,Win-back and reactivation,High
CUST00185,Customer 0185,Male,Jakarta,2025-10-04,DKI Jakarta,2025-09-15,108.0,9.0,3097150.0,2.0,3.0,3.0,233.0,8.0,At Risk,Win-back and reactivation,High
CUST00186,Customer 0186,Male,Medan,2025-07-13,Sumatera Utara,2025-12-18,14.0,7.0,2442050.0,4.0,2.0,2.0,422.0,8.0,Potential Loyalists,Encourage repeat purchase,Medium
CUST00187,Customer 0187,Female,Tangerang,2024-10-06,Banten,2025-10-02,91.0,15.0,5645900.0,2.0,4.0,3.0,243.0,9.0,At Risk,Win-back and reactivation,High
CUST00188,Customer 0188,Male,Jakarta,2024-12-14,DKI Jakarta,2025-11-23,39.0,4.0,3394600.0,3.0,1.0,3.0,313.0,7.0,Needs Attention,Personalized engagement,Medium
CUST00189,Customer 0189,Male,Bandung,2025-05-09,Jawa Barat,2024-01-17,715.0,1.0,86400.0,1.0,1.0,1.0,111.0,3.0,Hibernating,Low-cost re-engagement,Low
CUST00190,Customer 0190,Female,Tangerang,2023-01-21,Banten,2025-09-20,103.0,7.0,1607150.0,2.0,2.0,2.0,222.0,6.0,Hibernating,Low-cost re-engagement,Low
CUST00191,Customer 0191,Male,Jakarta,2023-08-30,DKI Jakarta,2025-12-08,24.0,32.0,15894200.0,4.0,5.0,5.0,455.0,14.0,Champions,"Retain, VIP rewards, referral",High
CUST00192,Customer 0192,Male,Bekasi,2024-03-30,Jawa Barat,2025-08-26,128.0,5.0,1666300.0,2.0,2.0,2.0,222.0,6.0,Hibernating,Low-cost re-engagement,Low
CUST00193,Customer 0193,Male,Bandung,2025-08-20,Jawa Barat,2025-08-10,144.0,3.0,1084350.0,2.0,1.0,1.0,211.0,4.0,Hibernating,Low-cost re-engagement,Low
CUST00194,Customer 0194,Male,Bekasi,2024-09-12,Jawa Barat,2025-12-13,19.0,8.0,2047650.0,4.0,3.0,2.0,432.0,9.0,Potential Loyalists,Encourage repeat purchase,Medium
CUST00195,Customer 0195,Male,Jakarta,2023-10-30,DKI Jakarta,2025-11-27,35.0,10.0,3537250.0,3.0,3.0,3.0,333.0,9.0,Needs Attention,Personalized engagement,Medium
CUST00196,Customer 0196,Female,Yogyakarta,2025-03-13,DI Yogyakarta,,,0.0,0.0,,,,,,Never Purchased,First-purchase conversion,Medium
CUST00197,Customer 0197,Female,Makassar,2025-08-21,Sulawesi Selatan,2025-12-20,12.0,20.0,8955050.0,5.0,4.0,4.0,544.0,13.0,Champions,"Retain, VIP rewards, referral",High
CUST00198,Customer 0198,Female,Makassar,2023-03-10,Sulawesi Selatan,2025-12-02,30.0,11.0,4251900.0,4.0,3.0,3.0,433.0,10.0,Potential Loyalists,Encourage repeat purchase,Medium
CUST00199,Customer 0199,Male,Depok,2023-07-15,Jawa Barat,2025-10-01,92.0,9.0,5402350.0,2.0,3.0,3.0,233.0,8.0,At Risk,Win-back and reactivation,High
CUST00200,Customer 0200,Male,Jakarta,2023-05-20,DKI Jakarta,2025-12-28,4.0,16.0,5072800.0,5.0,4.0,3.0,543.0,12.0,Loyal Customers,"Cross-sell, upsell, loyalty rewards",High
CUST00201,Customer 0201,Male,Depok,2023-10-10,Jawa Barat,2025-08-03,151.0,14.0,4178750.0,2.0,4.0,3.0,243.0,9.0,At Risk,Win-back and reactivation,High
CUST00202,Customer 0202,Female,Jakarta,2023-11-08,DKI Jakarta,2025-02-05,330.0,1.0,293400.0,1.0,1.0,1.0,111.0,3.0,Hibernating,Low-cost re-engagement,Low
CUST00203,Customer 0203,Male,Jakarta,2025-01-15,DKI Jakarta,2025-05-09,237.0,11.0,9057250.0,1.0,3.0,4.0,134.0,8.0,At Risk,Win-back and reactivation,High
CUST00204,Customer 0204,Male,Bandung,2023-10-04,Jawa Barat,2025-12-30,2.0,24.0,9780200.0,5.0,5.0,4.0,554.0,14.0,Champions,"Retain, VIP rewards, referral",High
CUST00205,Customer 0205,Female,Surabaya,2023-03-02,Jawa Timur,2025-03-27,280.0,5.0,505900.0,1.0,2.0,1.0,121.0,4.0,Hibernating,Low-cost re-engagement,Low
CUST00206,Customer 0206,Male,Depok,2023-02-21,Jawa Barat,2025-11-08,54.0,8.0,2846400.0,3.0,3.0,2.0,332.0,8.0,Needs Attention,Personalized engagement,Medium
CUST00207,Customer 0207,Female,Tangerang,2023-06-02,Banten,2025-10-17,76.0,7.0,6941350.0,2.0,2.0,4.0,224.0,8.0,Needs Attention,Personalized engagement,Medium
CUST00208,Customer 0208,Female,Surabaya,2024-06-27,Jawa Timur,2025-12-24,8.0,21.0,5706800.0,5.0,4.0,4.0,544.0,13.0,Champions,"Retain, VIP rewards, referral",High
CUST00209,Customer 0209,Female,Jakarta,2024-07-20,DKI Jakarta,2025-12-21,11.0,3.0,1192200.0,5.0,1.0,1.0,511.0,7.0,New Customers,Welcome and second-purchase campaign,Medium
CUST00210,Customer 0210,Male,Makassar,2024-09-13,Sulawesi Selatan,2025-12-25,7.0,11.0,4640000.0,5.0,3.0,3.0,533.0,11.0,Potential Loyalists,Encourage repeat purchase,Medium
CUST00211,Customer 0211,Male,Surabaya,2023-11-10,Jawa Timur,2025-10-31,62.0,5.0,1858100.0,3.0,2.0,2.0,322.0,7.0,Needs Attention,Personalized engagement,Medium
CUST00212,Customer 0212,Male,Surabaya,2025-03-17,Jawa Timur,2025-12-29,3.0,32.0,10500200.0,5.0,5.0,4.0,554.0,14.0,Champions,"Retain, VIP rewards, referral",High
CUST00213,Customer 0213,Male,Jakarta,2025-04-27,DKI Jakarta,2025-05-29,217.0,3.0,485900.0,1.0,1.0,1.0,111.0,3.0,Hibernating,Low-cost re-engagement,Low
CUST00214,Customer 0214,Male,Semarang,2023-04-07,Jawa Tengah,,,0.0,0.0,,,,,,Never Purchased,First-purchase conversion,Medium
CUST00215,Customer 0215,Male,Tangerang,2025-05-30,Banten,2025-12-24,8.0,17.0,9452600.0,5.0,4.0,4.0,544.0,13.0,Champions,"Retain, VIP rewards, referral",High
CUST00216,Customer 0216,Male,Jakarta,2025-04-08,DKI Jakarta,2025-10-13,80.0,12.0,1783400.0,2.0,3.0,2.0,232.0,7.0,At Risk,Win-back and reactivation,High
CUST00217,Customer 0217,Female,Jakarta,2023-05-17,DKI Jakarta,2025-12-21,11.0,13.0,6269850.0,5.0,4.0,4.0,544.0,13.0,Champions,"Retain, VIP rewards, referral",High
CUST00218,Customer 0218,Male,Tangerang,2025-10-26,Banten,2025-12-24,8.0,22.0,8353850.0,5.0,5.0,4.0,554.0,14.0,Champions,"Retain, VIP rewards, referral",High
CUST00219,Customer 0219,Female,Tangerang,2025-10-07,Banten,,,0.0,0.0,,,,,,Never Purchased,First-purchase conversion,Medium
CUST00220,Customer 0220,Male,Jakarta,2023-04-19,DKI Jakarta,2025-06-20,195.0,2.0,647400.0,1.0,1.0,1.0,111.0,3.0,Hibernating,Low-cost re-engagement,Low
CUST00221,Customer 0221,Male,Makassar,2024-06-30,Sulawesi Selatan,2025-11-05,57.0,10.0,4274650.0,3.0,3.0,3.0,333.0,9.0,Needs Attention,Personalized engagement,Medium
CUST00222,Customer 0222,Male,Jakarta,2025-11-28,DKI Jakarta,2025-11-30,32.0,6.0,11858500.0,4.0,2.0,5.0,425.0,11.0,Potential Loyalists,Encourage repeat purchase,Medium
CUST00223,Customer 0223,Female,Surabaya,2024-10-23,Jawa Timur,2025-09-28,95.0,11.0,6247750.0,2.0,3.0,4.0,234.0,9.0,At Risk,Win-back and reactivation,High
CUST00224,Customer 0224,Female,Medan,2024-02-29,Sumatera Utara,,,0.0,0.0,,,,,,Never Purchased,First-purchase conversion,Medium
CUST00225,Customer 0225,Female,Bandung,2024-09-21,Jawa Barat,2025-09-12,111.0,4.0,3505650.0,2.0,1.0,3.0,213.0,6.0,Needs Attention,Personalized engagement,Medium
CUST00226,Customer 0226,Female,Tangerang,2023-09-18,Banten,2025-12-25,7.0,28.0,7305550.0,5.0,5.0,4.0,554.0,14.0,Champions,"Retain, VIP rewards, referral",High
CUST00227,Customer 0227,Male,Bandung,2023-03-28,Jawa Barat,2024-12-15,382.0,2.0,388800.0,1.0,1.0,1.0,111.0,3.0,Hibernating,Low-cost re-engagement,Low
CUST00228,Customer 0228,Female,Jakarta,2024-04-09,DKI Jakarta,2025-10-30,63.0,6.0,1042050.0,3.0,2.0,1.0,321.0,6.0,Needs Attention,Personalized engagement,Medium
CUST00229,Customer 0229,Male,Makassar,2023-03-17,Sulawesi Selatan,2025-12-22,10.0,15.0,2611900.0,5.0,4.0,2.0,542.0,11.0,Loyal Customers,"Cross-sell, upsell, loyalty rewards",High
CUST00230,Customer 0230,Male,Bandung,2024-04-15,Jawa Barat,2025-12-29,3.0,24.0,12966150.0,5.0,5.0,5.0,555.0,15.0,Champions,"Retain, VIP rewards, referral",High
CUST00231,Customer 0231,Female,Yogyakarta,2024-02-18,DI Yogyakarta,2025-12-27,5.0,12.0,5811250.0,5.0,3.0,4.0,534.0,12.0,Potential Loyalists,Encourage repeat purchase,Medium
CUST00232,Customer 0232,Female,Jakarta,2025-04-04,DKI Jakarta,2025-12-25,7.0,5.0,960500.0,5.0,2.0,1.0,521.0,8.0,Potential Loyalists,Encourage repeat purchase,Medium
CUST00233,Customer 0233,Female,Jakarta,2025-06-13,DKI Jakarta,2025-07-15,170.0,3.0,268050.0,1.0,1.0,1.0,111.0,3.0,Hibernating,Low-cost re-engagement,Low
CUST00234,Customer 0234,Female,Jakarta,2024-12-26,DKI Jakarta,2025-11-18,44.0,37.0,15472050.0,3.0,5.0,5.0,355.0,13.0,Loyal Customers,"Cross-sell, upsell, loyalty rewards",High
CUST00235,Customer 0235,Female,Tangerang,2024-04-01,Banten,2025-12-31,1.0,27.0,22967400.0,5.0,5.0,5.0,555.0,15.0,Champions,"Retain, VIP rewards, referral",High
CUST00236,Customer 0236,Female,Bandung,2024-10-14,Jawa Barat,2025-03-13,294.0,6.0,2740100.0,1.0,2.0,2.0,122.0,5.0,Hibernating,Low-cost re-engagement,Low
CUST00237,Customer 0237,Female,Yogyakarta,2024-11-02,DI Yogyakarta,2025-12-28,4.0,29.0,6677500.0,5.0,5.0,4.0,554.0,14.0,Champions,"Retain, VIP rewards, referral",High
CUST00238,Customer 0238,Female,Surabaya,2024-05-09,Jawa Timur,,,0.0,0.0,,,,,,Never Purchased,First-purchase conversion,Medium
CUST00239,Customer 0239,Male,Bandung,2025-12-04,Jawa Barat,,,0.0,0.0,,,,,,Never Purchased,First-purchase conversion,Medium
CUST00240,Customer 0240,Female,Jakarta,2024-08-19,DKI Jakarta,2025-12-09,23.0,9.0,6490950.0,4.0,3.0,4.0,434.0,11.0,Potential Loyalists,Encourage repeat purchase,Medium
CUST00241,Customer 0241,Female,Yogyakarta,2024-03-25,DI Yogyakarta,2025-12-31,1.0,12.0,2607400.0,5.0,3.0,2.0,532.0,10.0,Potential Loyalists,Encourage repeat purchase,Medium
CUST00242,Customer 0242,Male,Depok,2024-04-29,Jawa Barat,,,0.0,0.0,,,,,,Never Purchased,First-purchase conversion,Medium
CUST00243,Customer 0243,Female,Depok,2024-10-07,Jawa Barat,2025-12-04,28.0,16.0,5026750.0,4.0,4.0,3.0,443.0,11.0,Loyal Customers,"Cross-sell, upsell, loyalty rewards",High
CUST00244,Customer 0244,Male,Semarang,2024-09-11,Jawa Tengah,2024-09-11,477.0,1.0,162000.0,1.0,1.0,1.0,111.0,3.0,Hibernating,Low-cost re-engagement,Low
CUST00245,Customer 0245,Male,Depok,2025-11-07,Jawa Barat,2025-11-01,61.0,13.0,3653350.0,3.0,4.0,3.0,343.0,10.0,Loyal Customers,"Cross-sell, upsell, loyalty rewards",High
CUST00246,Customer 0246,Female,Bekasi,2024-10-23,Jawa Barat,2025-12-20,12.0,15.0,3039000.0,5.0,4.0,3.0,543.0,12.0,Loyal Customers,"Cross-sell, upsell, loyalty rewards",High
CUST00247,Customer 0247,Male,Jakarta,2025-01-27,DKI Jakarta,2025-12-16,16.0,11.0,14579900.0,4.0,3.0,5.0,435.0,12.0,Potential Loyalists,Encourage repeat purchase,Medium
CUST00248,Customer 0248,Male,Jakarta,2023-10-16,DKI Jakarta,2024-01-15,717.0,1.0,168000.0,1.0,1.0,1.0,111.0,3.0,Hibernating,Low-cost re-engagement,Low
CUST00249,Customer 0249,Male,Medan,2024-12-21,Sumatera Utara,2025-12-18,14.0,28.0,12946700.0,4.0,5.0,5.0,455.0,14.0,Champions,"Retain, VIP rewards, referral",High
CUST00250,Customer 0250,Male,Bekasi,2024-09-29,Jawa Barat,2025-09-29,94.0,2.0,857000.0,2.0,1.0,1.0,211.0,4.0,Hibernating,Low-cost re-engagement,Low
CUST00251,Customer 0251,Female,Semarang,2023-08-23,Jawa Tengah,2025-08-26,128.0,3.0,1288400.0,2.0,1.0,2.0,212.0,5.0,Hibernating,Low-cost re-engagement,Low
CUST00252,Customer 0252,Male,Surabaya,2024-02-20,Jawa Timur,2025-06-26,189.0,5.0,665800.0,1.0,2.0,1.0,121.0,4.0,Hibernating,Low-cost re-engagement,Low
CUST00253,Customer 0253,Female,Jakarta,2025-07-26,DKI Jakarta,2025-12-06,26.0,15.0,3827050.0,4.0,4.0,3.0,443.0,11.0,Loyal Customers,"Cross-sell, upsell, loyalty rewards",High
CUST00254,Customer 0254,Male,Jakarta,2024-05-13,DKI Jakarta,2025-04-09,267.0,6.0,4135500.0,1.0,2.0,3.0,123.0,6.0,Needs Attention,Personalized engagement,Medium
CUST00255,Customer 0255,Male,Tangerang,2025-08-31,Banten,,,0.0,0.0,,,,,,Never Purchased,First-purchase conversion,Medium
CUST00256,Customer 0256,Male,Surabaya,2024-09-25,Jawa Timur,2025-12-09,23.0,17.0,5029400.0,4.0,4.0,3.0,443.0,11.0,Loyal Customers,"Cross-sell, upsell, loyalty rewards",High
CUST00257,Customer 0257,Male,Jakarta,2025-10-16,DKI Jakarta,2025-11-04,58.0,7.0,1173400.0,3.0,2.0,1.0,321.0,6.0,Needs Attention,Personalized engagement,Medium
CUST00258,Customer 0258,Female,Surabaya,2023-04-25,Jawa Timur,2025-12-02,30.0,28.0,16294050.0,4.0,5.0,5.0,455.0,14.0,Champions,"Retain, VIP rewards, referral",High
CUST00259,Customer 0259,Female,Jakarta,2025-07-20,DKI Jakarta,2025-11-09,53.0,14.0,15160000.0,3.0,4.0,5.0,345.0,12.0,Loyal Customers,"Cross-sell, upsell, loyalty rewards",High
CUST00260,Customer 0260,Male,Bekasi,2024-11-04,Jawa Barat,2025-11-28,34.0,2.0,144500.0,4.0,1.0,1.0,411.0,6.0,Needs Attention,Personalized engagement,Medium
CUST00261,Customer 0261,Male,Jakarta,2025-10-31,DKI Jakarta,,,0.0,0.0,,,,,,Never Purchased,First-purchase conversion,Medium
CUST00262,Customer 0262,Female,Semarang,2023-07-25,Jawa Tengah,2025-09-22,101.0,8.0,7212700.0,2.0,3.0,4.0,234.0,9.0,At Risk,Win-back and reactivation,High
CUST00263,Customer 0263,Male,Bandung,2023-09-04,Jawa Barat,2024-06-20,560.0,2.0,1811700.0,1.0,1.0,2.0,112.0,4.0,Hibernating,Low-cost re-engagement,Low
CUST00264,Customer 0264,Male,Surabaya,2025-01-27,Jawa Timur,2025-09-22,101.0,12.0,16761050.0,2.0,3.0,5.0,235.0,10.0,At Risk,Win-back and reactivation,High
CUST00265,Customer 0265,Male,Jakarta,2023-05-27,DKI Jakarta,2025-07-06,179.0,4.0,1045600.0,1.0,1.0,1.0,111.0,3.0,Hibernating,Low-cost re-engagement,Low
CUST00266,Customer 0266,Female,Jakarta,2023-04-28,DKI Jakarta,2025-11-11,51.0,14.0,7931600.0,3.0,4.0,4.0,344.0,11.0,Loyal Customers,"Cross-sell, upsell, loyalty rewards",High
CUST00267,Customer 0267,Female,Bandung,2024-02-16,Jawa Barat,2025-12-04,28.0,10.0,5304900.0,4.0,3.0,3.0,433.0,10.0,Potential Loyalists,Encourage repeat purchase,Medium
CUST00268,Customer 0268,Female,Surabaya,2023-12-29,Jawa Timur,,,0.0,0.0,,,,,,Never Purchased,First-purchase conversion,Medium
CUST00269,Customer 0269,Male,Bekasi,2023-05-17,Jawa Barat,2025-11-22,40.0,3.0,1521050.0,3.0,1.0,2.0,312.0,6.0,Needs Attention,Personalized engagement,Medium
CUST00270,Customer 0270,Male,Bandung,2025-08-15,Jawa Barat,2025-03-05,302.0,1.0,158100.0,1.0,1.0,1.0,111.0,3.0,Hibernating,Low-cost re-engagement,Low
CUST00271,Customer 0271,Female,Tangerang,2023-01-19,Banten,2025-12-25,7.0,27.0,14547050.0,5.0,5.0,5.0,555.0,15.0,Champions,"Retain, VIP rewards, referral",High
CUST00272,Customer 0272,Female,Yogyakarta,2023-07-14,DI Yogyakarta,2025-12-25,7.0,14.0,11605900.0,5.0,4.0,5.0,545.0,14.0,Champions,"Retain, VIP rewards, referral",High
CUST00273,Customer 0273,Female,Depok,2023-11-26,Jawa Barat,,,0.0,0.0,,,,,,Never Purchased,First-purchase conversion,Medium
CUST00274,Customer 0274,Female,Jakarta,2023-06-24,DKI Jakarta,2025-12-06,26.0,43.0,16686200.0,4.0,5.0,5.0,455.0,14.0,Champions,"Retain, VIP rewards, referral",High
CUST00275,Customer 0275,Male,Surabaya,2025-09-28,Jawa Timur,2025-05-12,234.0,3.0,1233600.0,1.0,1.0,2.0,112.0,4.0,Hibernating,Low-cost re-engagement,Low
CUST00276,Customer 0276,Female,Jakarta,2024-03-24,DKI Jakarta,2025-04-11,265.0,3.0,2378900.0,1.0,1.0,2.0,112.0,4.0,Hibernating,Low-cost re-engagement,Low
CUST00277,Customer 0277,Male,Jakarta,2025-08-03,DKI Jakarta,2025-11-08,54.0,5.0,3718050.0,3.0,2.0,3.0,323.0,8.0,Needs Attention,Personalized engagement,Medium
CUST00278,Customer 0278,Female,Makassar,2023-05-21,Sulawesi Selatan,2025-12-26,6.0,9.0,7636950.0,5.0,3.0,4.0,534.0,12.0,Potential Loyalists,Encourage repeat purchase,Medium
CUST00279,Customer 0279,Male,Jakarta,2025-01-27,DKI Jakarta,2025-08-12,142.0,18.0,5022800.0,2.0,4.0,3.0,243.0,9.0,At Risk,Win-back and reactivation,High
CUST00280,Customer 0280,Female,Surabaya,2025-07-18,Jawa Timur,2025-12-24,8.0,9.0,3876500.0,5.0,3.0,3.0,533.0,11.0,Potential Loyalists,Encourage repeat purchase,Medium
CUST00281,Customer 0281,Female,Bekasi,2023-04-03,Jawa Barat,2025-10-26,67.0,9.0,2302550.0,3.0,3.0,2.0,332.0,8.0,Needs Attention,Personalized engagement,Medium
CUST00282,Customer 0282,Female,Tangerang,2023-08-27,Banten,2025-08-20,134.0,9.0,2231400.0,2.0,3.0,2.0,232.0,7.0,At Risk,Win-back and reactivation,High
CUST00283,Customer 0283,Female,Bekasi,2023-07-24,Jawa Barat,2025-12-26,6.0,4.0,984000.0,5.0,1.0,1.0,511.0,7.0,New Customers,Welcome and second-purchase campaign,Medium
CUST00284,Customer 0284,Male,Jakarta,2024-07-13,DKI Jakarta,2025-09-11,112.0,4.0,1460250.0,2.0,1.0,2.0,212.0,5.0,Hibernating,Low-cost re-engagement,Low
CUST00285,Customer 0285,Female,Bandung,2023-09-02,Jawa Barat,2025-12-20,12.0,3.0,192750.0,5.0,1.0,1.0,511.0,7.0,New Customers,Welcome and second-purchase campaign,Medium
CUST00286,Customer 0286,Male,Surabaya,2025-04-11,Jawa Timur,2025-11-09,53.0,31.0,18300150.0,3.0,5.0,5.0,355.0,13.0,Loyal Customers,"Cross-sell, upsell, loyalty rewards",High
CUST00287,Customer 0287,Male,Jakarta,2025-07-13,DKI Jakarta,2025-05-12,234.0,3.0,311600.0,1.0,1.0,1.0,111.0,3.0,Hibernating,Low-cost re-engagement,Low
CUST00288,Customer 0288,Male,Jakarta,2023-10-22,DKI Jakarta,2025-12-04,28.0,24.0,15397600.0,4.0,5.0,5.0,455.0,14.0,Champions,"Retain, VIP rewards, referral",High
CUST00289,Customer 0289,Male,Jakarta,2024-10-01,DKI Jakarta,2025-12-09,23.0,9.0,4758050.0,4.0,3.0,3.0,433.0,10.0,Potential Loyalists,Encourage repeat purchase,Medium
CUST00290,Customer 0290,Female,Jakarta,2025-05-05,DKI Jakarta,2025-12-31,1.0,12.0,3026300.0,5.0,3.0,2.0,532.0,10.0,Potential Loyalists,Encourage repeat purchase,Medium
CUST00291,Customer 0291,Male,Bandung,2023-01-17,Jawa Barat,2025-10-29,64.0,13.0,3823500.0,3.0,4.0,3.0,343.0,10.0,Loyal Customers,"Cross-sell, upsell, loyalty rewards",High
CUST00292,Customer 0292,Male,Jakarta,2023-03-12,DKI Jakarta,2025-11-21,41.0,7.0,3010150.0,3.0,2.0,2.0,322.0,7.0,Needs Attention,Personalized engagement,Medium
CUST00293,Customer 0293,Male,Bekasi,2023-11-01,Jawa Barat,2024-09-26,462.0,2.0,984100.0,1.0,1.0,1.0,111.0,3.0,Hibernating,Low-cost re-engagement,Low
CUST00294,Customer 0294,Female,Tangerang,2025-10-27,Banten,2025-11-26,36.0,21.0,7314550.0,3.0,4.0,4.0,344.0,11.0,Loyal Customers,"Cross-sell, upsell, loyalty rewards",High
CUST00295,Customer 0295,Female,Semarang,2025-03-27,Jawa Tengah,2025-11-05,57.0,12.0,3788850.0,3.0,3.0,3.0,333.0,9.0,Needs Attention,Personalized engagement,Medium
CUST00296,Customer 0296,Female,Jakarta,2025-03-31,DKI Jakarta,2025-11-16,46.0,2.0,427600.0,3.0,1.0,1.0,311.0,5.0,Needs Attention,Personalized engagement,Medium
CUST00297,Customer 0297,Female,Jakarta,2023-07-12,DKI Jakarta,2025-12-18,14.0,36.0,17153100.0,4.0,5.0,5.0,455.0,14.0,Champions,"Retain, VIP rewards, referral",High
CUST00298,Customer 0298,Male,Jakarta,2024-06-12,DKI Jakarta,2025-08-21,133.0,14.0,3024850.0,2.0,4.0,2.0,242.0,8.0,At Risk,Win-back and reactivation,High
CUST00299,Customer 0299,Male,Tangerang,2023-06-20,Banten,,,0.0,0.0,,,,,,Never Purchased,First-purchase conversion,Medium
CUST00300,Customer 0300,Female,Tangerang,2023-09-08,Banten,2025-02-19,316.0,5.0,5695800.0,1.0,2.0,4.0,124.0,7.0,Needs Attention,Personalized engagement,Medium
CUST00301,Customer 0301,Male,Jakarta,2024-06-24,DKI Jakarta,2025-12-03,29.0,26.0,18835800.0,4.0,5.0,5.0,455.0,14.0,Champions,"Retain, VIP rewards, referral",High
CUST00302,Customer 0302,Male,Medan,2024-02-20,Sumatera Utara,2025-07-02,183.0,12.0,11639150.0,1.0,3.0,5.0,135.0,9.0,At Risk,Win-back and reactivation,High
CUST00303,Customer 0303,Male,Jakarta,2025-03-04,DKI Jakarta,2025-10-06,87.0,10.0,3648400.0,2.0,3.0,3.0,233.0,8.0,At Risk,Win-back and reactivation,High
CUST00304,Customer 0304,Female,Bekasi,2023-01-25,Jawa Barat,2025-11-06,56.0,19.0,12279450.0,3.0,4.0,5.0,345.0,12.0,Loyal Customers,"Cross-sell, upsell, loyalty rewards",High
CUST00305,Customer 0305,Female,Tangerang,2024-10-29,Banten,2025-12-21,11.0,13.0,4513200.0,5.0,4.0,3.0,543.0,12.0,Loyal Customers,"Cross-sell, upsell, loyalty rewards",High
CUST00306,Customer 0306,Male,Yogyakarta,2024-09-23,DI Yogyakarta,2025-09-15,108.0,15.0,2698900.0,2.0,4.0,2.0,242.0,8.0,At Risk,Win-back and reactivation,High
CUST00307,Customer 0307,Female,Tangerang,2024-05-19,Banten,2025-12-17,15.0,15.0,9005700.0,4.0,4.0,4.0,444.0,12.0,Champions,"Retain, VIP rewards, referral",High
CUST00308,Customer 0308,Female,Semarang,2023-12-02,Jawa Tengah,2025-12-30,2.0,5.0,814950.0,5.0,2.0,1.0,521.0,8.0,Potential Loyalists,Encourage repeat purchase,Medium
CUST00309,Customer 0309,Female,Bandung,2024-02-29,Jawa Barat,2025-11-10,52.0,4.0,853950.0,3.0,1.0,1.0,311.0,5.0,Needs Attention,Personalized engagement,Medium
CUST00310,Customer 0310,Female,Semarang,2024-05-13,Jawa Tengah,2024-06-09,571.0,2.0,1120800.0,1.0,1.0,1.0,111.0,3.0,Hibernating,Low-cost re-engagement,Low
CUST00311,Customer 0311,Female,Jakarta,2025-08-04,DKI Jakarta,2025-07-07,178.0,4.0,1137250.0,1.0,1.0,1.0,111.0,3.0,Hibernating,Low-cost re-engagement,Low
CUST00312,Customer 0312,Male,Yogyakarta,2024-09-21,DI Yogyakarta,2025-10-05,88.0,7.0,3098750.0,2.0,2.0,3.0,223.0,7.0,Needs Attention,Personalized engagement,Medium
CUST00313,Customer 0313,Female,Bekasi,2024-12-18,Jawa Barat,2025-11-25,37.0,10.0,9345200.0,3.0,3.0,4.0,334.0,10.0,Needs Attention,Personalized engagement,Medium
CUST00314,Customer 0314,Male,Semarang,2023-12-05,Jawa Tengah,2025-12-01,31.0,33.0,15944750.0,4.0,5.0,5.0,455.0,14.0,Champions,"Retain, VIP rewards, referral",High
CUST00315,Customer 0315,Male,Surabaya,2024-10-20,Jawa Timur,2025-10-16,77.0,12.0,4047800.0,2.0,3.0,3.0,233.0,8.0,At Risk,Win-back and reactivation,High
CUST00316,Customer 0316,Female,Tangerang,2025-08-19,Banten,2025-10-29,64.0,12.0,6919350.0,3.0,3.0,4.0,334.0,10.0,Needs Attention,Personalized engagement,Medium
CUST00317,Customer 0317,Male,Surabaya,2024-03-04,Jawa Timur,2025-01-31,335.0,1.0,410000.0,1.0,1.0,1.0,111.0,3.0,Hibernating,Low-cost re-engagement,Low
CUST00318,Customer 0318,Male,Depok,2025-06-17,Jawa Barat,2025-12-14,18.0,8.0,1774700.0,4.0,3.0,2.0,432.0,9.0,Potential Loyalists,Encourage repeat purchase,Medium
CUST00319,Customer 0319,Male,Jakarta,2023-05-19,DKI Jakarta,2025-12-04,28.0,38.0,17787250.0,4.0,5.0,5.0,455.0,14.0,Champions,"Retain, VIP rewards, referral",High
CUST00320,Customer 0320,Female,Jakarta,2025-07-30,DKI Jakarta,2025-12-22,10.0,38.0,9068750.0,5.0,5.0,4.0,554.0,14.0,Champions,"Retain, VIP rewards, referral",High
CUST00321,Customer 0321,Female,Jakarta,2024-06-25,DKI Jakarta,2025-12-10,22.0,8.0,2578950.0,4.0,3.0,2.0,432.0,9.0,Potential Loyalists,Encourage repeat purchase,Medium
CUST00322,Customer 0322,Male,Jakarta,2023-02-26,DKI Jakarta,,,0.0,0.0,,,,,,Never Purchased,First-purchase conversion,Medium
CUST00323,Customer 0323,Female,Yogyakarta,2024-10-19,DI Yogyakarta,2025-12-25,7.0,4.0,3088650.0,5.0,1.0,3.0,513.0,9.0,New Customers,Welcome and second-purchase campaign,Medium
CUST00324,Customer 0324,Female,Jakarta,2024-03-10,DKI Jakarta,2025-11-23,39.0,36.0,17262850.0,3.0,5.0,5.0,355.0,13.0,Loyal Customers,"Cross-sell, upsell, loyalty rewards",High
CUST00325,Customer 0325,Female,Makassar,2024-01-19,Sulawesi Selatan,2025-12-30,2.0,13.0,12485050.0,5.0,4.0,5.0,545.0,14.0,Champions,"Retain, VIP rewards, referral",High
CUST00326,Customer 0326,Female,Bandung,2024-07-13,Jawa Barat,2025-09-22,101.0,16.0,6325500.0,2.0,4.0,4.0,244.0,10.0,At Risk,Win-back and reactivation,High
CUST00327,Customer 0327,Male,Jakarta,2023-07-13,DKI Jakarta,2025-08-14,140.0,7.0,3491800.0,2.0,2.0,3.0,223.0,7.0,Needs Attention,Personalized engagement,Medium
CUST00328,Customer 0328,Male,Depok,2024-06-17,Jawa Barat,,,0.0,0.0,,,,,,Never Purchased,First-purchase conversion,Medium
CUST00329,Customer 0329,Female,Tangerang,2024-06-01,Banten,2025-12-08,24.0,8.0,10404900.0,4.0,3.0,4.0,434.0,11.0,Potential Loyalists,Encourage repeat purchase,Medium
CUST00330,Customer 0330,Female,Surabaya,2024-12-16,Jawa Timur,2025-12-23,9.0,20.0,4998550.0,5.0,4.0,3.0,543.0,12.0,Loyal Customers,"Cross-sell, upsell, loyalty rewards",High
CUST00331,Customer 0331,Male,Bekasi,2025-01-20,Jawa Barat,2025-04-02,274.0,3.0,1873700.0,1.0,1.0,2.0,112.0,4.0,Hibernating,Low-cost re-engagement,Low
CUST00332,Customer 0332,Male,Tangerang,2023-07-04,Banten,2025-11-29,33.0,24.0,13682000.0,4.0,5.0,5.0,455.0,14.0,Champions,"Retain, VIP rewards, referral",High
CUST00333,Customer 0333,Female,Jakarta,2023-10-19,DKI Jakarta,2024-10-26,432.0,2.0,208000.0,1.0,1.0,1.0,111.0,3.0,Hibernating,Low-cost re-engagement,Low
CUST00334,Customer 0334,Male,Makassar,2025-01-01,Sulawesi Selatan,2025-12-29,3.0,21.0,17817350.0,5.0,4.0,5.0,545.0,14.0,Champions,"Retain, VIP rewards, referral",High
CUST00335,Customer 0335,Female,Makassar,2023-04-26,Sulawesi Selatan,2025-12-30,2.0,7.0,2081050.0,5.0,2.0,2.0,522.0,9.0,Potential Loyalists,Encourage repeat purchase,Medium
CUST00336,Customer 0336,Female,Tangerang,2025-04-04,Banten,2025-05-01,245.0,2.0,400050.0,1.0,1.0,1.0,111.0,3.0,Hibernating,Low-cost re-engagement,Low
CUST00337,Customer 0337,Male,Jakarta,2025-12-08,DKI Jakarta,2025-12-03,29.0,7.0,6026950.0,4.0,2.0,4.0,424.0,10.0,Potential Loyalists,Encourage repeat purchase,Medium
CUST00338,Customer 0338,Male,Tangerang,2024-11-15,Banten,2025-10-05,88.0,8.0,2597150.0,2.0,3.0,2.0,232.0,7.0,At Risk,Win-back and reactivation,High
CUST00339,Customer 0339,Female,Jakarta,2023-03-23,DKI Jakarta,2025-10-27,66.0,8.0,3353400.0,3.0,3.0,3.0,333.0,9.0,Needs Attention,Personalized engagement,Medium
CUST00340,Customer 0340,Female,Jakarta,2025-04-13,DKI Jakarta,2025-07-12,173.0,12.0,7281750.0,1.0,3.0,4.0,134.0,8.0,At Risk,Win-back and reactivation,High
CUST00341,Customer 0341,Male,Jakarta,2023-11-29,DKI Jakarta,2025-12-25,7.0,40.0,15237200.0,5.0,5.0,5.0,555.0,15.0,Champions,"Retain, VIP rewards, referral",High
CUST00342,Customer 0342,Female,Surabaya,2024-07-10,Jawa Timur,2025-12-11,21.0,26.0,10436750.0,4.0,5.0,4.0,454.0,13.0,Champions,"Retain, VIP rewards, referral",High
CUST00343,Customer 0343,Male,Yogyakarta,2023-12-01,DI Yogyakarta,2025-12-20,12.0,24.0,9997550.0,5.0,5.0,4.0,554.0,14.0,Champions,"Retain, VIP rewards, referral",High
CUST00344,Customer 0344,Female,Depok,2024-06-15,Jawa Barat,2025-11-06,56.0,6.0,3633500.0,3.0,2.0,3.0,323.0,8.0,Needs Attention,Personalized engagement,Medium
CUST00345,Customer 0345,Male,Depok,2023-08-09,Jawa Barat,2025-11-24,38.0,28.0,13112550.0,3.0,5.0,5.0,355.0,13.0,Loyal Customers,"Cross-sell, upsell, loyalty rewards",High
CUST00346,Customer 0346,Male,Surabaya,2024-09-26,Jawa Timur,2025-12-19,13.0,36.0,11954550.0,5.0,5.0,5.0,555.0,15.0,Champions,"Retain, VIP rewards, referral",High
CUST00347,Customer 0347,Male,Bandung,2023-11-19,Jawa Barat,2025-11-27,35.0,3.0,1569600.0,3.0,1.0,2.0,312.0,6.0,Needs Attention,Personalized engagement,Medium
CUST00348,Customer 0348,Female,Bandung,2023-01-03,Jawa Barat,2025-12-31,1.0,14.0,3959200.0,5.0,4.0,3.0,543.0,12.0,Loyal Customers,"Cross-sell, upsell, loyalty rewards",High
CUST00349,Customer 0349,Female,Makassar,2023-07-25,Sulawesi Selatan,2025-11-21,41.0,14.0,8947200.0,3.0,4.0,4.0,344.0,11.0,Loyal Customers,"Cross-sell, upsell, loyalty rewards",High
CUST00350,Customer 0350,Male,Jakarta,2023-02-09,DKI Jakarta,2025-10-04,89.0,4.0,1642300.0,2.0,1.0,2.0,212.0,5.0,Hibernating,Low-cost re-engagement,Low
CUST00351,Customer 0351,Female,Yogyakarta,2023-02-28,DI Yogyakarta,2025-11-23,39.0,13.0,2517450.0,3.0,4.0,2.0,342.0,9.0,Loyal Customers,"Cross-sell, upsell, loyalty rewards",High
CUST00352,Customer 0352,Male,Bekasi,2025-08-08,Jawa Barat,2025-12-05,27.0,15.0,5685250.0,4.0,4.0,3.0,443.0,11.0,Loyal Customers,"Cross-sell, upsell, loyalty rewards",High
CUST00353,Customer 0353,Male,Surabaya,2024-07-27,Jawa Timur,2025-09-29,94.0,7.0,8321700.0,2.0,2.0,4.0,224.0,8.0,Needs Attention,Personalized engagement,Medium
CUST00354,Customer 0354,Female,Depok,2024-10-05,Jawa Barat,2025-11-28,34.0,24.0,9465600.0,4.0,5.0,4.0,454.0,13.0,Champions,"Retain, VIP rewards, referral",High
CUST00355,Customer 0355,Female,Surabaya,2025-04-22,Jawa Timur,2025-05-31,215.0,2.0,5469700.0,1.0,1.0,3.0,113.0,5.0,Needs Attention,Personalized engagement,Medium
CUST00356,Customer 0356,Male,Yogyakarta,2024-09-10,DI Yogyakarta,2025-12-20,12.0,9.0,2675200.0,5.0,3.0,2.0,532.0,10.0,Potential Loyalists,Encourage repeat purchase,Medium
CUST00357,Customer 0357,Female,Medan,2023-04-06,Sumatera Utara,2025-11-05,57.0,17.0,8209500.0,3.0,4.0,4.0,344.0,11.0,Loyal Customers,"Cross-sell, upsell, loyalty rewards",High
CUST00358,Customer 0358,Female,Surabaya,2025-06-16,Jawa Timur,2025-12-25,7.0,30.0,27221700.0,5.0,5.0,5.0,555.0,15.0,Champions,"Retain, VIP rewards, referral",High
CUST00359,Customer 0359,Male,Jakarta,2025-12-21,DKI Jakarta,2025-12-31,1.0,28.0,15847350.0,5.0,5.0,5.0,555.0,15.0,Champions,"Retain, VIP rewards, referral",High
CUST00360,Customer 0360,Male,Bekasi,2024-07-14,Jawa Barat,2025-12-24,8.0,9.0,9493800.0,5.0,3.0,4.0,534.0,12.0,Potential Loyalists,Encourage repeat purchase,Medium
CUST00361,Customer 0361,Female,Medan,2025-06-23,Sumatera Utara,2025-10-16,77.0,5.0,1177950.0,2.0,2.0,1.0,221.0,5.0,Hibernating,Low-cost re-engagement,Low
CUST00362,Customer 0362,Male,Jakarta,2023-12-14,DKI Jakarta,2025-11-30,32.0,8.0,4434450.0,4.0,3.0,3.0,433.0,10.0,Potential Loyalists,Encourage repeat purchase,Medium
CUST00363,Customer 0363,Male,Bekasi,2024-11-01,Jawa Barat,2025-09-22,101.0,9.0,3587600.0,2.0,3.0,3.0,233.0,8.0,At Risk,Win-back and reactivation,High
CUST00364,Customer 0364,Female,Tangerang,2023-11-13,Banten,2024-03-04,668.0,1.0,530400.0,1.0,1.0,1.0,111.0,3.0,Hibernating,Low-cost re-engagement,Low
CUST00365,Customer 0365,Male,Depok,2024-12-19,Jawa Barat,2025-12-31,1.0,42.0,14140450.0,5.0,5.0,5.0,555.0,15.0,Champions,"Retain, VIP rewards, referral",High
CUST00366,Customer 0366,Male,Jakarta,2025-12-07,DKI Jakarta,2025-12-28,4.0,10.0,4163500.0,5.0,3.0,3.0,533.0,11.0,Potential Loyalists,Encourage repeat purchase,Medium
CUST00367,Customer 0367,Female,Tangerang,2023-09-07,Banten,2024-05-25,586.0,1.0,182400.0,1.0,1.0,1.0,111.0,3.0,Hibernating,Low-cost re-engagement,Low
CUST00368,Customer 0368,Female,Medan,2023-11-10,Sumatera Utara,2025-10-20,73.0,11.0,1755900.0,2.0,3.0,2.0,232.0,7.0,At Risk,Win-back and reactivation,High
CUST00369,Customer 0369,Male,Jakarta,2025-03-17,DKI Jakarta,2025-12-14,18.0,4.0,1698000.0,4.0,1.0,2.0,412.0,7.0,Needs Attention,Personalized engagement,Medium
CUST00370,Customer 0370,Male,Jakarta,2024-04-29,DKI Jakarta,2025-12-18,14.0,20.0,9643900.0,4.0,4.0,4.0,444.0,12.0,Champions,"Retain, VIP rewards, referral",High
CUST00371,Customer 0371,Female,Makassar,2023-02-13,Sulawesi Selatan,2025-09-16,107.0,6.0,1350300.0,2.0,2.0,2.0,222.0,6.0,Hibernating,Low-cost re-engagement,Low
CUST00372,Customer 0372,Female,Jakarta,2024-07-24,DKI Jakarta,2025-12-26,6.0,20.0,8280150.0,5.0,4.0,4.0,544.0,13.0,Champions,"Retain, VIP rewards, referral",High
CUST00373,Customer 0373,Female,Yogyakarta,2024-08-05,DI Yogyakarta,2025-05-22,224.0,6.0,2920600.0,1.0,2.0,2.0,122.0,5.0,Hibernating,Low-cost re-engagement,Low
CUST00374,Customer 0374,Female,Surabaya,2025-06-13,Jawa Timur,2025-03-21,286.0,4.0,5772200.0,1.0,1.0,4.0,114.0,6.0,Needs Attention,Personalized engagement,Medium
CUST00375,Customer 0375,Male,Jakarta,2023-08-08,DKI Jakarta,2025-11-20,42.0,18.0,7535800.0,3.0,4.0,4.0,344.0,11.0,Loyal Customers,"Cross-sell, upsell, loyalty rewards",High
CUST00376,Customer 0376,Female,Yogyakarta,2025-07-13,DI Yogyakarta,2025-11-18,44.0,3.0,3750200.0,3.0,1.0,3.0,313.0,7.0,Needs Attention,Personalized engagement,Medium
CUST00377,Customer 0377,Female,Surabaya,2024-02-05,Jawa Timur,2025-11-23,39.0,20.0,5227800.0,3.0,4.0,3.0,343.0,10.0,Loyal Customers,"Cross-sell, upsell, loyalty rewards",High
CUST00378,Customer 0378,Male,Surabaya,2024-12-27,Jawa Timur,2024-12-12,385.0,1.0,90750.0,1.0,1.0,1.0,111.0,3.0,Hibernating,Low-cost re-engagement,Low
CUST00379,Customer 0379,Female,Bandung,2025-09-17,Jawa Barat,2025-12-06,26.0,25.0,26725200.0,4.0,5.0,5.0,455.0,14.0,Champions,"Retain, VIP rewards, referral",High
CUST00380,Customer 0380,Male,Bekasi,2025-06-17,Jawa Barat,2025-11-06,56.0,23.0,8255750.0,3.0,5.0,4.0,354.0,12.0,Loyal Customers,"Cross-sell, upsell, loyalty rewards",High
CUST00381,Customer 0381,Female,Jakarta,2025-05-07,DKI Jakarta,2025-12-24,8.0,10.0,6286250.0,5.0,3.0,4.0,534.0,12.0,Potential Loyalists,Encourage repeat purchase,Medium
CUST00382,Customer 0382,Female,Bandung,2025-03-14,Jawa Barat,2025-12-22,10.0,25.0,18650650.0,5.0,5.0,5.0,555.0,15.0,Champions,"Retain, VIP rewards, referral",High
CUST00383,Customer 0383,Female,Makassar,2024-05-04,Sulawesi Selatan,2025-12-24,8.0,25.0,11225850.0,5.0,5.0,5.0,555.0,15.0,Champions,"Retain, VIP rewards, referral",High
CUST00384,Customer 0384,Male,Jakarta,2025-07-26,DKI Jakarta,2025-12-09,23.0,8.0,1204500.0,4.0,3.0,2.0,432.0,9.0,Potential Loyalists,Encourage repeat purchase,Medium
CUST00385,Customer 0385,Male,Tangerang,2025-04-23,Banten,2025-10-17,76.0,10.0,2560850.0,2.0,3.0,2.0,232.0,7.0,At Risk,Win-back and reactivation,High
CUST00386,Customer 0386,Female,Bandung,2023-09-24,Jawa Barat,2025-12-19,13.0,2.0,234200.0,5.0,1.0,1.0,511.0,7.0,New Customers,Welcome and second-purchase campaign,Medium
CUST00387,Customer 0387,Male,Depok,2023-02-23,Jawa Barat,2025-10-24,69.0,8.0,1074500.0,3.0,3.0,1.0,331.0,7.0,Needs Attention,Personalized engagement,Medium
CUST00388,Customer 0388,Male,Jakarta,2024-06-11,DKI Jakarta,2025-08-26,128.0,2.0,321000.0,2.0,1.0,1.0,211.0,4.0,Hibernating,Low-cost re-engagement,Low
CUST00389,Customer 0389,Male,Makassar,2024-09-07,Sulawesi Selatan,2025-12-21,11.0,21.0,11551700.0,5.0,4.0,5.0,545.0,14.0,Champions,"Retain, VIP rewards, referral",High
CUST00390,Customer 0390,Male,Surabaya,2025-12-18,Jawa Timur,2025-12-11,21.0,14.0,3615900.0,4.0,4.0,3.0,443.0,11.0,Loyal Customers,"Cross-sell, upsell, loyalty rewards",High
CUST00391,Customer 0391,Male,Jakarta,2025-11-29,DKI Jakarta,,,0.0,0.0,,,,,,Never Purchased,First-purchase conversion,Medium
CUST00392,Customer 0392,Male,Jakarta,2025-08-12,DKI Jakarta,2025-11-28,34.0,25.0,5325650.0,4.0,5.0,3.0,453.0,12.0,Loyal Customers,"Cross-sell, upsell, loyalty rewards",High
CUST00393,Customer 0393,Female,Jakarta,2024-01-21,DKI Jakarta,2025-12-10,22.0,7.0,6133800.0,4.0,2.0,4.0,424.0,10.0,Potential Loyalists,Encourage repeat purchase,Medium
CUST00394,Customer 0394,Female,Surabaya,2025-01-03,Jawa Timur,2025-12-09,23.0,71.0,29701150.0,4.0,5.0,5.0,455.0,14.0,Champions,"Retain, VIP rewards, referral",High
CUST00395,Customer 0395,Male,Bandung,2024-12-16,Jawa Barat,2025-11-23,39.0,7.0,2851850.0,3.0,2.0,2.0,322.0,7.0,Needs Attention,Personalized engagement,Medium
CUST00396,Customer 0396,Female,Semarang,2024-10-11,Jawa Tengah,2025-12-20,12.0,33.0,22499550.0,5.0,5.0,5.0,555.0,15.0,Champions,"Retain, VIP rewards, referral",High
CUST00397,Customer 0397,Female,Surabaya,2023-10-27,Jawa Timur,2025-01-11,355.0,3.0,727000.0,1.0,1.0,1.0,111.0,3.0,Hibernating,Low-cost re-engagement,Low
CUST00398,Customer 0398,Female,Jakarta,2024-01-30,DKI Jakarta,2025-12-18,14.0,8.0,2411450.0,4.0,3.0,2.0,432.0,9.0,Potential Loyalists,Encourage repeat purchase,Medium
CUST00399,Customer 0399,Female,Bekasi,2024-08-15,Jawa Barat,2025-11-04,58.0,6.0,7058000.0,3.0,2.0,4.0,324.0,9.0,Needs Attention,Personalized engagement,Medium
CUST00400,Customer 0400,Male,Tangerang,2024-05-28,Banten,,,0.0,0.0,,,,,,Never Purchased,First-purchase conversion,Medium
CUST00401,Customer 0401,Female,Jakarta,2024-01-31,DKI Jakarta,2025-08-28,126.0,3.0,485200.0,2.0,1.0,1.0,211.0,4.0,Hibernating,Low-cost re-engagement,Low
CUST00402,Customer 0402,Female,Jakarta,2024-01-06,DKI Jakarta,2025-11-20,42.0,6.0,3475600.0,3.0,2.0,3.0,323.0,8.0,Needs Attention,Personalized engagement,Medium
CUST00403,Customer 0403,Male,Jakarta,2025-05-07,DKI Jakarta,2025-11-26,36.0,11.0,5187750.0,3.0,3.0,3.0,333.0,9.0,Needs Attention,Personalized engagement,Medium
CUST00404,Customer 0404,Male,Depok,2025-03-01,Jawa Barat,2025-03-31,276.0,2.0,2874900.0,1.0,1.0,2.0,112.0,4.0,Hibernating,Low-cost re-engagement,Low
CUST00405,Customer 0405,Female,Tangerang,2024-10-19,Banten,2025-12-31,1.0,7.0,7353900.0,5.0,2.0,4.0,524.0,11.0,Potential Loyalists,Encourage repeat purchase,Medium
CUST00406,Customer 0406,Female,Surabaya,2025-01-05,Jawa Timur,2025-10-23,70.0,4.0,3500500.0,3.0,1.0,3.0,313.0,7.0,Needs Attention,Personalized engagement,Medium
CUST00407,Customer 0407,Female,Semarang,2024-01-19,Jawa Tengah,2025-12-11,21.0,10.0,2917950.0,4.0,3.0,2.0,432.0,9.0,Potential Loyalists,Encourage repeat purchase,Medium
CUST00408,Customer 0408,Female,Semarang,2023-03-03,Jawa Tengah,2025-12-23,9.0,13.0,5636800.0,5.0,4.0,3.0,543.0,12.0,Loyal Customers,"Cross-sell, upsell, loyalty rewards",High
CUST00409,Customer 0409,Female,Bekasi,2024-05-19,Jawa Barat,2025-11-29,33.0,5.0,3227100.0,4.0,2.0,3.0,423.0,9.0,Potential Loyalists,Encourage repeat purchase,Medium
CUST00410,Customer 0410,Female,Yogyakarta,2023-08-27,DI Yogyakarta,2025-09-10,113.0,6.0,1505650.0,2.0,2.0,2.0,222.0,6.0,Hibernating,Low-cost re-engagement,Low
CUST00411,Customer 0411,Male,Jakarta,2023-07-14,DKI Jakarta,2025-11-22,40.0,28.0,12914800.0,3.0,5.0,5.0,355.0,13.0,Loyal Customers,"Cross-sell, upsell, loyalty rewards",High
CUST00412,Customer 0412,Female,Jakarta,2024-11-08,DKI Jakarta,2025-10-10,83.0,13.0,10280300.0,2.0,4.0,4.0,244.0,10.0,At Risk,Win-back and reactivation,High
CUST00413,Customer 0413,Female,Jakarta,2023-03-02,DKI Jakarta,2025-10-01,92.0,9.0,1484500.0,2.0,3.0,2.0,232.0,7.0,At Risk,Win-back and reactivation,High
CUST00414,Customer 0414,Male,Jakarta,2025-09-16,DKI Jakarta,2025-10-07,86.0,3.0,466200.0,2.0,1.0,1.0,211.0,4.0,Hibernating,Low-cost re-engagement,Low
CUST00415,Customer 0415,Male,Surabaya,2024-11-15,Jawa Timur,2025-12-15,17.0,18.0,7869800.0,4.0,4.0,4.0,444.0,12.0,Champions,"Retain, VIP rewards, referral",High
CUST00416,Customer 0416,Male,Medan,2023-06-05,Sumatera Utara,2025-07-06,179.0,11.0,2752450.0,1.0,3.0,2.0,132.0,6.0,At Risk,Win-back and reactivation,High
CUST00417,Customer 0417,Male,Jakarta,2025-07-11,DKI Jakarta,2025-12-10,22.0,20.0,12101200.0,4.0,4.0,5.0,445.0,13.0,Champions,"Retain, VIP rewards, referral",High
CUST00418,Customer 0418,Female,Jakarta,2025-05-17,DKI Jakarta,2025-07-19,166.0,5.0,2428000.0,1.0,2.0,2.0,122.0,5.0,Hibernating,Low-cost re-engagement,Low
CUST00419,Customer 0419,Female,Surabaya,2025-06-21,Jawa Timur,2025-12-24,8.0,7.0,3291150.0,5.0,2.0,3.0,523.0,10.0,Potential Loyalists,Encourage repeat purchase,Medium
CUST00420,Customer 0420,Female,Medan,2025-09-25,Sumatera Utara,2025-12-18,14.0,35.0,26640950.0,4.0,5.0,5.0,455.0,14.0,Champions,"Retain, VIP rewards, referral",High
CUST00421,Customer 0421,Female,Bandung,2025-09-01,Jawa Barat,2025-12-28,4.0,7.0,2535600.0,5.0,2.0,2.0,522.0,9.0,Potential Loyalists,Encourage repeat purchase,Medium
CUST00422,Customer 0422,Female,Surabaya,2024-01-23,Jawa Timur,2025-03-12,295.0,1.0,47500.0,1.0,1.0,1.0,111.0,3.0,Hibernating,Low-cost re-engagement,Low
CUST00423,Customer 0423,Female,Jakarta,2025-06-05,DKI Jakarta,2025-10-05,88.0,10.0,2449800.0,2.0,3.0,2.0,232.0,7.0,At Risk,Win-back and reactivation,High
CUST00424,Customer 0424,Male,Jakarta,2025-04-17,DKI Jakarta,2025-10-23,70.0,8.0,3330900.0,3.0,3.0,3.0,333.0,9.0,Needs Attention,Personalized engagement,Medium
CUST00425,Customer 0425,Female,Makassar,2023-12-06,Sulawesi Selatan,2025-12-19,13.0,24.0,13311850.0,5.0,5.0,5.0,555.0,15.0,Champions,"Retain, VIP rewards, referral",High
CUST00426,Customer 0426,Male,Makassar,2023-07-23,Sulawesi Selatan,2025-12-31,1.0,9.0,4089250.0,5.0,3.0,3.0,533.0,11.0,Potential Loyalists,Encourage repeat purchase,Medium
CUST00427,Customer 0427,Male,Jakarta,2023-06-10,DKI Jakarta,2025-12-25,7.0,18.0,7380050.0,5.0,4.0,4.0,544.0,13.0,Champions,"Retain, VIP rewards, referral",High
CUST00428,Customer 0428,Female,Makassar,2024-01-27,Sulawesi Selatan,2025-11-29,33.0,26.0,19780650.0,4.0,5.0,5.0,455.0,14.0,Champions,"Retain, VIP rewards, referral",High
CUST00429,Customer 0429,Male,Tangerang,2025-02-07,Banten,2025-12-27,5.0,14.0,11134050.0,5.0,4.0,5.0,545.0,14.0,Champions,"Retain, VIP rewards, referral",High
CUST00430,Customer 0430,Female,Yogyakarta,2024-07-28,DI Yogyakarta,2025-01-12,354.0,1.0,70000.0,1.0,1.0,1.0,111.0,3.0,Hibernating,Low-cost re-engagement,Low
CUST00431,Customer 0431,Male,Surabaya,2024-06-17,Jawa Timur,2024-05-12,599.0,6.0,1176150.0,1.0,2.0,1.0,121.0,4.0,Hibernating,Low-cost re-engagement,Low
CUST00432,Customer 0432,Female,Surabaya,2025-12-29,Jawa Timur,2025-02-27,308.0,4.0,1583600.0,1.0,1.0,2.0,112.0,4.0,Hibernating,Low-cost re-engagement,Low
CUST00433,Customer 0433,Male,Surabaya,2025-06-11,Jawa Timur,2025-06-07,208.0,15.0,9033600.0,1.0,4.0,4.0,144.0,9.0,At Risk,Win-back and reactivation,High
CUST00434,Customer 0434,Female,Tangerang,2024-02-09,Banten,2025-09-13,110.0,6.0,948200.0,2.0,2.0,1.0,221.0,5.0,Hibernating,Low-cost re-engagement,Low
CUST00435,Customer 0435,Female,Jakarta,2024-08-30,DKI Jakarta,2025-09-18,105.0,1.0,57400.0,2.0,1.0,1.0,211.0,4.0,Hibernating,Low-cost re-engagement,Low
CUST00436,Customer 0436,Female,Jakarta,2025-04-07,DKI Jakarta,2025-12-09,23.0,9.0,5007800.0,4.0,3.0,3.0,433.0,10.0,Potential Loyalists,Encourage repeat purchase,Medium
CUST00437,Customer 0437,Female,Bandung,2024-11-20,Jawa Barat,2025-07-20,165.0,5.0,2191000.0,1.0,2.0,2.0,122.0,5.0,Hibernating,Low-cost re-engagement,Low
CUST00438,Customer 0438,Female,Tangerang,2025-06-20,Banten,2025-12-08,24.0,5.0,2617950.0,4.0,2.0,2.0,422.0,8.0,Potential Loyalists,Encourage repeat purchase,Medium
CUST00439,Customer 0439,Male,Jakarta,2023-02-25,DKI Jakarta,2025-12-15,17.0,23.0,11219700.0,4.0,5.0,5.0,455.0,14.0,Champions,"Retain, VIP rewards, referral",High
CUST00440,Customer 0440,Male,Tangerang,2024-01-01,Banten,2025-12-08,24.0,4.0,546250.0,4.0,1.0,1.0,411.0,6.0,Needs Attention,Personalized engagement,Medium
CUST00441,Customer 0441,Male,Makassar,2024-03-30,Sulawesi Selatan,2025-08-18,136.0,14.0,4151050.0,2.0,4.0,3.0,243.0,9.0,At Risk,Win-back and reactivation,High
CUST00442,Customer 0442,Female,Jakarta,2023-04-14,DKI Jakarta,2025-09-01,122.0,11.0,7124600.0,2.0,3.0,4.0,234.0,9.0,At Risk,Win-back and reactivation,High
CUST00443,Customer 0443,Male,Tangerang,2023-03-18,Banten,2025-08-27,127.0,7.0,8149100.0,2.0,2.0,4.0,224.0,8.0,Needs Attention,Personalized engagement,Medium
CUST00444,Customer 0444,Female,Surabaya,2023-08-18,Jawa Timur,2025-03-22,285.0,4.0,1362000.0,1.0,1.0,2.0,112.0,4.0,Hibernating,Low-cost re-engagement,Low
CUST00445,Customer 0445,Female,Yogyakarta,2023-11-27,DI Yogyakarta,,,0.0,0.0,,,,,,Never Purchased,First-purchase conversion,Medium
CUST00446,Customer 0446,Male,Jakarta,2025-06-11,DKI Jakarta,2025-11-27,35.0,13.0,4107350.0,3.0,4.0,3.0,343.0,10.0,Loyal Customers,"Cross-sell, upsell, loyalty rewards",High
CUST00447,Customer 0447,Male,Tangerang,2024-11-18,Banten,2024-09-28,460.0,3.0,340000.0,1.0,1.0,1.0,111.0,3.0,Hibernating,Low-cost re-engagement,Low
CUST00448,Customer 0448,Female,Semarang,2023-01-27,Jawa Tengah,2025-12-12,20.0,14.0,2357000.0,4.0,4.0,2.0,442.0,10.0,Loyal Customers,"Cross-sell, upsell, loyalty rewards",High
CUST00449,Customer 0449,Male,Medan,2023-10-26,Sumatera Utara,2025-12-07,25.0,9.0,2652450.0,4.0,3.0,2.0,432.0,9.0,Potential Loyalists,Encourage repeat purchase,Medium
CUST00450,Customer 0450,Female,Tangerang,2025-08-14,Banten,2024-09-28,460.0,1.0,2007000.0,1.0,1.0,2.0,112.0,4.0,Hibernating,Low-cost re-engagement,Low
CUST00451,Customer 0451,Female,Surabaya,2025-03-09,Jawa Timur,2025-12-07,25.0,4.0,219750.0,4.0,1.0,1.0,411.0,6.0,Needs Attention,Personalized engagement,Medium
CUST00452,Customer 0452,Female,Bekasi,2024-04-24,Jawa Barat,2025-12-26,6.0,15.0,6351550.0,5.0,4.0,4.0,544.0,13.0,Champions,"Retain, VIP rewards, referral",High
CUST00453,Customer 0453,Female,Yogyakarta,2024-07-26,DI Yogyakarta,2025-12-17,15.0,51.0,19364000.0,4.0,5.0,5.0,455.0,14.0,Champions,"Retain, VIP rewards, referral",High
CUST00454,Customer 0454,Female,Bekasi,2024-04-02,Jawa Barat,2025-10-24,69.0,12.0,2947800.0,3.0,3.0,2.0,332.0,8.0,Needs Attention,Personalized engagement,Medium
CUST00455,Customer 0455,Male,Jakarta,2023-12-31,DKI Jakarta,2025-12-09,23.0,48.0,20341200.0,4.0,5.0,5.0,455.0,14.0,Champions,"Retain, VIP rewards, referral",High
CUST00456,Customer 0456,Male,Medan,2025-05-08,Sumatera Utara,2025-01-25,341.0,1.0,83200.0,1.0,1.0,1.0,111.0,3.0,Hibernating,Low-cost re-engagement,Low
CUST00457,Customer 0457,Female,Tangerang,2023-12-17,Banten,2025-11-28,34.0,3.0,354250.0,4.0,1.0,1.0,411.0,6.0,Needs Attention,Personalized engagement,Medium
CUST00458,Customer 0458,Female,Tangerang,2023-09-10,Banten,2025-12-01,31.0,6.0,4716100.0,4.0,2.0,3.0,423.0,9.0,Potential Loyalists,Encourage repeat purchase,Medium
CUST00459,Customer 0459,Male,Jakarta,2025-02-19,DKI Jakarta,2025-11-15,47.0,12.0,8016800.0,3.0,3.0,4.0,334.0,10.0,Needs Attention,Personalized engagement,Medium
CUST00460,Customer 0460,Male,Tangerang,2025-03-13,Banten,2025-10-11,82.0,3.0,1134800.0,2.0,1.0,1.0,211.0,4.0,Hibernating,Low-cost re-engagement,Low
CUST00461,Customer 0461,Female,Bandung,2025-10-08,Jawa Barat,2025-09-05,118.0,8.0,1541250.0,2.0,3.0,2.0,232.0,7.0,At Risk,Win-back and reactivation,High
CUST00462,Customer 0462,Male,Tangerang,2024-04-03,Banten,2025-12-27,5.0,4.0,796000.0,5.0,1.0,1.0,511.0,7.0,New Customers,Welcome and second-purchase campaign,Medium
CUST00463,Customer 0463,Female,Jakarta,2025-07-05,DKI Jakarta,2025-11-15,47.0,23.0,15790600.0,3.0,5.0,5.0,355.0,13.0,Loyal Customers,"Cross-sell, upsell, loyalty rewards",High
CUST00464,Customer 0464,Male,Tangerang,2024-05-13,Banten,2025-11-02,60.0,14.0,3311100.0,3.0,4.0,3.0,343.0,10.0,Loyal Customers,"Cross-sell, upsell, loyalty rewards",High
CUST00465,Customer 0465,Female,Makassar,2025-08-07,Sulawesi Selatan,2025-12-21,11.0,72.0,24144800.0,5.0,5.0,5.0,555.0,15.0,Champions,"Retain, VIP rewards, referral",High
CUST00466,Customer 0466,Male,Jakarta,2024-05-22,DKI Jakarta,2024-12-06,391.0,4.0,910800.0,1.0,2.0,1.0,121.0,4.0,Hibernating,Low-cost re-engagement,Low
CUST00467,Customer 0467,Female,Makassar,2024-05-15,Sulawesi Selatan,2025-12-21,11.0,24.0,16308650.0,5.0,5.0,5.0,555.0,15.0,Champions,"Retain, VIP rewards, referral",High
CUST00468,Customer 0468,Male,Bandung,2025-03-13,Jawa Barat,2025-12-02,30.0,32.0,13164700.0,4.0,5.0,5.0,455.0,14.0,Champions,"Retain, VIP rewards, referral",High
CUST00469,Customer 0469,Male,Yogyakarta,2024-08-20,DI Yogyakarta,2025-11-26,36.0,22.0,11882600.0,3.0,5.0,5.0,355.0,13.0,Loyal Customers,"Cross-sell, upsell, loyalty rewards",High
CUST00470,Customer 0470,Female,Depok,2023-06-15,Jawa Barat,2025-11-07,55.0,5.0,1317050.0,3.0,2.0,2.0,322.0,7.0,Needs Attention,Personalized engagement,Medium
CUST00471,Customer 0471,Male,Bekasi,2024-04-06,Jawa Barat,2025-12-10,22.0,5.0,2611850.0,4.0,2.0,2.0,422.0,8.0,Potential Loyalists,Encourage repeat purchase,Medium
CUST00472,Customer 0472,Female,Depok,2025-07-08,Jawa Barat,2025-11-29,33.0,21.0,10085750.0,4.0,4.0,4.0,444.0,12.0,Champions,"Retain, VIP rewards, referral",High
CUST00473,Customer 0473,Male,Yogyakarta,2023-04-24,DI Yogyakarta,2025-07-20,165.0,6.0,701800.0,1.0,2.0,1.0,121.0,4.0,Hibernating,Low-cost re-engagement,Low
CUST00474,Customer 0474,Female,Bandung,2025-09-18,Jawa Barat,2025-08-07,147.0,2.0,1817100.0,2.0,1.0,2.0,212.0,5.0,Hibernating,Low-cost re-engagement,Low
CUST00475,Customer 0475,Male,Bandung,2023-07-26,Jawa Barat,2025-12-22,10.0,9.0,2469950.0,5.0,3.0,2.0,532.0,10.0,Potential Loyalists,Encourage repeat purchase,Medium
CUST00476,Customer 0476,Female,Tangerang,2024-05-29,Banten,2025-12-14,18.0,24.0,21933250.0,4.0,5.0,5.0,455.0,14.0,Champions,"Retain, VIP rewards, referral",High
CUST00477,Customer 0477,Male,Semarang,2024-12-09,Jawa Tengah,,,0.0,0.0,,,,,,Never Purchased,First-purchase conversion,Medium
CUST00478,Customer 0478,Female,Depok,2023-05-18,Jawa Barat,2025-12-31,1.0,19.0,6615950.0,5.0,4.0,4.0,544.0,13.0,Champions,"Retain, VIP rewards, referral",High
CUST00479,Customer 0479,Male,Semarang,2023-12-05,Jawa Tengah,,,0.0,0.0,,,,,,Never Purchased,First-purchase conversion,Medium
CUST00480,Customer 0480,Female,Surabaya,2024-06-20,Jawa Timur,2025-12-17,15.0,23.0,9469750.0,4.0,5.0,4.0,454.0,13.0,Champions,"Retain, VIP rewards, referral",High
CUST00481,Customer 0481,Female,Semarang,2023-03-09,Jawa Tengah,2025-08-29,125.0,12.0,10882900.0,2.0,3.0,5.0,235.0,10.0,At Risk,Win-back and reactivation,High
CUST00482,Customer 0482,Female,Jakarta,2024-01-18,DKI Jakarta,2025-12-05,27.0,2.0,229450.0,4.0,1.0,1.0,411.0,6.0,Needs Attention,Personalized engagement,Medium
CUST00483,Customer 0483,Male,Bekasi,2023-01-19,Jawa Barat,2025-12-01,31.0,21.0,5201600.0,4.0,4.0,3.0,443.0,11.0,Loyal Customers,"Cross-sell, upsell, loyalty rewards",High
CUST00484,Customer 0484,Female,Jakarta,2024-11-13,DKI Jakarta,2025-11-21,41.0,6.0,1347400.0,3.0,2.0,2.0,322.0,7.0,Needs Attention,Personalized engagement,Medium
CUST00485,Customer 0485,Male,Bandung,2023-03-15,Jawa Barat,2025-12-06,26.0,3.0,1394350.0,4.0,1.0,2.0,412.0,7.0,Needs Attention,Personalized engagement,Medium
CUST00486,Customer 0486,Female,Bandung,2024-07-26,Jawa Barat,2025-07-09,176.0,6.0,2188250.0,1.0,2.0,2.0,122.0,5.0,Hibernating,Low-cost re-engagement,Low
CUST00487,Customer 0487,Male,Bandung,2025-07-27,Jawa Barat,2025-12-19,13.0,21.0,11920200.0,5.0,4.0,5.0,545.0,14.0,Champions,"Retain, VIP rewards, referral",High
CUST00488,Customer 0488,Female,Tangerang,2025-12-07,Banten,2024-07-27,523.0,1.0,48800.0,1.0,1.0,1.0,111.0,3.0,Hibernating,Low-cost re-engagement,Low
CUST00489,Customer 0489,Male,Bandung,2023-07-30,Jawa Barat,,,0.0,0.0,,,,,,Never Purchased,First-purchase conversion,Medium
CUST00490,Customer 0490,Male,Surabaya,2025-05-04,Jawa Timur,2025-06-01,214.0,7.0,6557050.0,1.0,2.0,4.0,124.0,7.0,Needs Attention,Personalized engagement,Medium
CUST00491,Customer 0491,Female,Jakarta,2024-10-12,DKI Jakarta,2025-12-29,3.0,28.0,9076200.0,5.0,5.0,4.0,554.0,14.0,Champions,"Retain, VIP rewards, referral",High
CUST00492,Customer 0492,Male,Bandung,2025-09-20,Jawa Barat,2025-04-27,249.0,16.0,4474300.0,1.0,4.0,3.0,143.0,8.0,At Risk,Win-back and reactivation,High
CUST00493,Customer 0493,Male,Jakarta,2024-11-25,DKI Jakarta,2025-03-01,306.0,7.0,2532450.0,1.0,2.0,2.0,122.0,5.0,Hibernating,Low-cost re-engagement,Low
CUST00494,Customer 0494,Female,Jakarta,2024-06-23,DKI Jakarta,2025-05-21,225.0,4.0,3169100.0,1.0,2.0,3.0,123.0,6.0,Needs Attention,Personalized engagement,Medium
CUST00495,Customer 0495,Male,Bekasi,2025-06-19,Jawa Barat,2025-12-22,10.0,6.0,1580450.0,5.0,2.0,2.0,522.0,9.0,Potential Loyalists,Encourage repeat purchase,Medium
CUST00496,Customer 0496,Male,Tangerang,2025-02-18,Banten,2025-12-08,24.0,4.0,1564800.0,4.0,2.0,2.0,422.0,8.0,Potential Loyalists,Encourage repeat purchase,Medium
CUST00497,Customer 0497,Male,Bekasi,2023-06-19,Jawa Barat,2025-12-26,6.0,5.0,5521600.0,5.0,2.0,3.0,523.0,10.0,Potential Loyalists,Encourage repeat purchase,Medium
CUST00498,Customer 0498,Female,Surabaya,2025-11-03,Jawa Timur,2025-12-28,4.0,13.0,3879450.0,5.0,4.0,3.0,543.0,12.0,Loyal Customers,"Cross-sell, upsell, loyalty rewards",High
CUST00499,Customer 0499,Male,Bandung,2023-10-15,Jawa Barat,2025-11-06,56.0,26.0,11448550.0,3.0,5.0,5.0,355.0,13.0,Loyal Customers,"Cross-sell, upsell, loyalty rewards",High
CUST00500,Customer 0500,Female,Yogyakarta,2023-07-08,DI Yogyakarta,2024-12-18,379.0,2.0,368000.0,1.0,1.0,1.0,111.0,3.0,Hibernating,Low-cost re-engagement,Low
CUST00501,Customer 0501,Male,Surabaya,2025-07-02,Jawa Timur,2025-10-19,74.0,5.0,563900.0,2.0,2.0,1.0,221.0,5.0,Hibernating,Low-cost re-engagement,Low
CUST00502,Customer 0502,Male,Surabaya,2024-11-24,Jawa Timur,2025-12-23,9.0,6.0,2495850.0,5.0,2.0,2.0,522.0,9.0,Potential Loyalists,Encourage repeat purchase,Medium
CUST00503,Customer 0503,Male,Jakarta,2025-06-06,DKI Jakarta,2025-12-13,19.0,16.0,4767350.0,4.0,4.0,3.0,443.0,11.0,Loyal Customers,"Cross-sell, upsell, loyalty rewards",High
CUST00504,Customer 0504,Female,Bandung,2024-04-15,Jawa Barat,2025-04-16,260.0,2.0,241000.0,1.0,1.0,1.0,111.0,3.0,Hibernating,Low-cost re-engagement,Low
CUST00505,Customer 0505,Male,Bandung,2023-10-04,Jawa Barat,2025-12-02,30.0,26.0,7476750.0,4.0,5.0,4.0,454.0,13.0,Champions,"Retain, VIP rewards, referral",High
CUST00506,Customer 0506,Male,Bandung,2025-07-28,Jawa Barat,2025-10-01,92.0,5.0,4161250.0,2.0,2.0,3.0,223.0,7.0,Needs Attention,Personalized engagement,Medium
CUST00507,Customer 0507,Female,Bekasi,2024-07-24,Jawa Barat,2025-12-20,12.0,3.0,1319500.0,5.0,1.0,2.0,512.0,8.0,New Customers,Welcome and second-purchase campaign,Medium
CUST00508,Customer 0508,Male,Surabaya,2025-05-06,Jawa Timur,2024-12-25,372.0,2.0,2591400.0,1.0,1.0,2.0,112.0,4.0,Hibernating,Low-cost re-engagement,Low
CUST00509,Customer 0509,Female,Bekasi,2025-09-27,Jawa Barat,2024-04-13,628.0,1.0,134400.0,1.0,1.0,1.0,111.0,3.0,Hibernating,Low-cost re-engagement,Low
CUST00510,Customer 0510,Female,Depok,2024-04-02,Jawa Barat,2025-12-29,3.0,23.0,13806700.0,5.0,5.0,5.0,555.0,15.0,Champions,"Retain, VIP rewards, referral",High
CUST00511,Customer 0511,Male,Semarang,2025-07-06,Jawa Tengah,2025-11-10,52.0,11.0,3450850.0,3.0,3.0,3.0,333.0,9.0,Needs Attention,Personalized engagement,Medium
CUST00512,Customer 0512,Female,Tangerang,2025-04-12,Banten,2025-12-25,7.0,25.0,19424800.0,5.0,5.0,5.0,555.0,15.0,Champions,"Retain, VIP rewards, referral",High
CUST00513,Customer 0513,Male,Makassar,2025-12-23,Sulawesi Selatan,2025-10-22,71.0,9.0,6422700.0,3.0,3.0,4.0,334.0,10.0,Needs Attention,Personalized engagement,Medium
CUST00514,Customer 0514,Female,Jakarta,2025-04-18,DKI Jakarta,2025-12-12,20.0,28.0,6880250.0,4.0,5.0,4.0,454.0,13.0,Champions,"Retain, VIP rewards, referral",High
CUST00515,Customer 0515,Female,Jakarta,2023-07-12,DKI Jakarta,2025-11-19,43.0,13.0,6080200.0,3.0,4.0,4.0,344.0,11.0,Loyal Customers,"Cross-sell, upsell, loyalty rewards",High
CUST00516,Customer 0516,Male,Jakarta,2024-09-07,DKI Jakarta,2025-11-02,60.0,5.0,688400.0,3.0,2.0,1.0,321.0,6.0,Needs Attention,Personalized engagement,Medium
CUST00517,Customer 0517,Female,Tangerang,2024-02-10,Banten,2025-12-15,17.0,40.0,22623350.0,4.0,5.0,5.0,455.0,14.0,Champions,"Retain, VIP rewards, referral",High
CUST00518,Customer 0518,Female,Yogyakarta,2025-07-31,DI Yogyakarta,2025-03-18,289.0,5.0,647750.0,1.0,2.0,1.0,121.0,4.0,Hibernating,Low-cost re-engagement,Low
CUST00519,Customer 0519,Female,Jakarta,2024-12-21,DKI Jakarta,2025-08-17,137.0,10.0,5935750.0,2.0,3.0,4.0,234.0,9.0,At Risk,Win-back and reactivation,High
CUST00520,Customer 0520,Female,Medan,2023-04-03,Sumatera Utara,2025-12-27,5.0,27.0,11295050.0,5.0,5.0,5.0,555.0,15.0,Champions,"Retain, VIP rewards, referral",High
CUST00521,Customer 0521,Female,Jakarta,2024-03-05,DKI Jakarta,2025-08-24,130.0,10.0,5156400.0,2.0,3.0,3.0,233.0,8.0,At Risk,Win-back and reactivation,High
CUST00522,Customer 0522,Male,Medan,2024-10-15,Sumatera Utara,2025-07-28,157.0,5.0,3035550.0,2.0,2.0,3.0,223.0,7.0,Needs Attention,Personalized engagement,Medium
CUST00523,Customer 0523,Female,Bandung,2024-03-09,Jawa Barat,2025-10-11,82.0,9.0,2826250.0,2.0,3.0,2.0,232.0,7.0,At Risk,Win-back and reactivation,High
CUST00524,Customer 0524,Male,Jakarta,2024-01-10,DKI Jakarta,2025-06-14,201.0,11.0,7098400.0,1.0,3.0,4.0,134.0,8.0,At Risk,Win-back and reactivation,High
CUST00525,Customer 0525,Female,Surabaya,2025-12-18,Jawa Timur,2025-09-11,112.0,2.0,1162200.0,2.0,1.0,1.0,211.0,4.0,Hibernating,Low-cost re-engagement,Low
CUST00526,Customer 0526,Male,Jakarta,2025-12-02,DKI Jakarta,2025-10-11,82.0,18.0,17411250.0,2.0,4.0,5.0,245.0,11.0,At Risk,Win-back and reactivation,High
CUST00527,Customer 0527,Male,Bandung,2023-07-26,Jawa Barat,2025-08-11,143.0,2.0,992250.0,2.0,1.0,1.0,211.0,4.0,Hibernating,Low-cost re-engagement,Low
CUST00528,Customer 0528,Female,Bandung,2025-02-18,Jawa Barat,2025-11-07,55.0,8.0,2891150.0,3.0,3.0,2.0,332.0,8.0,Needs Attention,Personalized engagement,Medium
CUST00529,Customer 0529,Female,Semarang,2024-06-15,Jawa Tengah,2025-04-25,251.0,3.0,1678400.0,1.0,1.0,2.0,112.0,4.0,Hibernating,Low-cost re-engagement,Low
CUST00530,Customer 0530,Female,Surabaya,2023-06-15,Jawa Timur,2025-12-20,12.0,17.0,13460650.0,5.0,4.0,5.0,545.0,14.0,Champions,"Retain, VIP rewards, referral",High
CUST00531,Customer 0531,Male,Bandung,2024-10-04,Jawa Barat,2025-07-08,177.0,4.0,887700.0,1.0,2.0,1.0,121.0,4.0,Hibernating,Low-cost re-engagement,Low
CUST00532,Customer 0532,Female,Bekasi,2023-03-31,Jawa Barat,2025-07-22,163.0,9.0,2023350.0,1.0,3.0,2.0,132.0,6.0,At Risk,Win-back and reactivation,High
CUST00533,Customer 0533,Male,Tangerang,2023-01-13,Banten,2025-12-29,3.0,23.0,8113300.0,5.0,5.0,4.0,554.0,14.0,Champions,"Retain, VIP rewards, referral",High
CUST00534,Customer 0534,Male,Jakarta,2025-08-30,DKI Jakarta,2025-12-10,22.0,41.0,21588400.0,4.0,5.0,5.0,455.0,14.0,Champions,"Retain, VIP rewards, referral",High
CUST00535,Customer 0535,Male,Bandung,2025-03-15,Jawa Barat,2025-07-28,157.0,5.0,1741050.0,2.0,2.0,2.0,222.0,6.0,Hibernating,Low-cost re-engagement,Low
CUST00536,Customer 0536,Female,Jakarta,2025-08-02,DKI Jakarta,2025-12-02,30.0,5.0,7635850.0,4.0,2.0,4.0,424.0,10.0,Potential Loyalists,Encourage repeat purchase,Medium
CUST00537,Customer 0537,Female,Jakarta,2025-01-11,DKI Jakarta,2025-12-14,18.0,36.0,13776400.0,4.0,5.0,5.0,455.0,14.0,Champions,"Retain, VIP rewards, referral",High
CUST00538,Customer 0538,Male,Tangerang,2025-05-25,Banten,2025-09-20,103.0,5.0,2098900.0,2.0,2.0,2.0,222.0,6.0,Hibernating,Low-cost re-engagement,Low
CUST00539,Customer 0539,Male,Jakarta,2024-10-21,DKI Jakarta,,,0.0,0.0,,,,,,Never Purchased,First-purchase conversion,Medium
CUST00540,Customer 0540,Female,Surabaya,2025-10-28,Jawa Timur,2024-11-30,397.0,1.0,54000.0,1.0,1.0,1.0,111.0,3.0,Hibernating,Low-cost re-engagement,Low
CUST00541,Customer 0541,Male,Tangerang,2025-11-18,Banten,2025-11-15,47.0,11.0,2302400.0,3.0,3.0,2.0,332.0,8.0,Needs Attention,Personalized engagement,Medium
CUST00542,Customer 0542,Female,Jakarta,2023-10-23,DKI Jakarta,2025-04-23,253.0,4.0,546750.0,1.0,2.0,1.0,121.0,4.0,Hibernating,Low-cost re-engagement,Low
CUST00543,Customer 0543,Male,Bekasi,2025-09-12,Jawa Barat,2025-12-18,14.0,25.0,14000250.0,4.0,5.0,5.0,455.0,14.0,Champions,"Retain, VIP rewards, referral",High
CUST00544,Customer 0544,Female,Jakarta,2025-07-14,DKI Jakarta,2024-09-01,487.0,2.0,423600.0,1.0,1.0,1.0,111.0,3.0,Hibernating,Low-cost re-engagement,Low
CUST00545,Customer 0545,Male,Makassar,2024-10-01,Sulawesi Selatan,2025-12-04,28.0,40.0,19714650.0,4.0,5.0,5.0,455.0,14.0,Champions,"Retain, VIP rewards, referral",High
CUST00546,Customer 0546,Female,Surabaya,2023-12-06,Jawa Timur,2024-04-03,638.0,2.0,399750.0,1.0,1.0,1.0,111.0,3.0,Hibernating,Low-cost re-engagement,Low
CUST00547,Customer 0547,Male,Semarang,2024-09-19,Jawa Tengah,,,0.0,0.0,,,,,,Never Purchased,First-purchase conversion,Medium
CUST00548,Customer 0548,Female,Bekasi,2024-03-14,Jawa Barat,2025-07-21,164.0,6.0,4991800.0,1.0,2.0,3.0,123.0,6.0,Needs Attention,Personalized engagement,Medium
CUST00549,Customer 0549,Female,Jakarta,2025-07-30,DKI Jakarta,2025-06-09,206.0,14.0,5183150.0,1.0,4.0,3.0,143.0,8.0,At Risk,Win-back and reactivation,High
CUST00550,Customer 0550,Male,Tangerang,2025-04-09,Banten,2025-10-20,73.0,22.0,12551650.0,2.0,5.0,5.0,255.0,12.0,At Risk,Win-back and reactivation,High
CUST00551,Customer 0551,Male,Makassar,2024-06-02,Sulawesi Selatan,2025-12-26,6.0,12.0,3250450.0,5.0,3.0,3.0,533.0,11.0,Potential Loyalists,Encourage repeat purchase,Medium
CUST00552,Customer 0552,Female,Bekasi,2025-09-02,Jawa Barat,2025-12-30,2.0,33.0,11420850.0,5.0,5.0,5.0,555.0,15.0,Champions,"Retain, VIP rewards, referral",High
CUST00553,Customer 0553,Male,Semarang,2025-12-04,Jawa Tengah,2025-07-26,159.0,6.0,881400.0,2.0,2.0,1.0,221.0,5.0,Hibernating,Low-cost re-engagement,Low
CUST00554,Customer 0554,Female,Yogyakarta,2025-08-12,DI Yogyakarta,2025-10-15,78.0,7.0,2542900.0,2.0,2.0,2.0,222.0,6.0,Hibernating,Low-cost re-engagement,Low
CUST00555,Customer 0555,Male,Jakarta,2025-08-09,DKI Jakarta,2025-11-04,58.0,5.0,3345450.0,3.0,2.0,3.0,323.0,8.0,Needs Attention,Personalized engagement,Medium
CUST00556,Customer 0556,Female,Jakarta,2025-08-01,DKI Jakarta,,,0.0,0.0,,,,,,Never Purchased,First-purchase conversion,Medium
CUST00557,Customer 0557,Female,Bekasi,2023-06-04,Jawa Barat,2025-10-20,73.0,26.0,14041250.0,2.0,5.0,5.0,255.0,12.0,At Risk,Win-back and reactivation,High
CUST00558,Customer 0558,Female,Bandung,2023-03-29,Jawa Barat,2025-12-14,18.0,27.0,20542650.0,4.0,5.0,5.0,455.0,14.0,Champions,"Retain, VIP rewards, referral",High
CUST00559,Customer 0559,Female,Semarang,2025-07-19,Jawa Tengah,2025-12-03,29.0,5.0,1712600.0,4.0,2.0,2.0,422.0,8.0,Potential Loyalists,Encourage repeat purchase,Medium
CUST00560,Customer 0560,Female,Medan,2023-06-28,Sumatera Utara,2025-10-23,70.0,3.0,903150.0,3.0,1.0,1.0,311.0,5.0,Needs Attention,Personalized engagement,Medium
CUST00561,Customer 0561,Female,Bandung,2023-07-31,Jawa Barat,2025-08-09,145.0,12.0,8480550.0,2.0,3.0,4.0,234.0,9.0,At Risk,Win-back and reactivation,High
CUST00562,Customer 0562,Male,Jakarta,2024-04-09,DKI Jakarta,2025-12-26,6.0,44.0,20928600.0,5.0,5.0,5.0,555.0,15.0,Champions,"Retain, VIP rewards, referral",High
CUST00563,Customer 0563,Male,Depok,2024-09-22,Jawa Barat,2025-10-22,71.0,10.0,4874150.0,3.0,3.0,3.0,333.0,9.0,Needs Attention,Personalized engagement,Medium
CUST00564,Customer 0564,Male,Jakarta,2025-04-04,DKI Jakarta,2025-11-04,58.0,18.0,18941200.0,3.0,4.0,5.0,345.0,12.0,Loyal Customers,"Cross-sell, upsell, loyalty rewards",High
CUST00565,Customer 0565,Female,Semarang,2024-08-29,Jawa Tengah,2025-10-08,85.0,18.0,4148700.0,2.0,4.0,3.0,243.0,9.0,At Risk,Win-back and reactivation,High
CUST00566,Customer 0566,Female,Surabaya,2025-06-03,Jawa Timur,,,0.0,0.0,,,,,,Never Purchased,First-purchase conversion,Medium
CUST00567,Customer 0567,Female,Tangerang,2024-01-01,Banten,2025-10-24,69.0,5.0,2810600.0,3.0,2.0,2.0,322.0,7.0,Needs Attention,Personalized engagement,Medium
CUST00568,Customer 0568,Female,Jakarta,2023-10-03,DKI Jakarta,2025-12-11,21.0,18.0,5372050.0,4.0,4.0,3.0,443.0,11.0,Loyal Customers,"Cross-sell, upsell, loyalty rewards",High
CUST00569,Customer 0569,Male,Bekasi,2024-01-15,Jawa Barat,2025-08-02,152.0,2.0,612400.0,2.0,1.0,1.0,211.0,4.0,Hibernating,Low-cost re-engagement,Low
CUST00570,Customer 0570,Male,Surabaya,2025-08-02,Jawa Timur,2025-09-06,117.0,23.0,10549300.0,2.0,5.0,4.0,254.0,11.0,At Risk,Win-back and reactivation,High
CUST00571,Customer 0571,Female,Bekasi,2025-12-23,Jawa Barat,2025-04-24,252.0,1.0,136000.0,1.0,1.0,1.0,111.0,3.0,Hibernating,Low-cost re-engagement,Low
CUST00572,Customer 0572,Male,Jakarta,2025-03-20,DKI Jakarta,2025-11-21,41.0,7.0,5127600.0,3.0,2.0,3.0,323.0,8.0,Needs Attention,Personalized engagement,Medium
CUST00573,Customer 0573,Male,Depok,2025-07-13,Jawa Barat,2025-12-24,8.0,24.0,7183150.0,5.0,5.0,4.0,554.0,14.0,Champions,"Retain, VIP rewards, referral",High
CUST00574,Customer 0574,Female,Yogyakarta,2024-05-08,DI Yogyakarta,2025-11-19,43.0,8.0,6446900.0,3.0,3.0,4.0,334.0,10.0,Needs Attention,Personalized engagement,Medium
CUST00575,Customer 0575,Male,Jakarta,2025-12-30,DKI Jakarta,2025-11-30,32.0,13.0,4615500.0,4.0,4.0,3.0,443.0,11.0,Loyal Customers,"Cross-sell, upsell, loyalty rewards",High
CUST00576,Customer 0576,Female,Jakarta,2023-12-30,DKI Jakarta,2025-12-02,30.0,47.0,25262750.0,4.0,5.0,5.0,455.0,14.0,Champions,"Retain, VIP rewards, referral",High
CUST00577,Customer 0577,Male,Jakarta,2024-07-23,DKI Jakarta,2025-11-26,36.0,16.0,8794900.0,3.0,4.0,4.0,344.0,11.0,Loyal Customers,"Cross-sell, upsell, loyalty rewards",High
CUST00578,Customer 0578,Female,Tangerang,2025-02-01,Banten,2025-10-23,70.0,8.0,4615200.0,3.0,3.0,3.0,333.0,9.0,Needs Attention,Personalized engagement,Medium
CUST00579,Customer 0579,Female,Bekasi,2023-10-03,Jawa Barat,2025-11-07,55.0,27.0,10221650.0,3.0,5.0,4.0,354.0,12.0,Loyal Customers,"Cross-sell, upsell, loyalty rewards",High
CUST00580,Customer 0580,Female,Bekasi,2023-02-19,Jawa Barat,2025-09-07,116.0,5.0,1115250.0,2.0,2.0,1.0,221.0,5.0,Hibernating,Low-cost re-engagement,Low
CUST00581,Customer 0581,Female,Jakarta,2024-12-28,DKI Jakarta,2025-10-27,66.0,9.0,4068850.0,3.0,3.0,3.0,333.0,9.0,Needs Attention,Personalized engagement,Medium
CUST00582,Customer 0582,Male,Bandung,2025-06-24,Jawa Barat,2025-09-20,103.0,9.0,5548200.0,2.0,3.0,3.0,233.0,8.0,At Risk,Win-back and reactivation,High
CUST00583,Customer 0583,Female,Bekasi,2025-07-16,Jawa Barat,2025-04-23,253.0,7.0,3578850.0,1.0,2.0,3.0,123.0,6.0,Needs Attention,Personalized engagement,Medium
CUST00584,Customer 0584,Female,Surabaya,2024-07-17,Jawa Timur,2025-06-22,193.0,1.0,178500.0,1.0,1.0,1.0,111.0,3.0,Hibernating,Low-cost re-engagement,Low
CUST00585,Customer 0585,Female,Makassar,2025-02-21,Sulawesi Selatan,2025-10-23,70.0,8.0,1468450.0,3.0,3.0,2.0,332.0,8.0,Needs Attention,Personalized engagement,Medium
CUST00586,Customer 0586,Male,Jakarta,2024-04-29,DKI Jakarta,2025-12-10,22.0,3.0,5544150.0,4.0,1.0,3.0,413.0,8.0,Needs Attention,Personalized engagement,Medium
CUST00587,Customer 0587,Female,Tangerang,2024-08-06,Banten,2024-04-13,628.0,1.0,115200.0,1.0,1.0,1.0,111.0,3.0,Hibernating,Low-cost re-engagement,Low
CUST00588,Customer 0588,Male,Bandung,2023-08-24,Jawa Barat,2025-06-09,206.0,10.0,5254800.0,1.0,3.0,3.0,133.0,7.0,At Risk,Win-back and reactivation,High
CUST00589,Customer 0589,Female,Surabaya,2023-02-25,Jawa Timur,2025-10-01,92.0,21.0,18357650.0,2.0,4.0,5.0,245.0,11.0,At Risk,Win-back and reactivation,High
CUST00590,Customer 0590,Male,Tangerang,2023-12-26,Banten,2025-11-23,39.0,4.0,5032000.0,3.0,2.0,3.0,323.0,8.0,Needs Attention,Personalized engagement,Medium
CUST00591,Customer 0591,Male,Tangerang,2023-04-20,Banten,2025-12-25,7.0,47.0,13381150.0,5.0,5.0,5.0,555.0,15.0,Champions,"Retain, VIP rewards, referral",High
CUST00592,Customer 0592,Female,Makassar,2023-07-11,Sulawesi Selatan,2025-12-23,9.0,17.0,4599750.0,5.0,4.0,3.0,543.0,12.0,Loyal Customers,"Cross-sell, upsell, loyalty rewards",High
CUST00593,Customer 0593,Male,Jakarta,2025-06-22,DKI Jakarta,2025-12-31,1.0,12.0,6753650.0,5.0,3.0,4.0,534.0,12.0,Potential Loyalists,Encourage repeat purchase,Medium
CUST00594,Customer 0594,Female,Jakarta,2025-05-11,DKI Jakarta,2025-12-12,20.0,24.0,8526150.0,4.0,5.0,4.0,454.0,13.0,Champions,"Retain, VIP rewards, referral",High
CUST00595,Customer 0595,Female,Depok,2024-07-21,Jawa Barat,,,0.0,0.0,,,,,,Never Purchased,First-purchase conversion,Medium
CUST00596,Customer 0596,Female,Bekasi,2025-12-19,Jawa Barat,2025-11-26,36.0,28.0,9900650.0,3.0,5.0,4.0,354.0,12.0,Loyal Customers,"Cross-sell, upsell, loyalty rewards",High
CUST00597,Customer 0597,Male,Jakarta,2024-10-11,DKI Jakarta,2025-11-09,53.0,7.0,5275600.0,3.0,2.0,3.0,323.0,8.0,Needs Attention,Personalized engagement,Medium
CUST00598,Customer 0598,Male,Jakarta,2023-02-08,DKI Jakarta,2025-12-22,10.0,34.0,19408900.0,5.0,5.0,5.0,555.0,15.0,Champions,"Retain, VIP rewards, referral",High
CUST00599,Customer 0599,Female,Jakarta,2025-12-08,DKI Jakarta,2025-12-01,31.0,61.0,40272100.0,4.0,5.0,5.0,455.0,14.0,Champions,"Retain, VIP rewards, referral",High
CUST00600,Customer 0600,Female,Yogyakarta,2024-09-28,DI Yogyakarta,2025-12-11,21.0,21.0,6772100.0,4.0,4.0,4.0,444.0,12.0,Champions,"Retain, VIP rewards, referral",High
CUST00601,Customer 0601,Male,Jakarta,2025-11-02,DKI Jakarta,2025-12-18,14.0,17.0,10308750.0,4.0,4.0,4.0,444.0,12.0,Champions,"Retain, VIP rewards, referral",High
CUST00602,Customer 0602,Female,Bandung,2023-02-05,Jawa Barat,2025-12-25,7.0,17.0,7015250.0,5.0,4.0,4.0,544.0,13.0,Champions,"Retain, VIP rewards, referral",High
CUST00603,Customer 0603,Female,Jakarta,2023-04-11,DKI Jakarta,2025-11-12,50.0,8.0,1160000.0,3.0,3.0,1.0,331.0,7.0,Needs Attention,Personalized engagement,Medium
CUST00604,Customer 0604,Female,Bandung,2023-06-15,Jawa Barat,2025-08-27,127.0,17.0,10368850.0,2.0,4.0,4.0,244.0,10.0,At Risk,Win-back and reactivation,High
CUST00605,Customer 0605,Male,Jakarta,2024-01-18,DKI Jakarta,2024-02-24,677.0,2.0,1339000.0,1.0,1.0,2.0,112.0,4.0,Hibernating,Low-cost re-engagement,Low
CUST00606,Customer 0606,Male,Surabaya,2025-02-28,Jawa Timur,2025-12-05,27.0,35.0,18496150.0,4.0,5.0,5.0,455.0,14.0,Champions,"Retain, VIP rewards, referral",High
CUST00607,Customer 0607,Male,Jakarta,2023-01-31,DKI Jakarta,2025-06-29,186.0,16.0,10673300.0,1.0,4.0,5.0,145.0,10.0,At Risk,Win-back and reactivation,High
CUST00608,Customer 0608,Female,Semarang,2023-01-11,Jawa Tengah,2025-12-25,7.0,25.0,11143350.0,5.0,5.0,5.0,555.0,15.0,Champions,"Retain, VIP rewards, referral",High
CUST00609,Customer 0609,Female,Jakarta,2023-04-06,DKI Jakarta,2025-11-17,45.0,10.0,6862400.0,3.0,3.0,4.0,334.0,10.0,Needs Attention,Personalized engagement,Medium
CUST00610,Customer 0610,Female,Bekasi,2024-03-28,Jawa Barat,2025-10-14,79.0,3.0,1494000.0,2.0,1.0,2.0,212.0,5.0,Hibernating,Low-cost re-engagement,Low
CUST00611,Customer 0611,Male,Yogyakarta,2023-07-11,DI Yogyakarta,2024-02-14,687.0,1.0,38000.0,1.0,1.0,1.0,111.0,3.0,Hibernating,Low-cost re-engagement,Low
CUST00612,Customer 0612,Female,Tangerang,2024-04-30,Banten,2025-09-27,96.0,3.0,978100.0,2.0,1.0,1.0,211.0,4.0,Hibernating,Low-cost re-engagement,Low
CUST00613,Customer 0613,Female,Surabaya,2023-08-26,Jawa Timur,2025-12-16,16.0,7.0,2629350.0,4.0,2.0,2.0,422.0,8.0,Potential Loyalists,Encourage repeat purchase,Medium
CUST00614,Customer 0614,Female,Bandung,2025-12-24,Jawa Barat,2025-12-04,28.0,14.0,8039750.0,4.0,4.0,4.0,444.0,12.0,Champions,"Retain, VIP rewards, referral",High
CUST00615,Customer 0615,Female,Bandung,2025-01-04,Jawa Barat,2025-08-09,145.0,8.0,5387450.0,2.0,3.0,3.0,233.0,8.0,At Risk,Win-back and reactivation,High
CUST00616,Customer 0616,Male,Tangerang,2025-09-17,Banten,2025-12-16,16.0,9.0,6316400.0,4.0,3.0,4.0,434.0,11.0,Potential Loyalists,Encourage repeat purchase,Medium
CUST00617,Customer 0617,Male,Makassar,2025-04-04,Sulawesi Selatan,2025-12-31,1.0,24.0,13506950.0,5.0,5.0,5.0,555.0,15.0,Champions,"Retain, VIP rewards, referral",High
CUST00618,Customer 0618,Female,Tangerang,2023-04-16,Banten,2025-12-14,18.0,9.0,2867650.0,4.0,3.0,2.0,432.0,9.0,Potential Loyalists,Encourage repeat purchase,Medium
CUST00619,Customer 0619,Male,Bekasi,2023-06-30,Jawa Barat,2025-11-26,36.0,20.0,9944000.0,3.0,4.0,4.0,344.0,11.0,Loyal Customers,"Cross-sell, upsell, loyalty rewards",High
CUST00620,Customer 0620,Male,Depok,2023-07-03,Jawa Barat,2025-12-21,11.0,11.0,7372150.0,5.0,3.0,4.0,534.0,12.0,Potential Loyalists,Encourage repeat purchase,Medium
CUST00621,Customer 0621,Female,Surabaya,2023-08-14,Jawa Timur,2025-11-05,57.0,9.0,4932600.0,3.0,3.0,3.0,333.0,9.0,Needs Attention,Personalized engagement,Medium
CUST00622,Customer 0622,Female,Jakarta,2025-02-15,DKI Jakarta,2025-06-25,190.0,3.0,810000.0,1.0,1.0,1.0,111.0,3.0,Hibernating,Low-cost re-engagement,Low
CUST00623,Customer 0623,Male,Bekasi,2025-02-28,Jawa Barat,2025-11-13,49.0,7.0,4493450.0,3.0,2.0,3.0,323.0,8.0,Needs Attention,Personalized engagement,Medium
CUST00624,Customer 0624,Female,Bandung,2024-11-18,Jawa Barat,,,0.0,0.0,,,,,,Never Purchased,First-purchase conversion,Medium
CUST00625,Customer 0625,Male,Jakarta,2024-06-13,DKI Jakarta,2025-10-22,71.0,3.0,682800.0,3.0,1.0,1.0,311.0,5.0,Needs Attention,Personalized engagement,Medium
CUST00626,Customer 0626,Female,Tangerang,2025-08-29,Banten,2025-12-28,4.0,38.0,19549500.0,5.0,5.0,5.0,555.0,15.0,Champions,"Retain, VIP rewards, referral",High
CUST00627,Customer 0627,Male,Jakarta,2025-07-24,DKI Jakarta,2025-10-16,77.0,2.0,109000.0,2.0,1.0,1.0,211.0,4.0,Hibernating,Low-cost re-engagement,Low
CUST00628,Customer 0628,Female,Surabaya,2023-04-16,Jawa Timur,2025-10-19,74.0,15.0,7956450.0,2.0,4.0,4.0,244.0,10.0,At Risk,Win-back and reactivation,High
CUST00629,Customer 0629,Male,Jakarta,2025-04-10,DKI Jakarta,2025-10-01,92.0,3.0,382350.0,2.0,1.0,1.0,211.0,4.0,Hibernating,Low-cost re-engagement,Low
CUST00630,Customer 0630,Male,Surabaya,2024-11-09,Jawa Timur,2025-07-20,165.0,19.0,11968650.0,1.0,4.0,5.0,145.0,10.0,At Risk,Win-back and reactivation,High
CUST00631,Customer 0631,Male,Depok,2025-04-28,Jawa Barat,2025-09-15,108.0,15.0,10677150.0,2.0,4.0,5.0,245.0,11.0,At Risk,Win-back and reactivation,High
CUST00632,Customer 0632,Female,Bandung,2025-11-21,Jawa Barat,2025-04-02,274.0,2.0,251150.0,1.0,1.0,1.0,111.0,3.0,Hibernating,Low-cost re-engagement,Low
CUST00633,Customer 0633,Male,Tangerang,2024-01-28,Banten,2025-12-27,5.0,23.0,14988150.0,5.0,5.0,5.0,555.0,15.0,Champions,"Retain, VIP rewards, referral",High
CUST00634,Customer 0634,Male,Semarang,2023-02-09,Jawa Tengah,2025-12-20,12.0,18.0,12571600.0,5.0,4.0,5.0,545.0,14.0,Champions,"Retain, VIP rewards, referral",High
CUST00635,Customer 0635,Female,Medan,2024-10-21,Sumatera Utara,2025-04-28,248.0,4.0,6454050.0,1.0,2.0,4.0,124.0,7.0,Needs Attention,Personalized engagement,Medium
CUST00636,Customer 0636,Female,Jakarta,2025-09-07,DKI Jakarta,2025-10-21,72.0,11.0,4239850.0,2.0,3.0,3.0,233.0,8.0,At Risk,Win-back and reactivation,High
CUST00637,Customer 0637,Male,Bandung,2025-04-24,Jawa Barat,2024-10-15,443.0,3.0,2484400.0,1.0,1.0,2.0,112.0,4.0,Hibernating,Low-cost re-engagement,Low
CUST00638,Customer 0638,Male,Jakarta,2023-07-20,DKI Jakarta,2025-12-24,8.0,18.0,3486450.0,5.0,4.0,3.0,543.0,12.0,Loyal Customers,"Cross-sell, upsell, loyalty rewards",High
CUST00639,Customer 0639,Female,Makassar,2024-03-22,Sulawesi Selatan,2025-10-13,80.0,5.0,1638550.0,2.0,2.0,2.0,222.0,6.0,Hibernating,Low-cost re-engagement,Low
CUST00640,Customer 0640,Female,Medan,2025-11-27,Sumatera Utara,2025-12-25,7.0,13.0,6727900.0,5.0,4.0,4.0,544.0,13.0,Champions,"Retain, VIP rewards, referral",High
CUST00641,Customer 0641,Female,Surabaya,2024-03-19,Jawa Timur,2025-09-29,94.0,6.0,1074100.0,2.0,2.0,1.0,221.0,5.0,Hibernating,Low-cost re-engagement,Low
CUST00642,Customer 0642,Female,Semarang,2025-01-30,Jawa Tengah,2025-12-21,11.0,32.0,12942800.0,5.0,5.0,5.0,555.0,15.0,Champions,"Retain, VIP rewards, referral",High
CUST00643,Customer 0643,Female,Surabaya,2023-08-15,Jawa Timur,2025-12-30,2.0,50.0,23885750.0,5.0,5.0,5.0,555.0,15.0,Champions,"Retain, VIP rewards, referral",High
CUST00644,Customer 0644,Male,Bekasi,2023-02-17,Jawa Barat,2025-12-13,19.0,20.0,15935800.0,4.0,4.0,5.0,445.0,13.0,Champions,"Retain, VIP rewards, referral",High
CUST00645,Customer 0645,Female,Jakarta,2025-11-07,DKI Jakarta,2025-12-24,8.0,19.0,2908700.0,5.0,4.0,2.0,542.0,11.0,Loyal Customers,"Cross-sell, upsell, loyalty rewards",High
CUST00646,Customer 0646,Male,Depok,2025-06-30,Jawa Barat,2024-07-27,523.0,4.0,8052950.0,1.0,2.0,4.0,124.0,7.0,Needs Attention,Personalized engagement,Medium
CUST00647,Customer 0647,Male,Jakarta,2023-07-06,DKI Jakarta,2025-03-30,277.0,4.0,225300.0,1.0,2.0,1.0,121.0,4.0,Hibernating,Low-cost re-engagement,Low
CUST00648,Customer 0648,Male,Semarang,2023-12-11,Jawa Tengah,2025-06-23,192.0,5.0,911550.0,1.0,2.0,1.0,121.0,4.0,Hibernating,Low-cost re-engagement,Low
CUST00649,Customer 0649,Female,Depok,2023-08-12,Jawa Barat,2025-09-13,110.0,8.0,1146800.0,2.0,3.0,1.0,231.0,6.0,At Risk,Win-back and reactivation,High
CUST00650,Customer 0650,Male,Tangerang,2025-04-09,Banten,2025-09-27,96.0,9.0,5056700.0,2.0,3.0,3.0,233.0,8.0,At Risk,Win-back and reactivation,High
CUST00651,Customer 0651,Male,Jakarta,2024-05-02,DKI Jakarta,2025-12-23,9.0,20.0,9569050.0,5.0,4.0,4.0,544.0,13.0,Champions,"Retain, VIP rewards, referral",High
CUST00652,Customer 0652,Female,Bandung,2025-05-26,Jawa Barat,2024-01-14,718.0,1.0,27900.0,1.0,1.0,1.0,111.0,3.0,Hibernating,Low-cost re-engagement,Low
CUST00653,Customer 0653,Male,Jakarta,2025-04-28,DKI Jakarta,2025-08-12,142.0,7.0,2472550.0,2.0,2.0,2.0,222.0,6.0,Hibernating,Low-cost re-engagement,Low
CUST00654,Customer 0654,Male,Bandung,2025-09-05,Jawa Barat,,,0.0,0.0,,,,,,Never Purchased,First-purchase conversion,Medium
CUST00655,Customer 0655,Female,Jakarta,2025-10-13,DKI Jakarta,2025-11-21,41.0,21.0,7261450.0,3.0,4.0,4.0,344.0,11.0,Loyal Customers,"Cross-sell, upsell, loyalty rewards",High
CUST00656,Customer 0656,Male,Medan,2023-07-07,Sumatera Utara,2025-12-11,21.0,8.0,4019900.0,4.0,3.0,3.0,433.0,10.0,Potential Loyalists,Encourage repeat purchase,Medium
CUST00657,Customer 0657,Male,Bekasi,2023-09-27,Jawa Barat,2025-12-18,14.0,25.0,9607750.0,4.0,5.0,4.0,454.0,13.0,Champions,"Retain, VIP rewards, referral",High
CUST00658,Customer 0658,Male,Bandung,2023-11-06,Jawa Barat,,,0.0,0.0,,,,,,Never Purchased,First-purchase conversion,Medium
CUST00659,Customer 0659,Female,Bandung,2025-04-24,Jawa Barat,2025-09-10,113.0,2.0,260400.0,2.0,1.0,1.0,211.0,4.0,Hibernating,Low-cost re-engagement,Low
CUST00660,Customer 0660,Female,Surabaya,2024-04-30,Jawa Timur,2025-12-31,1.0,9.0,2994550.0,5.0,3.0,2.0,532.0,10.0,Potential Loyalists,Encourage repeat purchase,Medium
CUST00661,Customer 0661,Female,Bekasi,2023-04-30,Jawa Barat,2025-12-01,31.0,61.0,25883050.0,4.0,5.0,5.0,455.0,14.0,Champions,"Retain, VIP rewards, referral",High
CUST00662,Customer 0662,Male,Surabaya,2023-08-08,Jawa Timur,2025-05-19,227.0,1.0,301600.0,1.0,1.0,1.0,111.0,3.0,Hibernating,Low-cost re-engagement,Low
CUST00663,Customer 0663,Male,Medan,2023-02-22,Sumatera Utara,2025-12-27,5.0,12.0,4755850.0,5.0,3.0,3.0,533.0,11.0,Potential Loyalists,Encourage repeat purchase,Medium
CUST00664,Customer 0664,Female,Surabaya,2025-01-27,Jawa Timur,2025-12-21,11.0,21.0,4988600.0,5.0,4.0,3.0,543.0,12.0,Loyal Customers,"Cross-sell, upsell, loyalty rewards",High
CUST00665,Customer 0665,Male,Makassar,2025-01-07,Sulawesi Selatan,2025-12-02,30.0,20.0,6505200.0,4.0,4.0,4.0,444.0,12.0,Champions,"Retain, VIP rewards, referral",High
CUST00666,Customer 0666,Male,Yogyakarta,2024-12-20,DI Yogyakarta,2025-07-23,162.0,4.0,1774300.0,1.0,2.0,2.0,122.0,5.0,Hibernating,Low-cost re-engagement,Low
CUST00667,Customer 0667,Female,Jakarta,2024-02-10,DKI Jakarta,2025-11-16,46.0,3.0,642150.0,3.0,1.0,1.0,311.0,5.0,Needs Attention,Personalized engagement,Medium
CUST00668,Customer 0668,Female,Medan,2024-08-30,Sumatera Utara,2025-09-07,116.0,8.0,3894650.0,2.0,3.0,3.0,233.0,8.0,At Risk,Win-back and reactivation,High
CUST00669,Customer 0669,Male,Jakarta,2025-10-17,DKI Jakarta,2025-12-16,16.0,26.0,12396600.0,4.0,5.0,5.0,455.0,14.0,Champions,"Retain, VIP rewards, referral",High
CUST00670,Customer 0670,Male,Semarang,2024-02-26,Jawa Tengah,2025-12-27,5.0,12.0,5112450.0,5.0,3.0,3.0,533.0,11.0,Potential Loyalists,Encourage repeat purchase,Medium
CUST00671,Customer 0671,Male,Bandung,2024-12-12,Jawa Barat,,,0.0,0.0,,,,,,Never Purchased,First-purchase conversion,Medium
CUST00672,Customer 0672,Female,Yogyakarta,2023-09-04,DI Yogyakarta,,,0.0,0.0,,,,,,Never Purchased,First-purchase conversion,Medium
CUST00673,Customer 0673,Female,Yogyakarta,2023-03-13,DI Yogyakarta,2025-12-30,2.0,18.0,9913100.0,5.0,4.0,4.0,544.0,13.0,Champions,"Retain, VIP rewards, referral",High
CUST00674,Customer 0674,Female,Semarang,2023-07-04,Jawa Tengah,2025-11-23,39.0,2.0,2832600.0,3.0,1.0,2.0,312.0,6.0,Needs Attention,Personalized engagement,Medium
CUST00675,Customer 0675,Unknown,Semarang,2023-01-06,Jawa Tengah,2025-03-01,306.0,1.0,313000.0,1.0,1.0,1.0,111.0,3.0,Hibernating,Low-cost re-engagement,Low
CUST00676,Customer 0676,Male,Bandung,2025-06-24,Jawa Barat,2025-11-03,59.0,11.0,7243600.0,3.0,3.0,4.0,334.0,10.0,Needs Attention,Personalized engagement,Medium
CUST00677,Customer 0677,Female,Jakarta,2024-01-22,DKI Jakarta,2025-12-01,31.0,25.0,5823200.0,4.0,5.0,4.0,454.0,13.0,Champions,"Retain, VIP rewards, referral",High
CUST00678,Customer 0678,Female,Bandung,2024-11-29,Jawa Barat,2025-11-26,36.0,32.0,8411950.0,3.0,5.0,4.0,354.0,12.0,Loyal Customers,"Cross-sell, upsell, loyalty rewards",High
CUST00679,Customer 0679,Female,Jakarta,2025-04-06,DKI Jakarta,2025-07-04,181.0,1.0,162000.0,1.0,1.0,1.0,111.0,3.0,Hibernating,Low-cost re-engagement,Low
CUST00680,Customer 0680,Female,Tangerang,2023-12-15,Banten,,,0.0,0.0,,,,,,Never Purchased,First-purchase conversion,Medium
CUST00681,Customer 0681,Female,Bandung,2023-11-04,Jawa Barat,2025-12-28,4.0,7.0,4373850.0,5.0,2.0,3.0,523.0,10.0,Potential Loyalists,Encourage repeat purchase,Medium
CUST00682,Customer 0682,Male,Makassar,2023-10-14,Sulawesi Selatan,2025-12-26,6.0,12.0,6287400.0,5.0,3.0,4.0,534.0,12.0,Potential Loyalists,Encourage repeat purchase,Medium
CUST00683,Customer 0683,Male,Tangerang,2025-02-04,Banten,2025-09-12,111.0,2.0,491600.0,2.0,1.0,1.0,211.0,4.0,Hibernating,Low-cost re-engagement,Low
CUST00684,Customer 0684,Female,Semarang,2024-12-25,Jawa Tengah,2025-08-29,125.0,5.0,2372200.0,2.0,2.0,2.0,222.0,6.0,Hibernating,Low-cost re-engagement,Low
CUST00685,Customer 0685,Male,Jakarta,2025-01-31,DKI Jakarta,2025-11-23,39.0,10.0,2782450.0,3.0,3.0,2.0,332.0,8.0,Needs Attention,Personalized engagement,Medium
CUST00686,Customer 0686,Female,Yogyakarta,2024-01-18,DI Yogyakarta,2025-11-17,45.0,9.0,11920450.0,3.0,3.0,5.0,335.0,11.0,Needs Attention,Personalized engagement,Medium
CUST00687,Customer 0687,Female,Medan,2024-01-23,Sumatera Utara,2025-12-12,20.0,30.0,12562450.0,4.0,5.0,5.0,455.0,14.0,Champions,"Retain, VIP rewards, referral",High
CUST00688,Customer 0688,Male,Surabaya,2024-06-08,Jawa Timur,,,0.0,0.0,,,,,,Never Purchased,First-purchase conversion,Medium
CUST00689,Customer 0689,Male,Bekasi,2024-09-30,Jawa Barat,2025-12-23,9.0,18.0,19308250.0,5.0,4.0,5.0,545.0,14.0,Champions,"Retain, VIP rewards, referral",High
CUST00690,Customer 0690,Female,Depok,2025-07-26,Jawa Barat,2025-10-11,82.0,13.0,6393550.0,2.0,4.0,4.0,244.0,10.0,At Risk,Win-back and reactivation,High
CUST00691,Customer 0691,Female,Jakarta,2023-10-03,DKI Jakarta,2025-11-23,39.0,10.0,5169650.0,3.0,3.0,3.0,333.0,9.0,Needs Attention,Personalized engagement,Medium
CUST00692,Customer 0692,Female,Surabaya,2024-05-14,Jawa Timur,2025-06-24,191.0,4.0,1281800.0,1.0,2.0,2.0,122.0,5.0,Hibernating,Low-cost re-engagement,Low
CUST00693,Customer 0693,Male,Bandung,2024-12-17,Jawa Barat,2025-12-10,22.0,19.0,16482450.0,4.0,4.0,5.0,445.0,13.0,Champions,"Retain, VIP rewards, referral",High
CUST00694,Customer 0694,Female,Jakarta,2023-12-03,DKI Jakarta,2025-03-08,299.0,1.0,31450.0,1.0,1.0,1.0,111.0,3.0,Hibernating,Low-cost re-engagement,Low
CUST00695,Customer 0695,Female,Bandung,2025-07-20,Jawa Barat,2025-12-08,24.0,20.0,10233750.0,4.0,4.0,4.0,444.0,12.0,Champions,"Retain, VIP rewards, referral",High
CUST00696,Customer 0696,Female,Jakarta,2024-04-25,DKI Jakarta,2025-11-15,47.0,25.0,9677300.0,3.0,5.0,4.0,354.0,12.0,Loyal Customers,"Cross-sell, upsell, loyalty rewards",High
CUST00697,Customer 0697,Male,Jakarta,2025-06-29,DKI Jakarta,2025-11-29,33.0,13.0,5409800.0,4.0,4.0,3.0,443.0,11.0,Loyal Customers,"Cross-sell, upsell, loyalty rewards",High
CUST00698,Customer 0698,Female,Jakarta,2025-12-17,DKI Jakarta,2025-11-01,61.0,2.0,71100.0,3.0,1.0,1.0,311.0,5.0,Needs Attention,Personalized engagement,Medium
CUST00699,Customer 0699,Female,Makassar,2023-04-19,Sulawesi Selatan,2025-11-02,60.0,28.0,15543000.0,3.0,5.0,5.0,355.0,13.0,Loyal Customers,"Cross-sell, upsell, loyalty rewards",High
CUST00700,Customer 0700,Male,Bekasi,2023-11-24,Jawa Barat,,,0.0,0.0,,,,,,Never Purchased,First-purchase conversion,Medium
CUST00701,Customer 0701,Female,Makassar,2023-11-11,Sulawesi Selatan,2025-12-26,6.0,17.0,4252550.0,5.0,4.0,3.0,543.0,12.0,Loyal Customers,"Cross-sell, upsell, loyalty rewards",High
CUST00702,Customer 0702,Female,Surabaya,2024-11-29,Jawa Timur,2025-12-22,10.0,74.0,26156000.0,5.0,5.0,5.0,555.0,15.0,Champions,"Retain, VIP rewards, referral",High
CUST00703,Customer 0703,Male,Bandung,2025-02-19,Jawa Barat,2025-12-21,11.0,11.0,4961950.0,5.0,3.0,3.0,533.0,11.0,Potential Loyalists,Encourage repeat purchase,Medium
CUST00704,Customer 0704,Female,Surabaya,2023-06-05,Jawa Timur,2025-12-22,10.0,21.0,6284850.0,5.0,4.0,4.0,544.0,13.0,Champions,"Retain, VIP rewards, referral",High
CUST00705,Customer 0705,Male,Surabaya,2025-06-05,Jawa Timur,2024-09-25,463.0,1.0,364000.0,1.0,1.0,1.0,111.0,3.0,Hibernating,Low-cost re-engagement,Low
CUST00706,Customer 0706,Male,Jakarta,2025-10-22,DKI Jakarta,,,0.0,0.0,,,,,,Never Purchased,First-purchase conversion,Medium
CUST00707,Customer 0707,Female,Tangerang,2025-01-27,Banten,2025-04-16,260.0,6.0,2314550.0,1.0,2.0,2.0,122.0,5.0,Hibernating,Low-cost re-engagement,Low
CUST00708,Customer 0708,Female,Jakarta,2024-12-22,DKI Jakarta,2025-11-20,42.0,4.0,920200.0,3.0,2.0,1.0,321.0,6.0,Needs Attention,Personalized engagement,Medium
CUST00709,Customer 0709,Female,Bekasi,2025-07-01,Jawa Barat,2025-12-29,3.0,12.0,6179800.0,5.0,3.0,4.0,534.0,12.0,Potential Loyalists,Encourage repeat purchase,Medium
CUST00710,Customer 0710,Female,Tangerang,2025-05-20,Banten,2025-01-18,348.0,2.0,348250.0,1.0,1.0,1.0,111.0,3.0,Hibernating,Low-cost re-engagement,Low
CUST00711,Customer 0711,Male,Jakarta,2023-01-13,DKI Jakarta,2025-12-06,26.0,11.0,4900700.0,4.0,3.0,3.0,433.0,10.0,Potential Loyalists,Encourage repeat purchase,Medium
CUST00712,Customer 0712,Female,Jakarta,2024-08-30,DKI Jakarta,2025-12-02,30.0,19.0,5733250.0,4.0,4.0,4.0,444.0,12.0,Champions,"Retain, VIP rewards, referral",High
CUST00713,Customer 0713,Male,Depok,2024-05-12,Jawa Barat,2025-12-27,5.0,17.0,4047600.0,5.0,4.0,3.0,543.0,12.0,Loyal Customers,"Cross-sell, upsell, loyalty rewards",High
CUST00714,Customer 0714,Female,Surabaya,2023-08-26,Jawa Timur,2025-03-28,279.0,4.0,945300.0,1.0,2.0,1.0,121.0,4.0,Hibernating,Low-cost re-engagement,Low
CUST00715,Customer 0715,Female,Jakarta,2025-02-19,DKI Jakarta,2025-10-01,92.0,12.0,5280100.0,2.0,3.0,3.0,233.0,8.0,At Risk,Win-back and reactivation,High
CUST00716,Customer 0716,Female,Makassar,2024-08-28,Sulawesi Selatan,2024-12-19,378.0,4.0,2697250.0,1.0,2.0,2.0,122.0,5.0,Hibernating,Low-cost re-engagement,Low
CUST00717,Customer 0717,Male,Jakarta,2024-10-22,DKI Jakarta,2025-10-29,64.0,12.0,3823350.0,3.0,3.0,3.0,333.0,9.0,Needs Attention,Personalized engagement,Medium
CUST00718,Customer 0718,Female,Tangerang,2025-04-28,Banten,2025-11-17,45.0,18.0,5783600.0,3.0,4.0,4.0,344.0,11.0,Loyal Customers,"Cross-sell, upsell, loyalty rewards",High
CUST00719,Customer 0719,Female,Jakarta,2025-07-24,DKI Jakarta,2025-11-21,41.0,8.0,6956700.0,3.0,3.0,4.0,334.0,10.0,Needs Attention,Personalized engagement,Medium
CUST00720,Customer 0720,Female,Jakarta,2024-09-19,DKI Jakarta,2025-10-23,70.0,5.0,1848650.0,3.0,2.0,2.0,322.0,7.0,Needs Attention,Personalized engagement,Medium
CUST00721,Customer 0721,Female,Jakarta,2023-05-23,DKI Jakarta,2025-12-04,28.0,8.0,4072200.0,4.0,3.0,3.0,433.0,10.0,Potential Loyalists,Encourage repeat purchase,Medium
CUST00722,Customer 0722,Male,Jakarta,2024-12-14,DKI Jakarta,2025-11-19,43.0,25.0,5756300.0,3.0,5.0,4.0,354.0,12.0,Loyal Customers,"Cross-sell, upsell, loyalty rewards",High
CUST00723,Customer 0723,Female,Bandung,2024-04-23,Jawa Barat,2025-12-23,9.0,37.0,14172400.0,5.0,5.0,5.0,555.0,15.0,Champions,"Retain, VIP rewards, referral",High
CUST00724,Customer 0724,Male,Jakarta,2024-07-18,DKI Jakarta,2025-12-29,3.0,3.0,1239150.0,5.0,1.0,2.0,512.0,8.0,New Customers,Welcome and second-purchase campaign,Medium
CUST00725,Customer 0725,Male,Tangerang,2024-04-15,Banten,2025-11-18,44.0,19.0,6692350.0,3.0,4.0,4.0,344.0,11.0,Loyal Customers,"Cross-sell, upsell, loyalty rewards",High
CUST00726,Customer 0726,Unknown,Jakarta,2024-01-19,DKI Jakarta,2025-12-20,12.0,9.0,5154450.0,5.0,3.0,3.0,533.0,11.0,Potential Loyalists,Encourage repeat purchase,Medium
CUST00727,Customer 0727,Male,Surabaya,2025-07-14,Jawa Timur,2025-11-23,39.0,23.0,16857350.0,3.0,5.0,5.0,355.0,13.0,Loyal Customers,"Cross-sell, upsell, loyalty rewards",High
CUST00728,Customer 0728,Male,Makassar,2024-02-21,Sulawesi Selatan,2025-06-21,194.0,3.0,1121250.0,1.0,1.0,1.0,111.0,3.0,Hibernating,Low-cost re-engagement,Low
CUST00729,Customer 0729,Male,Semarang,2023-11-04,Jawa Tengah,2025-12-06,26.0,22.0,10741950.0,4.0,5.0,5.0,455.0,14.0,Champions,"Retain, VIP rewards, referral",High
CUST00730,Customer 0730,Female,Bekasi,2024-10-10,Jawa Barat,2025-07-02,183.0,6.0,1897400.0,1.0,2.0,2.0,122.0,5.0,Hibernating,Low-cost re-engagement,Low
CUST00731,Customer 0731,Male,Bandung,2025-10-21,Jawa Barat,2025-08-08,146.0,3.0,1209100.0,2.0,1.0,2.0,212.0,5.0,Hibernating,Low-cost re-engagement,Low
CUST00732,Customer 0732,Male,Bekasi,2025-12-03,Jawa Barat,2025-11-15,47.0,18.0,6516700.0,3.0,4.0,4.0,344.0,11.0,Loyal Customers,"Cross-sell, upsell, loyalty rewards",High
CUST00733,Customer 0733,Male,Surabaya,2025-01-08,Jawa Timur,2025-12-19,13.0,35.0,13666600.0,5.0,5.0,5.0,555.0,15.0,Champions,"Retain, VIP rewards, referral",High
CUST00734,Customer 0734,Female,Surabaya,2023-05-20,Jawa Timur,2025-12-16,16.0,18.0,18058400.0,4.0,4.0,5.0,445.0,13.0,Champions,"Retain, VIP rewards, referral",High
CUST00735,Customer 0735,Female,Jakarta,2025-08-31,DKI Jakarta,2025-05-15,231.0,5.0,1816900.0,1.0,2.0,2.0,122.0,5.0,Hibernating,Low-cost re-engagement,Low
CUST00736,Customer 0736,Male,Yogyakarta,2025-10-13,DI Yogyakarta,2025-12-05,27.0,13.0,4832050.0,4.0,4.0,3.0,443.0,11.0,Loyal Customers,"Cross-sell, upsell, loyalty rewards",High
CUST00737,Customer 0737,Female,Surabaya,2025-08-10,Jawa Timur,2024-12-26,371.0,1.0,344000.0,1.0,1.0,1.0,111.0,3.0,Hibernating,Low-cost re-engagement,Low
CUST00738,Customer 0738,Male,Jakarta,2025-06-22,DKI Jakarta,2025-12-11,21.0,25.0,10985750.0,4.0,5.0,5.0,455.0,14.0,Champions,"Retain, VIP rewards, referral",High
CUST00739,Customer 0739,Male,Bandung,2023-03-13,Jawa Barat,2025-12-28,4.0,66.0,43092250.0,5.0,5.0,5.0,555.0,15.0,Champions,"Retain, VIP rewards, referral",High
CUST00740,Customer 0740,Female,Bandung,2023-04-17,Jawa Barat,2025-12-17,15.0,6.0,1976100.0,4.0,2.0,2.0,422.0,8.0,Potential Loyalists,Encourage repeat purchase,Medium
CUST00741,Customer 0741,Male,Semarang,2025-12-01,Jawa Tengah,2025-12-08,24.0,31.0,9191450.0,4.0,5.0,4.0,454.0,13.0,Champions,"Retain, VIP rewards, referral",High
CUST00742,Customer 0742,Female,Depok,2025-06-01,Jawa Barat,2025-08-19,135.0,9.0,3173350.0,2.0,3.0,3.0,233.0,8.0,At Risk,Win-back and reactivation,High
CUST00743,Customer 0743,Female,Depok,2023-05-19,Jawa Barat,2025-04-22,254.0,2.0,1279850.0,1.0,1.0,2.0,112.0,4.0,Hibernating,Low-cost re-engagement,Low
CUST00744,Customer 0744,Male,Jakarta,2024-09-06,DKI Jakarta,2025-12-05,27.0,1.0,417600.0,4.0,1.0,1.0,411.0,6.0,Needs Attention,Personalized engagement,Medium
CUST00745,Customer 0745,Male,Bandung,2025-05-12,Jawa Barat,2025-12-11,21.0,30.0,10399800.0,4.0,5.0,4.0,454.0,13.0,Champions,"Retain, VIP rewards, referral",High
CUST00746,Customer 0746,Female,Surabaya,2023-09-30,Jawa Timur,2025-11-20,42.0,10.0,5537600.0,3.0,3.0,3.0,333.0,9.0,Needs Attention,Personalized engagement,Medium
CUST00747,Customer 0747,Male,Jakarta,2024-02-20,DKI Jakarta,2025-10-16,77.0,5.0,595000.0,2.0,2.0,1.0,221.0,5.0,Hibernating,Low-cost re-engagement,Low
CUST00748,Customer 0748,Male,Jakarta,2024-05-20,DKI Jakarta,2025-11-11,51.0,9.0,1988000.0,3.0,3.0,2.0,332.0,8.0,Needs Attention,Personalized engagement,Medium
CUST00749,Customer 0749,Male,Depok,2025-01-02,Jawa Barat,2025-12-14,18.0,14.0,9154200.0,4.0,4.0,4.0,444.0,12.0,Champions,"Retain, VIP rewards, referral",High
CUST00750,Customer 0750,Female,Jakarta,2024-02-28,DKI Jakarta,2025-12-16,16.0,5.0,2813700.0,4.0,2.0,2.0,422.0,8.0,Potential Loyalists,Encourage repeat purchase,Medium
CUST00751,Customer 0751,Female,Surabaya,2024-01-25,Jawa Timur,2025-06-09,206.0,5.0,1127350.0,1.0,2.0,1.0,121.0,4.0,Hibernating,Low-cost re-engagement,Low
CUST00752,Customer 0752,Male,Jakarta,2023-12-08,DKI Jakarta,2025-10-16,77.0,7.0,3222000.0,2.0,2.0,3.0,223.0,7.0,Needs Attention,Personalized engagement,Medium
CUST00753,Customer 0753,Female,Jakarta,2025-08-03,DKI Jakarta,2025-11-14,48.0,5.0,833600.0,3.0,2.0,1.0,321.0,6.0,Needs Attention,Personalized engagement,Medium
CUST00754,Customer 0754,Female,Jakarta,2024-09-05,DKI Jakarta,2025-05-22,224.0,7.0,639900.0,1.0,2.0,1.0,121.0,4.0,Hibernating,Low-cost re-engagement,Low
CUST00755,Customer 0755,Female,Makassar,2024-05-07,Sulawesi Selatan,2025-10-17,76.0,9.0,8880000.0,2.0,3.0,4.0,234.0,9.0,At Risk,Win-back and reactivation,High
CUST00756,Customer 0756,Female,Semarang,2023-07-11,Jawa Tengah,2025-11-16,46.0,25.0,14562200.0,3.0,5.0,5.0,355.0,13.0,Loyal Customers,"Cross-sell, upsell, loyalty rewards",High
CUST00757,Customer 0757,Female,Makassar,2024-05-13,Sulawesi Selatan,2025-12-26,6.0,67.0,25041500.0,5.0,5.0,5.0,555.0,15.0,Champions,"Retain, VIP rewards, referral",High
CUST00758,Customer 0758,Male,Surabaya,2025-04-01,Jawa Timur,2024-08-20,499.0,2.0,143050.0,1.0,1.0,1.0,111.0,3.0,Hibernating,Low-cost re-engagement,Low
CUST00759,Customer 0759,Male,Jakarta,2023-08-15,DKI Jakarta,,,0.0,0.0,,,,,,Never Purchased,First-purchase conversion,Medium
CUST00760,Customer 0760,Male,Bekasi,2023-05-19,Jawa Barat,2025-09-22,101.0,11.0,3127650.0,2.0,3.0,3.0,233.0,8.0,At Risk,Win-back and reactivation,High
CUST00761,Customer 0761,Female,Surabaya,2025-05-05,Jawa Timur,2025-04-13,263.0,2.0,444400.0,1.0,1.0,1.0,111.0,3.0,Hibernating,Low-cost re-engagement,Low
CUST00762,Customer 0762,Female,Semarang,2025-03-27,Jawa Tengah,2025-02-09,326.0,5.0,1414850.0,1.0,2.0,2.0,122.0,5.0,Hibernating,Low-cost re-engagement,Low
CUST00763,Customer 0763,Male,Jakarta,2025-12-22,DKI Jakarta,2025-12-01,31.0,21.0,7620550.0,4.0,4.0,4.0,444.0,12.0,Champions,"Retain, VIP rewards, referral",High
CUST00764,Customer 0764,Female,Surabaya,2023-04-14,Jawa Timur,2025-11-10,52.0,10.0,2670600.0,3.0,3.0,2.0,332.0,8.0,Needs Attention,Personalized engagement,Medium
CUST00765,Customer 0765,Male,Jakarta,2025-05-20,DKI Jakarta,,,0.0,0.0,,,,,,Never Purchased,First-purchase conversion,Medium
CUST00766,Customer 0766,Male,Bandung,2024-10-29,Jawa Barat,2025-07-09,176.0,7.0,2194200.0,1.0,2.0,2.0,122.0,5.0,Hibernating,Low-cost re-engagement,Low
CUST00767,Customer 0767,Male,Depok,2023-09-30,Jawa Barat,2025-10-07,86.0,6.0,1687200.0,2.0,2.0,2.0,222.0,6.0,Hibernating,Low-cost re-engagement,Low
CUST00768,Customer 0768,Female,Surabaya,2025-10-26,Jawa Timur,2025-08-24,130.0,6.0,3702400.0,2.0,2.0,3.0,223.0,7.0,Needs Attention,Personalized engagement,Medium
CUST00769,Customer 0769,Female,Bandung,2023-07-03,Jawa Barat,2025-12-20,12.0,24.0,10424400.0,5.0,5.0,4.0,554.0,14.0,Champions,"Retain, VIP rewards, referral",High
CUST00770,Customer 0770,Male,Bandung,2025-11-17,Jawa Barat,2025-11-05,57.0,21.0,20135750.0,3.0,4.0,5.0,345.0,12.0,Loyal Customers,"Cross-sell, upsell, loyalty rewards",High
CUST00771,Customer 0771,Male,Surabaya,2023-10-20,Jawa Timur,2025-05-31,215.0,9.0,3502950.0,1.0,3.0,3.0,133.0,7.0,At Risk,Win-back and reactivation,High
CUST00772,Customer 0772,Male,Depok,2023-06-26,Jawa Barat,2025-12-25,7.0,57.0,28976200.0,5.0,5.0,5.0,555.0,15.0,Champions,"Retain, VIP rewards, referral",High
CUST00773,Customer 0773,Male,Yogyakarta,2023-02-27,DI Yogyakarta,2025-05-28,218.0,2.0,1151300.0,1.0,1.0,1.0,111.0,3.0,Hibernating,Low-cost re-engagement,Low
CUST00774,Customer 0774,Female,Makassar,2023-11-04,Sulawesi Selatan,2025-08-01,153.0,8.0,3060300.0,2.0,3.0,3.0,233.0,8.0,At Risk,Win-back and reactivation,High
CUST00775,Customer 0775,Female,Depok,2025-09-03,Jawa Barat,2025-11-27,35.0,12.0,5110950.0,3.0,3.0,3.0,333.0,9.0,Needs Attention,Personalized engagement,Medium
CUST00776,Customer 0776,Male,Bandung,2024-11-30,Jawa Barat,,,0.0,0.0,,,,,,Never Purchased,First-purchase conversion,Medium
CUST00777,Customer 0777,Male,Tangerang,2023-03-24,Banten,2025-12-24,8.0,14.0,4013700.0,5.0,4.0,3.0,543.0,12.0,Loyal Customers,"Cross-sell, upsell, loyalty rewards",High
CUST00778,Customer 0778,Female,Surabaya,2023-09-09,Jawa Timur,,,0.0,0.0,,,,,,Never Purchased,First-purchase conversion,Medium
CUST00779,Customer 0779,Female,Jakarta,2025-03-06,DKI Jakarta,2025-08-13,141.0,2.0,354650.0,2.0,1.0,1.0,211.0,4.0,Hibernating,Low-cost re-engagement,Low
CUST00780,Customer 0780,Male,Semarang,2025-06-15,Jawa Tengah,2025-11-12,50.0,5.0,1601900.0,3.0,2.0,2.0,322.0,7.0,Needs Attention,Personalized engagement,Medium
CUST00781,Customer 0781,Male,Jakarta,2023-07-29,DKI Jakarta,,,0.0,0.0,,,,,,Never Purchased,First-purchase conversion,Medium
CUST00782,Customer 0782,Male,Medan,2025-03-26,Sumatera Utara,2025-12-13,19.0,11.0,5322650.0,4.0,3.0,3.0,433.0,10.0,Potential Loyalists,Encourage repeat purchase,Medium
CUST00783,Customer 0783,Female,Surabaya,2024-08-31,Jawa Timur,2025-12-03,29.0,5.0,3981800.0,4.0,2.0,3.0,423.0,9.0,Potential Loyalists,Encourage repeat purchase,Medium
CUST00784,Customer 0784,Female,Tangerang,2024-03-22,Banten,2025-12-13,19.0,9.0,2694100.0,4.0,3.0,2.0,432.0,9.0,Potential Loyalists,Encourage repeat purchase,Medium
CUST00785,Customer 0785,Female,Tangerang,2024-04-04,Banten,2025-10-27,66.0,16.0,10617800.0,3.0,4.0,4.0,344.0,11.0,Loyal Customers,"Cross-sell, upsell, loyalty rewards",High
CUST00786,Customer 0786,Male,Yogyakarta,2025-08-25,DI Yogyakarta,2025-11-04,58.0,7.0,1530300.0,3.0,2.0,2.0,322.0,7.0,Needs Attention,Personalized engagement,Medium
CUST00787,Customer 0787,Male,Tangerang,2024-04-16,Banten,2025-04-17,259.0,13.0,3205650.0,1.0,4.0,3.0,143.0,8.0,At Risk,Win-back and reactivation,High
CUST00788,Customer 0788,Female,Bekasi,2024-01-05,Jawa Barat,2025-11-08,54.0,13.0,4075700.0,3.0,4.0,3.0,343.0,10.0,Loyal Customers,"Cross-sell, upsell, loyalty rewards",High
CUST00789,Customer 0789,Female,Jakarta,2025-06-18,DKI Jakarta,2025-12-23,9.0,6.0,1316900.0,5.0,2.0,2.0,522.0,9.0,Potential Loyalists,Encourage repeat purchase,Medium
CUST00790,Customer 0790,Male,Surabaya,2025-07-11,Jawa Timur,2025-10-15,78.0,12.0,3047900.0,2.0,3.0,3.0,233.0,8.0,At Risk,Win-back and reactivation,High
CUST00791,Customer 0791,Female,Jakarta,2023-05-17,DKI Jakarta,2024-07-15,535.0,1.0,19550.0,1.0,1.0,1.0,111.0,3.0,Hibernating,Low-cost re-engagement,Low
CUST00792,Customer 0792,Female,Depok,2024-01-02,Jawa Barat,2025-09-30,93.0,10.0,7542900.0,2.0,3.0,4.0,234.0,9.0,At Risk,Win-back and reactivation,High
CUST00793,Customer 0793,Male,Surabaya,2025-06-30,Jawa Timur,2025-03-31,276.0,2.0,198400.0,1.0,1.0,1.0,111.0,3.0,Hibernating,Low-cost re-engagement,Low
CUST00794,Customer 0794,Female,Tangerang,2023-07-03,Banten,2025-12-23,9.0,31.0,10639150.0,5.0,5.0,5.0,555.0,15.0,Champions,"Retain, VIP rewards, referral",High
CUST00795,Customer 0795,Male,Jakarta,2024-04-16,DKI Jakarta,2025-09-01,122.0,7.0,918950.0,2.0,2.0,1.0,221.0,5.0,Hibernating,Low-cost re-engagement,Low
CUST00796,Customer 0796,Male,Jakarta,2024-10-15,DKI Jakarta,2025-08-01,153.0,7.0,1644300.0,2.0,2.0,2.0,222.0,6.0,Hibernating,Low-cost re-engagement,Low
CUST00797,Customer 0797,Male,Tangerang,2025-01-18,Banten,2025-11-29,33.0,12.0,6547300.0,4.0,3.0,4.0,434.0,11.0,Potential Loyalists,Encourage repeat purchase,Medium
CUST00798,Customer 0798,Male,Jakarta,2024-06-20,DKI Jakarta,2025-12-26,6.0,29.0,14904950.0,5.0,5.0,5.0,555.0,15.0,Champions,"Retain, VIP rewards, referral",High
CUST00799,Customer 0799,Male,Jakarta,2025-03-12,DKI Jakarta,2025-10-17,76.0,4.0,729000.0,2.0,2.0,1.0,221.0,5.0,Hibernating,Low-cost re-engagement,Low
CUST00800,Customer 0800,Male,Jakarta,2025-07-08,DKI Jakarta,2025-06-24,191.0,2.0,886500.0,1.0,1.0,1.0,111.0,3.0,Hibernating,Low-cost re-engagement,Low
CUST00801,Customer 0801,Male,Makassar,2024-05-24,Sulawesi Selatan,2025-12-09,23.0,12.0,4047900.0,4.0,3.0,3.0,433.0,10.0,Potential Loyalists,Encourage repeat purchase,Medium
CUST00802,Customer 0802,Female,Depok,2024-09-21,Jawa Barat,2025-12-27,5.0,7.0,2586500.0,5.0,2.0,2.0,522.0,9.0,Potential Loyalists,Encourage repeat purchase,Medium
CUST00803,Customer 0803,Male,Bandung,2025-09-28,Jawa Barat,2025-12-14,18.0,13.0,6672500.0,4.0,4.0,4.0,444.0,12.0,Champions,"Retain, VIP rewards, referral",High
CUST00804,Customer 0804,Male,Bandung,2025-07-04,Jawa Barat,2025-11-07,55.0,18.0,7285850.0,3.0,4.0,4.0,344.0,11.0,Loyal Customers,"Cross-sell, upsell, loyalty rewards",High
CUST00805,Customer 0805,Female,Bandung,2025-10-30,Jawa Barat,,,0.0,0.0,,,,,,Never Purchased,First-purchase conversion,Medium
CUST00806,Customer 0806,Female,Depok,2023-06-01,Jawa Barat,2025-12-30,2.0,20.0,14375700.0,5.0,4.0,5.0,545.0,14.0,Champions,"Retain, VIP rewards, referral",High
CUST00807,Customer 0807,Female,Tangerang,2025-10-25,Banten,2025-10-07,86.0,5.0,1819400.0,2.0,2.0,2.0,222.0,6.0,Hibernating,Low-cost re-engagement,Low
CUST00808,Customer 0808,Male,Jakarta,2024-04-08,DKI Jakarta,2025-11-02,60.0,6.0,961450.0,3.0,2.0,1.0,321.0,6.0,Needs Attention,Personalized engagement,Medium
CUST00809,Customer 0809,Female,Jakarta,2023-09-28,DKI Jakarta,2025-08-31,123.0,10.0,7303100.0,2.0,3.0,4.0,234.0,9.0,At Risk,Win-back and reactivation,High
CUST00810,Customer 0810,Male,Jakarta,2024-04-04,DKI Jakarta,2025-12-28,4.0,2.0,5950500.0,5.0,1.0,4.0,514.0,10.0,New Customers,Welcome and second-purchase campaign,Medium
CUST00811,Customer 0811,Male,Tangerang,2023-04-15,Banten,2025-09-12,111.0,5.0,784000.0,2.0,2.0,1.0,221.0,5.0,Hibernating,Low-cost re-engagement,Low
CUST00812,Customer 0812,Male,Depok,2023-06-11,Jawa Barat,2025-01-30,336.0,2.0,2645250.0,1.0,1.0,2.0,112.0,4.0,Hibernating,Low-cost re-engagement,Low
CUST00813,Customer 0813,Male,Jakarta,2023-12-17,DKI Jakarta,2025-12-31,1.0,24.0,7072350.0,5.0,5.0,4.0,554.0,14.0,Champions,"Retain, VIP rewards, referral",High
CUST00814,Customer 0814,Female,Jakarta,2024-03-09,DKI Jakarta,2025-02-07,328.0,3.0,649300.0,1.0,1.0,1.0,111.0,3.0,Hibernating,Low-cost re-engagement,Low
CUST00815,Customer 0815,Female,Jakarta,2025-05-01,DKI Jakarta,2025-06-07,208.0,1.0,2626400.0,1.0,1.0,2.0,112.0,4.0,Hibernating,Low-cost re-engagement,Low
CUST00816,Customer 0816,Male,Makassar,2023-05-20,Sulawesi Selatan,2024-07-09,541.0,1.0,78000.0,1.0,1.0,1.0,111.0,3.0,Hibernating,Low-cost re-engagement,Low
CUST00817,Customer 0817,Male,Bandung,2023-03-28,Jawa Barat,2025-11-18,44.0,15.0,8211850.0,3.0,4.0,4.0,344.0,11.0,Loyal Customers,"Cross-sell, upsell, loyalty rewards",High
CUST00818,Customer 0818,Male,Depok,2023-07-02,Jawa Barat,2025-08-02,152.0,4.0,2496450.0,2.0,2.0,2.0,222.0,6.0,Hibernating,Low-cost re-engagement,Low
CUST00819,Customer 0819,Female,Bekasi,2024-01-03,Jawa Barat,2025-12-09,23.0,5.0,1487000.0,4.0,2.0,2.0,422.0,8.0,Potential Loyalists,Encourage repeat purchase,Medium
CUST00820,Customer 0820,Male,Bandung,2023-05-09,Jawa Barat,2025-11-03,59.0,14.0,2821800.0,3.0,4.0,2.0,342.0,9.0,Loyal Customers,"Cross-sell, upsell, loyalty rewards",High
CUST00821,Customer 0821,Male,Jakarta,2024-10-31,DKI Jakarta,2025-12-26,6.0,6.0,2006800.0,5.0,2.0,2.0,522.0,9.0,Potential Loyalists,Encourage repeat purchase,Medium
CUST00822,Customer 0822,Female,Jakarta,2023-05-29,DKI Jakarta,,,0.0,0.0,,,,,,Never Purchased,First-purchase conversion,Medium
CUST00823,Customer 0823,Female,Bekasi,2025-09-11,Jawa Barat,2025-09-17,106.0,12.0,6370100.0,2.0,3.0,4.0,234.0,9.0,At Risk,Win-back and reactivation,High
CUST00824,Customer 0824,Male,Depok,2025-05-01,Jawa Barat,2025-12-13,19.0,10.0,3161850.0,4.0,3.0,3.0,433.0,10.0,Potential Loyalists,Encourage repeat purchase,Medium
CUST00825,Customer 0825,Female,Tangerang,2024-09-19,Banten,2025-11-08,54.0,8.0,4429300.0,3.0,3.0,3.0,333.0,9.0,Needs Attention,Personalized engagement,Medium
CUST00826,Customer 0826,Female,Surabaya,2024-03-21,Jawa Timur,2025-12-21,11.0,25.0,9320400.0,5.0,5.0,4.0,554.0,14.0,Champions,"Retain, VIP rewards, referral",High
CUST00827,Customer 0827,Male,Jakarta,2025-06-02,DKI Jakarta,,,0.0,0.0,,,,,,Never Purchased,First-purchase conversion,Medium
CUST00828,Customer 0828,Female,Makassar,2023-10-21,Sulawesi Selatan,2025-10-20,73.0,8.0,6381650.0,2.0,3.0,4.0,234.0,9.0,At Risk,Win-back and reactivation,High
CUST00829,Customer 0829,Male,Semarang,2023-09-07,Jawa Tengah,2025-12-29,3.0,69.0,31163450.0,5.0,5.0,5.0,555.0,15.0,Champions,"Retain, VIP rewards, referral",High
CUST00830,Customer 0830,Female,Bandung,2025-05-27,Jawa Barat,2025-11-21,41.0,13.0,9249300.0,3.0,4.0,4.0,344.0,11.0,Loyal Customers,"Cross-sell, upsell, loyalty rewards",High
CUST00831,Customer 0831,Male,Makassar,2025-08-05,Sulawesi Selatan,2025-12-22,10.0,23.0,19360450.0,5.0,5.0,5.0,555.0,15.0,Champions,"Retain, VIP rewards, referral",High
CUST00832,Customer 0832,Male,Bekasi,2025-09-01,Jawa Barat,2025-12-16,16.0,16.0,11718050.0,4.0,4.0,5.0,445.0,13.0,Champions,"Retain, VIP rewards, referral",High
CUST00833,Customer 0833,Male,Bekasi,2025-11-14,Jawa Barat,2025-10-18,75.0,18.0,4135350.0,2.0,4.0,3.0,243.0,9.0,At Risk,Win-back and reactivation,High
CUST00834,Customer 0834,Female,Depok,2025-02-27,Jawa Barat,2025-12-29,3.0,28.0,12512300.0,5.0,5.0,5.0,555.0,15.0,Champions,"Retain, VIP rewards, referral",High
CUST00835,Customer 0835,Male,Semarang,2025-09-10,Jawa Tengah,2025-12-18,14.0,27.0,12217900.0,4.0,5.0,5.0,455.0,14.0,Champions,"Retain, VIP rewards, referral",High
CUST00836,Customer 0836,Female,Tangerang,2025-06-07,Banten,2025-11-22,40.0,31.0,11564050.0,3.0,5.0,5.0,355.0,13.0,Loyal Customers,"Cross-sell, upsell, loyalty rewards",High
CUST00837,Customer 0837,Male,Jakarta,2025-06-08,DKI Jakarta,2024-12-08,389.0,2.0,127250.0,1.0,1.0,1.0,111.0,3.0,Hibernating,Low-cost re-engagement,Low
CUST00838,Customer 0838,Male,Bandung,2023-03-11,Jawa Barat,2025-12-29,3.0,11.0,6552750.0,5.0,3.0,4.0,534.0,12.0,Potential Loyalists,Encourage repeat purchase,Medium
CUST00839,Customer 0839,Female,Medan,2024-09-16,Sumatera Utara,2025-07-08,177.0,6.0,2481100.0,1.0,2.0,2.0,122.0,5.0,Hibernating,Low-cost re-engagement,Low
CUST00840,Customer 0840,Male,Jakarta,2025-05-24,DKI Jakarta,2025-11-02,60.0,22.0,16639850.0,3.0,5.0,5.0,355.0,13.0,Loyal Customers,"Cross-sell, upsell, loyalty rewards",High
CUST00841,Customer 0841,Male,Bandung,2024-04-15,Jawa Barat,2025-12-17,15.0,12.0,11554500.0,4.0,3.0,5.0,435.0,12.0,Potential Loyalists,Encourage repeat purchase,Medium
CUST00842,Customer 0842,Female,Surabaya,2023-04-01,Jawa Timur,2025-05-25,221.0,3.0,266900.0,1.0,1.0,1.0,111.0,3.0,Hibernating,Low-cost re-engagement,Low
CUST00843,Customer 0843,Male,Surabaya,2024-06-13,Jawa Timur,2025-11-10,52.0,34.0,23307350.0,3.0,5.0,5.0,355.0,13.0,Loyal Customers,"Cross-sell, upsell, loyalty rewards",High
CUST00844,Customer 0844,Male,Bekasi,2024-10-22,Jawa Barat,2025-05-02,244.0,4.0,1712550.0,1.0,2.0,2.0,122.0,5.0,Hibernating,Low-cost re-engagement,Low
CUST00845,Customer 0845,Male,Medan,2025-01-08,Sumatera Utara,2025-09-13,110.0,6.0,10892700.0,2.0,2.0,5.0,225.0,9.0,Needs Attention,Personalized engagement,Medium
CUST00846,Customer 0846,Male,Jakarta,2024-12-26,DKI Jakarta,2025-12-28,4.0,35.0,12375950.0,5.0,5.0,5.0,555.0,15.0,Champions,"Retain, VIP rewards, referral",High
CUST00847,Customer 0847,Unknown,Jakarta,2025-05-21,DKI Jakarta,2025-08-10,144.0,7.0,5521450.0,2.0,2.0,3.0,223.0,7.0,Needs Attention,Personalized engagement,Medium
CUST00848,Customer 0848,Female,Jakarta,2023-07-11,DKI Jakarta,2025-07-28,157.0,3.0,1660200.0,2.0,1.0,2.0,212.0,5.0,Hibernating,Low-cost re-engagement,Low
CUST00849,Customer 0849,Male,Yogyakarta,2023-05-18,DI Yogyakarta,2025-12-20,12.0,4.0,1187350.0,5.0,2.0,1.0,521.0,8.0,Potential Loyalists,Encourage repeat purchase,Medium
CUST00850,Customer 0850,Female,Tangerang,2023-12-11,Banten,2025-11-06,56.0,4.0,1862100.0,3.0,2.0,2.0,322.0,7.0,Needs Attention,Personalized engagement,Medium
CUST00851,Customer 0851,Male,Bandung,2025-10-05,Jawa Barat,2025-12-29,3.0,20.0,14026550.0,5.0,4.0,5.0,545.0,14.0,Champions,"Retain, VIP rewards, referral",High
CUST00852,Customer 0852,Female,Semarang,2024-05-17,Jawa Tengah,2025-12-21,11.0,9.0,4714300.0,5.0,3.0,3.0,533.0,11.0,Potential Loyalists,Encourage repeat purchase,Medium
CUST00853,Customer 0853,Male,Yogyakarta,2023-07-22,DI Yogyakarta,2025-04-28,248.0,7.0,2522450.0,1.0,2.0,2.0,122.0,5.0,Hibernating,Low-cost re-engagement,Low
CUST00854,Customer 0854,Male,Semarang,2024-07-26,Jawa Tengah,2025-10-24,69.0,15.0,7133200.0,3.0,4.0,4.0,344.0,11.0,Loyal Customers,"Cross-sell, upsell, loyalty rewards",High
CUST00855,Customer 0855,Male,Medan,2023-07-11,Sumatera Utara,2025-12-10,22.0,12.0,6711050.0,4.0,3.0,4.0,434.0,11.0,Potential Loyalists,Encourage repeat purchase,Medium
CUST00856,Customer 0856,Male,Jakarta,2023-01-05,DKI Jakarta,2025-10-17,76.0,6.0,4826300.0,2.0,2.0,3.0,223.0,7.0,Needs Attention,Personalized engagement,Medium
CUST00857,Customer 0857,Male,Depok,2023-11-07,Jawa Barat,2025-11-26,36.0,15.0,5400200.0,3.0,4.0,3.0,343.0,10.0,Loyal Customers,"Cross-sell, upsell, loyalty rewards",High
CUST00858,Customer 0858,Male,Surabaya,2024-07-02,Jawa Timur,2025-07-24,161.0,3.0,998600.0,1.0,1.0,1.0,111.0,3.0,Hibernating,Low-cost re-engagement,Low
CUST00859,Customer 0859,Female,Semarang,2023-02-25,Jawa Tengah,2025-12-25,7.0,1.0,190000.0,5.0,1.0,1.0,511.0,7.0,New Customers,Welcome and second-purchase campaign,Medium
CUST00860,Customer 0860,Male,Depok,2024-03-18,Jawa Barat,2025-12-31,1.0,1.0,61750.0,5.0,1.0,1.0,511.0,7.0,New Customers,Welcome and second-purchase campaign,Medium
CUST00861,Customer 0861,Female,Depok,2025-05-19,Jawa Barat,2025-12-05,27.0,9.0,5986950.0,4.0,3.0,4.0,434.0,11.0,Potential Loyalists,Encourage repeat purchase,Medium
CUST00862,Customer 0862,Male,Tangerang,2024-08-07,Banten,2025-07-31,154.0,1.0,1336000.0,2.0,1.0,2.0,212.0,5.0,Hibernating,Low-cost re-engagement,Low
CUST00863,Customer 0863,Female,Jakarta,2025-01-21,DKI Jakarta,2025-12-10,22.0,5.0,1221500.0,4.0,2.0,2.0,422.0,8.0,Potential Loyalists,Encourage repeat purchase,Medium
CUST00864,Customer 0864,Female,Bekasi,2023-12-26,Jawa Barat,2025-09-03,120.0,9.0,4751400.0,2.0,3.0,3.0,233.0,8.0,At Risk,Win-back and reactivation,High
CUST00865,Customer 0865,Female,Makassar,2025-03-29,Sulawesi Selatan,2025-11-06,56.0,32.0,15694550.0,3.0,5.0,5.0,355.0,13.0,Loyal Customers,"Cross-sell, upsell, loyalty rewards",High
CUST00866,Customer 0866,Male,Medan,2023-01-30,Sumatera Utara,2025-09-22,101.0,10.0,2171050.0,2.0,3.0,2.0,232.0,7.0,At Risk,Win-back and reactivation,High
CUST00867,Customer 0867,Male,Jakarta,2023-04-18,DKI Jakarta,2025-09-09,114.0,1.0,815400.0,2.0,1.0,1.0,211.0,4.0,Hibernating,Low-cost re-engagement,Low
CUST00868,Customer 0868,Female,Jakarta,2025-04-23,DKI Jakarta,2025-09-28,95.0,5.0,2512000.0,2.0,2.0,2.0,222.0,6.0,Hibernating,Low-cost re-engagement,Low
CUST00869,Customer 0869,Male,Jakarta,2024-12-17,DKI Jakarta,2025-10-29,64.0,27.0,6988250.0,3.0,5.0,4.0,354.0,12.0,Loyal Customers,"Cross-sell, upsell, loyalty rewards",High
CUST00870,Customer 0870,Female,Depok,2025-06-09,Jawa Barat,2025-07-31,154.0,7.0,1014150.0,2.0,2.0,1.0,221.0,5.0,Hibernating,Low-cost re-engagement,Low
CUST00871,Customer 0871,Male,Semarang,2025-08-17,Jawa Tengah,2025-12-19,13.0,36.0,18544850.0,5.0,5.0,5.0,555.0,15.0,Champions,"Retain, VIP rewards, referral",High
CUST00872,Customer 0872,Female,Jakarta,2025-06-11,DKI Jakarta,2025-12-30,2.0,6.0,4833750.0,5.0,2.0,3.0,523.0,10.0,Potential Loyalists,Encourage repeat purchase,Medium
CUST00873,Customer 0873,Female,Surabaya,2025-01-01,Jawa Timur,2025-12-14,18.0,16.0,5357100.0,4.0,4.0,3.0,443.0,11.0,Loyal Customers,"Cross-sell, upsell, loyalty rewards",High
CUST00874,Customer 0874,Male,Semarang,2024-08-28,Jawa Tengah,2025-11-06,56.0,9.0,9741000.0,3.0,3.0,4.0,334.0,10.0,Needs Attention,Personalized engagement,Medium
CUST00875,Customer 0875,Female,Depok,2024-04-01,Jawa Barat,2025-12-18,14.0,22.0,6606450.0,4.0,5.0,4.0,454.0,13.0,Champions,"Retain, VIP rewards, referral",High
CUST00876,Customer 0876,Male,Bekasi,2024-09-06,Jawa Barat,2025-12-19,13.0,44.0,27035050.0,5.0,5.0,5.0,555.0,15.0,Champions,"Retain, VIP rewards, referral",High
CUST00877,Customer 0877,Female,Bekasi,2024-11-28,Jawa Barat,2025-08-03,151.0,9.0,1815800.0,2.0,3.0,2.0,232.0,7.0,At Risk,Win-back and reactivation,High
CUST00878,Customer 0878,Female,Surabaya,2024-11-04,Jawa Timur,2025-12-31,1.0,10.0,4390400.0,5.0,3.0,3.0,533.0,11.0,Potential Loyalists,Encourage repeat purchase,Medium
CUST00879,Customer 0879,Male,Bandung,2024-06-26,Jawa Barat,2025-12-06,26.0,24.0,13432250.0,4.0,5.0,5.0,455.0,14.0,Champions,"Retain, VIP rewards, referral",High
CUST00880,Customer 0880,Male,Bekasi,2025-05-06,Jawa Barat,2025-12-04,28.0,11.0,5089250.0,4.0,3.0,3.0,433.0,10.0,Potential Loyalists,Encourage repeat purchase,Medium
CUST00881,Customer 0881,Male,Tangerang,2025-06-15,Banten,,,0.0,0.0,,,,,,Never Purchased,First-purchase conversion,Medium
CUST00882,Customer 0882,Female,Yogyakarta,2023-10-05,DI Yogyakarta,2025-10-13,80.0,7.0,1749850.0,2.0,2.0,2.0,222.0,6.0,Hibernating,Low-cost re-engagement,Low
CUST00883,Customer 0883,Male,Tangerang,2024-07-05,Banten,2025-12-05,27.0,11.0,5422100.0,4.0,3.0,3.0,433.0,10.0,Potential Loyalists,Encourage repeat purchase,Medium
CUST00884,Customer 0884,Female,Depok,2023-04-21,Jawa Barat,2025-12-31,1.0,29.0,7943700.0,5.0,5.0,4.0,554.0,14.0,Champions,"Retain, VIP rewards, referral",High
CUST00885,Customer 0885,Female,Jakarta,2024-01-20,DKI Jakarta,2025-12-31,1.0,10.0,5698750.0,5.0,3.0,4.0,534.0,12.0,Potential Loyalists,Encourage repeat purchase,Medium
CUST00886,Customer 0886,Male,Surabaya,2025-01-30,Jawa Timur,2025-12-29,3.0,2.0,322200.0,5.0,1.0,1.0,511.0,7.0,New Customers,Welcome and second-purchase campaign,Medium
CUST00887,Customer 0887,Male,Jakarta,2024-11-24,DKI Jakarta,2025-11-20,42.0,9.0,2626300.0,3.0,3.0,2.0,332.0,8.0,Needs Attention,Personalized engagement,Medium
CUST00888,Customer 0888,Female,Jakarta,2024-02-09,DKI Jakarta,2025-12-26,6.0,38.0,16373200.0,5.0,5.0,5.0,555.0,15.0,Champions,"Retain, VIP rewards, referral",High
CUST00889,Customer 0889,Female,Depok,2023-01-22,Jawa Barat,2025-07-20,165.0,2.0,1336000.0,1.0,1.0,2.0,112.0,4.0,Hibernating,Low-cost re-engagement,Low
CUST00890,Customer 0890,Male,Makassar,2024-11-08,Sulawesi Selatan,2025-10-10,83.0,3.0,1205400.0,2.0,1.0,2.0,212.0,5.0,Hibernating,Low-cost re-engagement,Low
CUST00891,Customer 0891,Male,Jakarta,2024-09-02,DKI Jakarta,2025-09-10,113.0,5.0,940150.0,2.0,2.0,1.0,221.0,5.0,Hibernating,Low-cost re-engagement,Low
CUST00892,Customer 0892,Male,Bandung,2023-01-08,Jawa Barat,,,0.0,0.0,,,,,,Never Purchased,First-purchase conversion,Medium
CUST00893,Customer 0893,Male,Semarang,2024-12-02,Jawa Tengah,2025-07-04,181.0,7.0,2015750.0,1.0,2.0,2.0,122.0,5.0,Hibernating,Low-cost re-engagement,Low
CUST00894,Customer 0894,Male,Jakarta,2024-06-12,DKI Jakarta,2025-09-08,115.0,10.0,2332250.0,2.0,3.0,2.0,232.0,7.0,At Risk,Win-back and reactivation,High
CUST00895,Customer 0895,Female,Bekasi,2024-08-24,Jawa Barat,2024-05-29,582.0,1.0,378000.0,1.0,1.0,1.0,111.0,3.0,Hibernating,Low-cost re-engagement,Low
CUST00896,Customer 0896,Female,Depok,2024-10-18,Jawa Barat,2025-10-27,66.0,4.0,2709300.0,3.0,2.0,2.0,322.0,7.0,Needs Attention,Personalized engagement,Medium
CUST00897,Customer 0897,Female,Bekasi,2023-06-15,Jawa Barat,2025-02-19,316.0,7.0,2065200.0,1.0,2.0,2.0,122.0,5.0,Hibernating,Low-cost re-engagement,Low
CUST00898,Customer 0898,Female,Jakarta,2025-04-28,DKI Jakarta,2025-09-20,103.0,20.0,9134800.0,2.0,4.0,4.0,244.0,10.0,At Risk,Win-back and reactivation,High
CUST00899,Customer 0899,Male,Bandung,2024-05-10,Jawa Barat,2025-12-24,8.0,30.0,19288700.0,5.0,5.0,5.0,555.0,15.0,Champions,"Retain, VIP rewards, referral",High
CUST00900,Customer 0900,Male,Depok,2024-08-12,Jawa Barat,2025-12-20,12.0,18.0,7210850.0,5.0,4.0,4.0,544.0,13.0,Champions,"Retain, VIP rewards, referral",High
CUST00901,Customer 0901,Male,Bekasi,2024-03-04,Jawa Barat,2025-12-24,8.0,9.0,3730500.0,5.0,3.0,3.0,533.0,11.0,Potential Loyalists,Encourage repeat purchase,Medium
CUST00902,Customer 0902,Female,Jakarta,2025-02-12,DKI Jakarta,2024-01-20,712.0,1.0,34000.0,1.0,1.0,1.0,111.0,3.0,Hibernating,Low-cost re-engagement,Low
CUST00903,Customer 0903,Female,Depok,2023-06-12,Jawa Barat,2025-07-22,163.0,4.0,4474750.0,1.0,2.0,3.0,123.0,6.0,Needs Attention,Personalized engagement,Medium
CUST00904,Customer 0904,Male,Jakarta,2024-01-01,DKI Jakarta,2025-10-07,86.0,16.0,3158050.0,2.0,4.0,3.0,243.0,9.0,At Risk,Win-back and reactivation,High
CUST00905,Customer 0905,Male,Depok,2023-03-13,Jawa Barat,2025-09-24,99.0,7.0,1108050.0,2.0,2.0,1.0,221.0,5.0,Hibernating,Low-cost re-engagement,Low
CUST00906,Customer 0906,Female,Jakarta,2024-10-16,DKI Jakarta,2025-08-05,149.0,2.0,167750.0,2.0,1.0,1.0,211.0,4.0,Hibernating,Low-cost re-engagement,Low
CUST00907,Customer 0907,Female,Makassar,2023-09-26,Sulawesi Selatan,2025-11-25,37.0,21.0,13369050.0,3.0,4.0,5.0,345.0,12.0,Loyal Customers,"Cross-sell, upsell, loyalty rewards",High
CUST00908,Customer 0908,Male,Bandung,2024-02-19,Jawa Barat,2025-12-03,29.0,29.0,8006450.0,4.0,5.0,4.0,454.0,13.0,Champions,"Retain, VIP rewards, referral",High
CUST00909,Customer 0909,Male,Bandung,2025-10-12,Jawa Barat,2025-08-14,140.0,2.0,211800.0,2.0,1.0,1.0,211.0,4.0,Hibernating,Low-cost re-engagement,Low
CUST00910,Customer 0910,Female,Jakarta,2024-11-05,DKI Jakarta,2025-09-07,116.0,12.0,3048900.0,2.0,3.0,3.0,233.0,8.0,At Risk,Win-back and reactivation,High
CUST00911,Customer 0911,Male,Bandung,2025-12-19,Jawa Barat,2025-06-04,211.0,2.0,306200.0,1.0,1.0,1.0,111.0,3.0,Hibernating,Low-cost re-engagement,Low
CUST00912,Customer 0912,Male,Yogyakarta,2023-01-06,DI Yogyakarta,2025-10-03,90.0,3.0,1433100.0,2.0,1.0,2.0,212.0,5.0,Hibernating,Low-cost re-engagement,Low
CUST00913,Customer 0913,Male,Makassar,2025-09-08,Sulawesi Selatan,2025-09-19,104.0,3.0,760600.0,2.0,1.0,1.0,211.0,4.0,Hibernating,Low-cost re-engagement,Low
CUST00914,Customer 0914,Female,Bandung,2024-07-23,Jawa Barat,2025-11-14,48.0,3.0,5913500.0,3.0,1.0,4.0,314.0,8.0,Needs Attention,Personalized engagement,Medium
CUST00915,Customer 0915,Female,Surabaya,2024-02-11,Jawa Timur,2025-06-28,187.0,7.0,4192500.0,1.0,2.0,3.0,123.0,6.0,Needs Attention,Personalized engagement,Medium
CUST00916,Customer 0916,Female,Depok,2023-01-26,Jawa Barat,2025-12-31,1.0,7.0,931300.0,5.0,2.0,1.0,521.0,8.0,Potential Loyalists,Encourage repeat purchase,Medium
CUST00917,Customer 0917,Female,Yogyakarta,2025-10-25,DI Yogyakarta,2025-11-30,32.0,3.0,1428500.0,4.0,1.0,2.0,412.0,7.0,Needs Attention,Personalized engagement,Medium
CUST00918,Customer 0918,Female,Bekasi,2025-09-12,Jawa Barat,2025-10-20,73.0,5.0,1309950.0,2.0,2.0,2.0,222.0,6.0,Hibernating,Low-cost re-engagement,Low
CUST00919,Customer 0919,Female,Bandung,2024-01-25,Jawa Barat,2025-09-27,96.0,15.0,6510700.0,2.0,4.0,4.0,244.0,10.0,At Risk,Win-back and reactivation,High
CUST00920,Customer 0920,Female,Bandung,2024-12-10,Jawa Barat,2025-09-11,112.0,5.0,686800.0,2.0,2.0,1.0,221.0,5.0,Hibernating,Low-cost re-engagement,Low
CUST00921,Customer 0921,Male,Tangerang,2024-07-24,Banten,2025-10-12,81.0,12.0,4430600.0,2.0,3.0,3.0,233.0,8.0,At Risk,Win-back and reactivation,High
CUST00922,Customer 0922,Male,Jakarta,2025-01-23,DKI Jakarta,2025-11-13,49.0,4.0,1604300.0,3.0,2.0,2.0,322.0,7.0,Needs Attention,Personalized engagement,Medium
CUST00923,Customer 0923,Male,Bekasi,2023-05-26,Jawa Barat,2025-08-17,137.0,3.0,723900.0,2.0,1.0,1.0,211.0,4.0,Hibernating,Low-cost re-engagement,Low
CUST00924,Customer 0924,Male,Bandung,2025-02-23,Jawa Barat,2025-12-20,12.0,44.0,18192550.0,5.0,5.0,5.0,555.0,15.0,Champions,"Retain, VIP rewards, referral",High
CUST00925,Customer 0925,Male,Semarang,2024-06-09,Jawa Tengah,2024-12-31,366.0,3.0,452800.0,1.0,1.0,1.0,111.0,3.0,Hibernating,Low-cost re-engagement,Low
CUST00926,Customer 0926,Male,Jakarta,2023-01-13,DKI Jakarta,2025-12-08,24.0,41.0,21781350.0,4.0,5.0,5.0,455.0,14.0,Champions,"Retain, VIP rewards, referral",High
CUST00927,Customer 0927,Male,Bekasi,2025-06-21,Jawa Barat,2025-12-17,15.0,24.0,6535900.0,4.0,5.0,4.0,454.0,13.0,Champions,"Retain, VIP rewards, referral",High
CUST00928,Customer 0928,Female,Jakarta,2024-01-19,DKI Jakarta,2025-12-20,12.0,2.0,774450.0,5.0,1.0,1.0,511.0,7.0,New Customers,Welcome and second-purchase campaign,Medium
CUST00929,Customer 0929,Female,Tangerang,2024-07-09,Banten,2025-11-22,40.0,27.0,16337500.0,3.0,5.0,5.0,355.0,13.0,Loyal Customers,"Cross-sell, upsell, loyalty rewards",High
CUST00930,Customer 0930,Male,Jakarta,2025-06-05,DKI Jakarta,2025-05-28,218.0,5.0,1903200.0,1.0,2.0,2.0,122.0,5.0,Hibernating,Low-cost re-engagement,Low
CUST00931,Customer 0931,Male,Bekasi,2023-01-19,Jawa Barat,2025-04-23,253.0,3.0,473850.0,1.0,1.0,1.0,111.0,3.0,Hibernating,Low-cost re-engagement,Low
CUST00932,Customer 0932,Female,Bekasi,2024-07-28,Jawa Barat,2025-12-12,20.0,17.0,7639600.0,4.0,4.0,4.0,444.0,12.0,Champions,"Retain, VIP rewards, referral",High
CUST00933,Customer 0933,Male,Bekasi,2025-01-20,Jawa Barat,2025-11-17,45.0,18.0,4903100.0,3.0,4.0,3.0,343.0,10.0,Loyal Customers,"Cross-sell, upsell, loyalty rewards",High
CUST00934,Customer 0934,Male,Bekasi,2025-09-30,Jawa Barat,2025-10-17,76.0,15.0,8656600.0,2.0,4.0,4.0,244.0,10.0,At Risk,Win-back and reactivation,High
CUST00935,Customer 0935,Female,Tangerang,2024-02-23,Banten,2025-06-16,199.0,2.0,352600.0,1.0,1.0,1.0,111.0,3.0,Hibernating,Low-cost re-engagement,Low
CUST00936,Customer 0936,Male,Semarang,2024-02-23,Jawa Tengah,2025-11-19,43.0,23.0,5648850.0,3.0,5.0,3.0,353.0,11.0,Loyal Customers,"Cross-sell, upsell, loyalty rewards",High
CUST00937,Customer 0937,Female,Jakarta,2023-05-02,DKI Jakarta,2025-12-17,15.0,18.0,10200550.0,4.0,4.0,4.0,444.0,12.0,Champions,"Retain, VIP rewards, referral",High
CUST00938,Customer 0938,Male,Semarang,2024-03-07,Jawa Tengah,2025-11-17,45.0,4.0,822600.0,3.0,2.0,1.0,321.0,6.0,Needs Attention,Personalized engagement,Medium
CUST00939,Customer 0939,Female,Surabaya,2023-02-13,Jawa Timur,2025-05-14,232.0,4.0,780650.0,1.0,2.0,1.0,121.0,4.0,Hibernating,Low-cost re-engagement,Low
CUST00940,Customer 0940,Female,Jakarta,2024-01-16,DKI Jakarta,2025-12-31,1.0,14.0,3870600.0,5.0,4.0,3.0,543.0,12.0,Loyal Customers,"Cross-sell, upsell, loyalty rewards",High
CUST00941,Customer 0941,Female,Jakarta,2023-05-25,DKI Jakarta,2025-12-08,24.0,8.0,3038600.0,4.0,3.0,3.0,433.0,10.0,Potential Loyalists,Encourage repeat purchase,Medium
CUST00942,Customer 0942,Male,Bandung,2023-12-29,Jawa Barat,2025-10-31,62.0,8.0,3278750.0,3.0,3.0,3.0,333.0,9.0,Needs Attention,Personalized engagement,Medium
CUST00943,Customer 0943,Female,Depok,2025-12-09,Jawa Barat,2025-10-05,88.0,18.0,4845900.0,2.0,4.0,3.0,243.0,9.0,At Risk,Win-back and reactivation,High
CUST00944,Customer 0944,Male,Tangerang,2025-12-24,Banten,,,0.0,0.0,,,,,,Never Purchased,First-purchase conversion,Medium
CUST00945,Customer 0945,Male,Depok,2023-12-21,Jawa Barat,2025-08-02,152.0,6.0,4295400.0,2.0,2.0,3.0,223.0,7.0,Needs Attention,Personalized engagement,Medium
CUST00946,Customer 0946,Male,Surabaya,2025-03-10,Jawa Timur,2025-10-30,63.0,5.0,1212800.0,3.0,2.0,2.0,322.0,7.0,Needs Attention,Personalized engagement,Medium
CUST00947,Customer 0947,Male,Surabaya,2025-04-05,Jawa Timur,2025-09-27,96.0,3.0,187200.0,2.0,1.0,1.0,211.0,4.0,Hibernating,Low-cost re-engagement,Low
CUST00948,Customer 0948,Female,Jakarta,2024-02-02,DKI Jakarta,2025-10-25,68.0,7.0,1271600.0,3.0,2.0,2.0,322.0,7.0,Needs Attention,Personalized engagement,Medium
CUST00949,Customer 0949,Female,Bandung,2025-05-29,Jawa Barat,2025-11-25,37.0,16.0,16192500.0,3.0,4.0,5.0,345.0,12.0,Loyal Customers,"Cross-sell, upsell, loyalty rewards",High
CUST00950,Customer 0950,Male,Surabaya,2024-04-07,Jawa Timur,2025-12-17,15.0,25.0,7357300.0,4.0,5.0,4.0,454.0,13.0,Champions,"Retain, VIP rewards, referral",High
CUST00951,Customer 0951,Male,Jakarta,2025-03-18,DKI Jakarta,2025-11-11,51.0,19.0,7526700.0,3.0,4.0,4.0,344.0,11.0,Loyal Customers,"Cross-sell, upsell, loyalty rewards",High
CUST00952,Customer 0952,Female,Jakarta,2023-07-06,DKI Jakarta,2025-09-17,106.0,22.0,9709550.0,2.0,5.0,4.0,254.0,11.0,At Risk,Win-back and reactivation,High
CUST00953,Customer 0953,Male,Bekasi,2025-01-01,Jawa Barat,2025-12-23,9.0,9.0,4157050.0,5.0,3.0,3.0,533.0,11.0,Potential Loyalists,Encourage repeat purchase,Medium
CUST00954,Customer 0954,Female,Depok,2024-03-04,Jawa Barat,2025-08-15,139.0,10.0,4608200.0,2.0,3.0,3.0,233.0,8.0,At Risk,Win-back and reactivation,High
CUST00955,Customer 0955,Male,Makassar,2025-05-07,Sulawesi Selatan,2024-09-30,458.0,1.0,36550.0,1.0,1.0,1.0,111.0,3.0,Hibernating,Low-cost re-engagement,Low
CUST00956,Customer 0956,Male,Medan,2023-08-25,Sumatera Utara,2025-12-31,1.0,33.0,17756050.0,5.0,5.0,5.0,555.0,15.0,Champions,"Retain, VIP rewards, referral",High
CUST00957,Customer 0957,Female,Tangerang,2025-02-09,Banten,2025-07-21,164.0,1.0,30800.0,1.0,1.0,1.0,111.0,3.0,Hibernating,Low-cost re-engagement,Low
CUST00958,Customer 0958,Male,Surabaya,2025-01-27,Jawa Timur,2025-12-05,27.0,33.0,8565250.0,4.0,5.0,4.0,454.0,13.0,Champions,"Retain, VIP rewards, referral",High
CUST00959,Customer 0959,Female,Tangerang,2023-05-16,Banten,2025-10-24,69.0,12.0,9409900.0,3.0,3.0,4.0,334.0,10.0,Needs Attention,Personalized engagement,Medium
CUST00960,Customer 0960,Male,Depok,2025-03-02,Jawa Barat,2025-11-25,37.0,25.0,11368300.0,3.0,5.0,5.0,355.0,13.0,Loyal Customers,"Cross-sell, upsell, loyalty rewards",High
CUST00961,Customer 0961,Male,Jakarta,2023-06-20,DKI Jakarta,2025-05-06,240.0,5.0,1811300.0,1.0,2.0,2.0,122.0,5.0,Hibernating,Low-cost re-engagement,Low
CUST00962,Customer 0962,Male,Bandung,2023-06-08,Jawa Barat,2025-11-02,60.0,14.0,14063450.0,3.0,4.0,5.0,345.0,12.0,Loyal Customers,"Cross-sell, upsell, loyalty rewards",High
CUST00963,Customer 0963,Female,Semarang,2023-07-20,Jawa Tengah,2025-12-03,29.0,21.0,13412300.0,4.0,4.0,5.0,445.0,13.0,Champions,"Retain, VIP rewards, referral",High
CUST00964,Customer 0964,Male,Bandung,2025-08-19,Jawa Barat,2025-11-20,42.0,5.0,2100350.0,3.0,2.0,2.0,322.0,7.0,Needs Attention,Personalized engagement,Medium
CUST00965,Customer 0965,Male,Bekasi,2024-08-05,Jawa Barat,2025-12-26,6.0,30.0,23178200.0,5.0,5.0,5.0,555.0,15.0,Champions,"Retain, VIP rewards, referral",High
CUST00966,Customer 0966,Male,Bekasi,2025-05-25,Jawa Barat,,,0.0,0.0,,,,,,Never Purchased,First-purchase conversion,Medium
CUST00967,Customer 0967,Male,Jakarta,2024-01-06,DKI Jakarta,2025-12-14,18.0,42.0,25526800.0,4.0,5.0,5.0,455.0,14.0,Champions,"Retain, VIP rewards, referral",High
CUST00968,Customer 0968,Female,Bandung,2023-04-13,Jawa Barat,2025-11-14,48.0,10.0,6924900.0,3.0,3.0,4.0,334.0,10.0,Needs Attention,Personalized engagement,Medium
CUST00969,Customer 0969,Female,Bandung,2025-09-28,Jawa Barat,2025-10-25,68.0,3.0,2938650.0,3.0,1.0,2.0,312.0,6.0,Needs Attention,Personalized engagement,Medium
CUST00970,Customer 0970,Male,Jakarta,2025-09-02,DKI Jakarta,2025-07-19,166.0,11.0,5072950.0,1.0,3.0,3.0,133.0,7.0,At Risk,Win-back and reactivation,High
CUST00971,Customer 0971,Female,Jakarta,2025-03-08,DKI Jakarta,2025-12-23,9.0,8.0,3700900.0,5.0,3.0,3.0,533.0,11.0,Potential Loyalists,Encourage repeat purchase,Medium
CUST00972,Customer 0972,Male,Semarang,2024-10-19,Jawa Tengah,,,0.0,0.0,,,,,,Never Purchased,First-purchase conversion,Medium
CUST00973,Customer 0973,Male,Jakarta,2025-05-31,DKI Jakarta,2025-11-25,37.0,13.0,4488750.0,3.0,4.0,3.0,343.0,10.0,Loyal Customers,"Cross-sell, upsell, loyalty rewards",High
CUST00974,Customer 0974,Male,Surabaya,2025-01-02,Jawa Timur,,,0.0,0.0,,,,,,Never Purchased,First-purchase conversion,Medium
CUST00975,Customer 0975,Female,Bandung,2024-02-27,Jawa Barat,2024-02-05,696.0,1.0,977000.0,1.0,1.0,1.0,111.0,3.0,Hibernating,Low-cost re-engagement,Low
CUST00976,Customer 0976,Female,Medan,2024-07-25,Sumatera Utara,,,0.0,0.0,,,,,,Never Purchased,First-purchase conversion,Medium
CUST00977,Customer 0977,Female,Jakarta,2023-06-20,DKI Jakarta,2025-12-01,31.0,15.0,6090500.0,4.0,4.0,4.0,444.0,12.0,Champions,"Retain, VIP rewards, referral",High
CUST00978,Customer 0978,Female,Surabaya,2023-06-22,Jawa Timur,2025-12-01,31.0,21.0,9874450.0,4.0,4.0,4.0,444.0,12.0,Champions,"Retain, VIP rewards, referral",High
CUST00979,Customer 0979,Female,Yogyakarta,2024-10-24,DI Yogyakarta,2025-10-08,85.0,1.0,210600.0,2.0,1.0,1.0,211.0,4.0,Hibernating,Low-cost re-engagement,Low
CUST00980,Customer 0980,Female,Semarang,2024-03-28,Jawa Tengah,2025-12-15,17.0,49.0,21437500.0,4.0,5.0,5.0,455.0,14.0,Champions,"Retain, VIP rewards, referral",High
CUST00981,Customer 0981,Female,Jakarta,2023-12-16,DKI Jakarta,2025-12-26,6.0,16.0,10363050.0,5.0,4.0,4.0,544.0,13.0,Champions,"Retain, VIP rewards, referral",High
CUST00982,Customer 0982,Female,Semarang,2024-05-08,Jawa Tengah,2025-12-25,7.0,15.0,4019550.0,5.0,4.0,3.0,543.0,12.0,Loyal Customers,"Cross-sell, upsell, loyalty rewards",High
CUST00983,Customer 0983,Female,Surabaya,2024-09-11,Jawa Timur,2025-06-26,189.0,9.0,5734150.0,1.0,3.0,4.0,134.0,8.0,At Risk,Win-back and reactivation,High
CUST00984,Customer 0984,Male,Surabaya,2025-10-24,Jawa Timur,,,0.0,0.0,,,,,,Never Purchased,First-purchase conversion,Medium
CUST00985,Customer 0985,Female,Jakarta,2025-07-07,DKI Jakarta,2025-11-24,38.0,14.0,3830850.0,3.0,4.0,3.0,343.0,10.0,Loyal Customers,"Cross-sell, upsell, loyalty rewards",High
CUST00986,Customer 0986,Female,Jakarta,2023-01-06,DKI Jakarta,2025-12-30,2.0,37.0,15379550.0,5.0,5.0,5.0,555.0,15.0,Champions,"Retain, VIP rewards, referral",High
CUST00987,Customer 0987,Female,Depok,2023-10-15,Jawa Barat,2025-01-20,346.0,4.0,267450.0,1.0,2.0,1.0,121.0,4.0,Hibernating,Low-cost re-engagement,Low
CUST00988,Customer 0988,Female,Surabaya,2024-08-30,Jawa Timur,2025-12-13,19.0,2.0,475700.0,4.0,1.0,1.0,411.0,6.0,Needs Attention,Personalized engagement,Medium
CUST00989,Customer 0989,Female,Surabaya,2024-04-01,Jawa Timur,2025-12-16,16.0,13.0,2626250.0,4.0,4.0,2.0,442.0,10.0,Loyal Customers,"Cross-sell, upsell, loyalty rewards",High
CUST00990,Customer 0990,Female,Depok,2025-10-26,Jawa Barat,2025-11-28,34.0,12.0,10224100.0,3.0,3.0,4.0,334.0,10.0,Needs Attention,Personalized engagement,Medium
CUST00991,Customer 0991,Female,Depok,2024-09-15,Jawa Barat,2025-12-29,3.0,28.0,18781550.0,5.0,5.0,5.0,555.0,15.0,Champions,"Retain, VIP rewards, referral",High
CUST00992,Customer 0992,Female,Jakarta,2024-01-11,DKI Jakarta,2025-08-30,124.0,12.0,2051600.0,2.0,3.0,2.0,232.0,7.0,At Risk,Win-back and reactivation,High
CUST00993,Customer 0993,Female,Bekasi,2024-03-22,Jawa Barat,2025-12-12,20.0,16.0,3717700.0,4.0,4.0,3.0,443.0,11.0,Loyal Customers,"Cross-sell, upsell, loyalty rewards",High
CUST00994,Customer 0994,Female,Jakarta,2025-04-14,DKI Jakarta,2025-11-12,50.0,8.0,1251700.0,3.0,3.0,2.0,332.0,8.0,Needs Attention,Personalized engagement,Medium
CUST00995,Customer 0995,Female,Depok,2025-03-21,Jawa Barat,2025-09-13,110.0,3.0,676500.0,2.0,1.0,1.0,211.0,4.0,Hibernating,Low-cost re-engagement,Low
CUST00996,Customer 0996,Male,Tangerang,2025-08-16,Banten,2025-11-25,37.0,19.0,7518850.0,3.0,4.0,4.0,344.0,11.0,Loyal Customers,"Cross-sell, upsell, loyalty rewards",High
CUST00997,Customer 0997,Male,Makassar,2025-04-28,Sulawesi Selatan,2025-12-07,25.0,24.0,12117300.0,4.0,5.0,5.0,455.0,14.0,Champions,"Retain, VIP rewards, referral",High
CUST00998,Customer 0998,Female,Jakarta,2025-03-19,DKI Jakarta,2025-10-10,83.0,3.0,431500.0,2.0,1.0,1.0,211.0,4.0,Hibernating,Low-cost re-engagement,Low
CUST00999,Customer 0999,Female,Jakarta,2025-09-05,DKI Jakarta,2025-11-28,34.0,31.0,15818800.0,3.0,5.0,5.0,355.0,13.0,Loyal Customers,"Cross-sell, upsell, loyalty rewards",High
CUST01000,Customer 1000,Male,Bandung,2024-02-20,Jawa Barat,2025-12-27,5.0,36.0,21661400.0,5.0,5.0,5.0,555.0,15.0,Champions,"Retain, VIP rewards, referral",High
CUST01001,Customer 1001,Female,Jakarta,2024-12-26,DKI Jakarta,2025-07-27,158.0,3.0,1277000.0,2.0,1.0,2.0,212.0,5.0,Hibernating,Low-cost re-engagement,Low
CUST01002,Customer 1002,Male,Jakarta,2024-03-29,DKI Jakarta,2025-03-04,303.0,3.0,531500.0,1.0,1.0,1.0,111.0,3.0,Hibernating,Low-cost re-engagement,Low
CUST01003,Customer 1003,Male,Medan,2023-05-30,Sumatera Utara,2025-12-19,13.0,4.0,595000.0,5.0,2.0,1.0,521.0,8.0,Potential Loyalists,Encourage repeat purchase,Medium
CUST01004,Customer 1004,Male,Jakarta,2025-01-28,DKI Jakarta,2025-08-27,127.0,9.0,2358350.0,2.0,3.0,2.0,232.0,7.0,At Risk,Win-back and reactivation,High
CUST01005,Customer 1005,Male,Jakarta,2025-02-17,DKI Jakarta,2025-07-04,181.0,4.0,1243100.0,1.0,2.0,2.0,122.0,5.0,Hibernating,Low-cost re-engagement,Low
CUST01006,Customer 1006,Unknown,Depok,2025-08-30,Jawa Barat,,,0.0,0.0,,,,,,Never Purchased,First-purchase conversion,Medium
CUST01007,Customer 1007,Female,Surabaya,2025-02-01,Jawa Timur,2024-12-23,374.0,2.0,198900.0,1.0,1.0,1.0,111.0,3.0,Hibernating,Low-cost re-engagement,Low
CUST01008,Customer 1008,Male,Depok,2025-09-28,Jawa Barat,2024-09-28,460.0,1.0,52200.0,1.0,1.0,1.0,111.0,3.0,Hibernating,Low-cost re-engagement,Low
CUST01009,Customer 1009,Female,Jakarta,2023-03-17,DKI Jakarta,,,0.0,0.0,,,,,,Never Purchased,First-purchase conversion,Medium
CUST01010,Customer 1010,Female,Surabaya,2024-08-21,Jawa Timur,2024-04-14,627.0,1.0,760500.0,1.0,1.0,1.0,111.0,3.0,Hibernating,Low-cost re-engagement,Low
CUST01011,Customer 1011,Male,Jakarta,2023-08-13,DKI Jakarta,2025-12-26,6.0,46.0,26824450.0,5.0,5.0,5.0,555.0,15.0,Champions,"Retain, VIP rewards, referral",High
CUST01012,Customer 1012,Male,Jakarta,2023-04-23,DKI Jakarta,2025-12-09,23.0,38.0,28164600.0,4.0,5.0,5.0,455.0,14.0,Champions,"Retain, VIP rewards, referral",High
CUST01013,Customer 1013,Female,Medan,2023-09-08,Sumatera Utara,2025-12-05,27.0,14.0,8219200.0,4.0,4.0,4.0,444.0,12.0,Champions,"Retain, VIP rewards, referral",High
CUST01014,Customer 1014,Male,Jakarta,2025-04-20,DKI Jakarta,2025-07-21,164.0,2.0,976000.0,1.0,1.0,1.0,111.0,3.0,Hibernating,Low-cost re-engagement,Low
CUST01015,Customer 1015,Male,Surabaya,2024-12-14,Jawa Timur,2024-08-01,518.0,1.0,636000.0,1.0,1.0,1.0,111.0,3.0,Hibernating,Low-cost re-engagement,Low
CUST01016,Customer 1016,Female,Bandung,2023-05-05,Jawa Barat,2025-10-26,67.0,10.0,4324100.0,3.0,3.0,3.0,333.0,9.0,Needs Attention,Personalized engagement,Medium
CUST01017,Customer 1017,Female,Bandung,2025-12-28,Jawa Barat,2025-10-31,62.0,16.0,11682550.0,3.0,4.0,5.0,345.0,12.0,Loyal Customers,"Cross-sell, upsell, loyalty rewards",High
CUST01018,Customer 1018,Male,Yogyakarta,2025-12-06,DI Yogyakarta,2025-04-25,251.0,5.0,2884750.0,1.0,2.0,2.0,122.0,5.0,Hibernating,Low-cost re-engagement,Low
CUST01019,Customer 1019,Female,Jakarta,2025-06-02,DKI Jakarta,2025-08-17,137.0,14.0,2883550.0,2.0,4.0,2.0,242.0,8.0,At Risk,Win-back and reactivation,High
CUST01020,Customer 1020,Male,Tangerang,2023-01-30,Banten,2025-12-03,29.0,3.0,1319600.0,4.0,1.0,2.0,412.0,7.0,Needs Attention,Personalized engagement,Medium
CUST01021,Customer 1021,Male,Makassar,2023-10-08,Sulawesi Selatan,2025-12-14,18.0,4.0,914750.0,4.0,2.0,1.0,421.0,7.0,Potential Loyalists,Encourage repeat purchase,Medium
CUST01022,Customer 1022,Male,Bekasi,2025-07-12,Jawa Barat,2025-12-18,14.0,7.0,4949000.0,4.0,2.0,3.0,423.0,9.0,Potential Loyalists,Encourage repeat purchase,Medium
CUST01023,Customer 1023,Female,Medan,2024-01-03,Sumatera Utara,2025-12-16,16.0,34.0,10813450.0,4.0,5.0,5.0,455.0,14.0,Champions,"Retain, VIP rewards, referral",High
CUST01024,Customer 1024,Female,Jakarta,2024-05-09,DKI Jakarta,2025-04-12,264.0,2.0,1317500.0,1.0,1.0,2.0,112.0,4.0,Hibernating,Low-cost re-engagement,Low
CUST01025,Customer 1025,Female,Bandung,2025-11-14,Jawa Barat,2025-07-08,177.0,8.0,2692850.0,1.0,3.0,2.0,132.0,6.0,At Risk,Win-back and reactivation,High
CUST01026,Customer 1026,Female,Jakarta,2024-12-18,DKI Jakarta,,,0.0,0.0,,,,,,Never Purchased,First-purchase conversion,Medium
CUST01027,Customer 1027,Female,Depok,2025-10-13,Jawa Barat,2025-07-05,180.0,3.0,2868750.0,1.0,1.0,2.0,112.0,4.0,Hibernating,Low-cost re-engagement,Low
CUST01028,Customer 1028,Male,Makassar,2024-08-28,Sulawesi Selatan,2024-10-23,435.0,3.0,1245750.0,1.0,1.0,2.0,112.0,4.0,Hibernating,Low-cost re-engagement,Low
CUST01029,Customer 1029,Male,Jakarta,2024-01-10,DKI Jakarta,2025-12-19,13.0,11.0,1940000.0,5.0,3.0,2.0,532.0,10.0,Potential Loyalists,Encourage repeat purchase,Medium
CUST01030,Customer 1030,Male,Tangerang,2024-09-30,Banten,2025-12-24,8.0,35.0,18103600.0,5.0,5.0,5.0,555.0,15.0,Champions,"Retain, VIP rewards, referral",High
CUST01031,Customer 1031,Male,Jakarta,2025-11-14,DKI Jakarta,2025-01-18,348.0,5.0,670500.0,1.0,2.0,1.0,121.0,4.0,Hibernating,Low-cost re-engagement,Low
CUST01032,Customer 1032,Female,Bekasi,2023-04-26,Jawa Barat,2025-12-12,20.0,24.0,13248600.0,4.0,5.0,5.0,455.0,14.0,Champions,"Retain, VIP rewards, referral",High
CUST01033,Customer 1033,Male,Surabaya,2023-02-17,Jawa Timur,2025-12-10,22.0,34.0,17777400.0,4.0,5.0,5.0,455.0,14.0,Champions,"Retain, VIP rewards, referral",High
CUST01034,Customer 1034,Female,Makassar,2023-04-09,Sulawesi Selatan,2025-11-23,39.0,11.0,4403450.0,3.0,3.0,3.0,333.0,9.0,Needs Attention,Personalized engagement,Medium
CUST01035,Customer 1035,Male,Bekasi,2024-02-09,Jawa Barat,2025-12-02,30.0,34.0,22279600.0,4.0,5.0,5.0,455.0,14.0,Champions,"Retain, VIP rewards, referral",High
CUST01036,Customer 1036,Female,Bandung,2024-11-15,Jawa Barat,2025-10-05,88.0,4.0,4164000.0,2.0,2.0,3.0,223.0,7.0,Needs Attention,Personalized engagement,Medium
CUST01037,Customer 1037,Female,Jakarta,2025-06-21,DKI Jakarta,2025-12-27,5.0,10.0,2353300.0,5.0,3.0,2.0,532.0,10.0,Potential Loyalists,Encourage repeat purchase,Medium
CUST01038,Customer 1038,Male,Jakarta,2024-05-17,DKI Jakarta,2025-12-23,9.0,22.0,8941100.0,5.0,5.0,4.0,554.0,14.0,Champions,"Retain, VIP rewards, referral",High
CUST01039,Customer 1039,Male,Jakarta,2025-06-12,DKI Jakarta,,,0.0,0.0,,,,,,Never Purchased,First-purchase conversion,Medium
CUST01040,Customer 1040,Male,Jakarta,2023-09-15,DKI Jakarta,2025-12-26,6.0,4.0,1916400.0,5.0,2.0,2.0,522.0,9.0,Potential Loyalists,Encourage repeat purchase,Medium
CUST01041,Customer 1041,Male,Yogyakarta,2025-04-23,DI Yogyakarta,2025-12-12,20.0,8.0,3442500.0,4.0,3.0,3.0,433.0,10.0,Potential Loyalists,Encourage repeat purchase,Medium
CUST01042,Customer 1042,Female,Bekasi,2023-05-01,Jawa Barat,2025-06-29,186.0,5.0,1932700.0,1.0,2.0,2.0,122.0,5.0,Hibernating,Low-cost re-engagement,Low
CUST01043,Customer 1043,Male,Surabaya,2025-03-20,Jawa Timur,2025-10-26,67.0,6.0,1153450.0,3.0,2.0,1.0,321.0,6.0,Needs Attention,Personalized engagement,Medium
CUST01044,Customer 1044,Male,Jakarta,2025-09-04,DKI Jakarta,,,0.0,0.0,,,,,,Never Purchased,First-purchase conversion,Medium
CUST01045,Customer 1045,Female,Yogyakarta,2023-02-23,DI Yogyakarta,2025-12-10,22.0,30.0,8427950.0,4.0,5.0,4.0,454.0,13.0,Champions,"Retain, VIP rewards, referral",High
CUST01046,Customer 1046,Male,Depok,2025-10-15,Jawa Barat,2025-12-23,9.0,23.0,16911150.0,5.0,5.0,5.0,555.0,15.0,Champions,"Retain, VIP rewards, referral",High
CUST01047,Customer 1047,Male,Jakarta,2025-02-22,DKI Jakarta,2025-12-31,1.0,108.0,58753950.0,5.0,5.0,5.0,555.0,15.0,Champions,"Retain, VIP rewards, referral",High
CUST01048,Customer 1048,Male,Tangerang,2023-08-29,Banten,2024-11-09,418.0,3.0,1623400.0,1.0,1.0,2.0,112.0,4.0,Hibernating,Low-cost re-engagement,Low
CUST01049,Customer 1049,Male,Bekasi,2024-04-27,Jawa Barat,2025-12-19,13.0,13.0,3291600.0,5.0,4.0,3.0,543.0,12.0,Loyal Customers,"Cross-sell, upsell, loyalty rewards",High
CUST01050,Customer 1050,Male,Jakarta,2025-10-09,DKI Jakarta,2025-11-17,45.0,1.0,589500.0,3.0,1.0,1.0,311.0,5.0,Needs Attention,Personalized engagement,Medium
CUST01051,Customer 1051,Female,Surabaya,2023-07-06,Jawa Timur,2024-12-14,383.0,2.0,272550.0,1.0,1.0,1.0,111.0,3.0,Hibernating,Low-cost re-engagement,Low
CUST01052,Customer 1052,Male,Surabaya,2024-10-17,Jawa Timur,2025-11-26,36.0,20.0,6043600.0,3.0,4.0,4.0,344.0,11.0,Loyal Customers,"Cross-sell, upsell, loyalty rewards",High
CUST01053,Customer 1053,Male,Bandung,2023-09-19,Jawa Barat,2025-12-25,7.0,5.0,1319100.0,5.0,2.0,2.0,522.0,9.0,Potential Loyalists,Encourage repeat purchase,Medium
CUST01054,Customer 1054,Male,Medan,2025-08-10,Sumatera Utara,2025-07-11,174.0,5.0,3030400.0,1.0,2.0,3.0,123.0,6.0,Needs Attention,Personalized engagement,Medium
CUST01055,Customer 1055,Male,Semarang,2024-05-05,Jawa Tengah,2025-12-20,12.0,8.0,3567450.0,5.0,3.0,3.0,533.0,11.0,Potential Loyalists,Encourage repeat purchase,Medium
CUST01056,Customer 1056,Male,Tangerang,2024-03-06,Banten,2024-11-13,414.0,4.0,2929350.0,1.0,2.0,2.0,122.0,5.0,Hibernating,Low-cost re-engagement,Low
CUST01057,Customer 1057,Female,Surabaya,2023-08-27,Jawa Timur,2025-02-04,331.0,5.0,2218000.0,1.0,2.0,2.0,122.0,5.0,Hibernating,Low-cost re-engagement,Low
CUST01058,Customer 1058,Male,Bandung,2023-10-31,Jawa Barat,2025-10-13,80.0,3.0,244200.0,2.0,1.0,1.0,211.0,4.0,Hibernating,Low-cost re-engagement,Low
CUST01059,Customer 1059,Female,Tangerang,2023-10-25,Banten,2025-10-28,65.0,27.0,10618900.0,3.0,5.0,5.0,355.0,13.0,Loyal Customers,"Cross-sell, upsell, loyalty rewards",High
CUST01060,Customer 1060,Female,Bekasi,2023-03-17,Jawa Barat,2025-12-26,6.0,29.0,8286600.0,5.0,5.0,4.0,554.0,14.0,Champions,"Retain, VIP rewards, referral",High
CUST01061,Customer 1061,Male,Jakarta,2025-09-25,DKI Jakarta,,,0.0,0.0,,,,,,Never Purchased,First-purchase conversion,Medium
CUST01062,Customer 1062,Male,Surabaya,2024-10-03,Jawa Timur,2025-12-03,29.0,36.0,17890900.0,4.0,5.0,5.0,455.0,14.0,Champions,"Retain, VIP rewards, referral",High
CUST01063,Customer 1063,Male,Semarang,2025-04-06,Jawa Tengah,2025-11-28,34.0,10.0,3389800.0,3.0,3.0,3.0,333.0,9.0,Needs Attention,Personalized engagement,Medium
CUST01064,Customer 1064,Male,Surabaya,2023-10-10,Jawa Timur,2025-12-29,3.0,25.0,9792800.0,5.0,5.0,4.0,554.0,14.0,Champions,"Retain, VIP rewards, referral",High
CUST01065,Customer 1065,Female,Jakarta,2024-08-13,DKI Jakarta,2025-03-13,294.0,5.0,1207800.0,1.0,2.0,2.0,122.0,5.0,Hibernating,Low-cost re-engagement,Low
CUST01066,Customer 1066,Male,Depok,2023-03-13,Jawa Barat,2025-07-29,156.0,8.0,1894550.0,2.0,3.0,2.0,232.0,7.0,At Risk,Win-back and reactivation,High
CUST01067,Customer 1067,Male,Jakarta,2024-12-03,DKI Jakarta,2025-11-14,48.0,1.0,34200.0,3.0,1.0,1.0,311.0,5.0,Needs Attention,Personalized engagement,Medium
CUST01068,Customer 1068,Male,Jakarta,2024-07-28,DKI Jakarta,2025-10-17,76.0,6.0,1367250.0,2.0,2.0,2.0,222.0,6.0,Hibernating,Low-cost re-engagement,Low
CUST01069,Customer 1069,Male,Jakarta,2025-09-26,DKI Jakarta,2025-12-09,23.0,17.0,14590700.0,4.0,4.0,5.0,445.0,13.0,Champions,"Retain, VIP rewards, referral",High
CUST01070,Customer 1070,Male,Bandung,2025-06-10,Jawa Barat,2025-11-20,42.0,15.0,7017650.0,3.0,4.0,4.0,344.0,11.0,Loyal Customers,"Cross-sell, upsell, loyalty rewards",High
CUST01071,Customer 1071,Male,Depok,2023-01-12,Jawa Barat,2025-08-17,137.0,10.0,4819500.0,2.0,3.0,3.0,233.0,8.0,At Risk,Win-back and reactivation,High
CUST01072,Customer 1072,Female,Surabaya,2023-05-21,Jawa Timur,2025-02-11,324.0,4.0,432700.0,1.0,2.0,1.0,121.0,4.0,Hibernating,Low-cost re-engagement,Low
CUST01073,Customer 1073,Female,Jakarta,2023-01-17,DKI Jakarta,2025-12-05,27.0,2.0,507400.0,4.0,1.0,1.0,411.0,6.0,Needs Attention,Personalized engagement,Medium
CUST01074,Customer 1074,Male,Yogyakarta,2025-12-22,DI Yogyakarta,2025-10-31,62.0,24.0,5002850.0,3.0,5.0,3.0,353.0,11.0,Loyal Customers,"Cross-sell, upsell, loyalty rewards",High
CUST01075,Customer 1075,Male,Yogyakarta,2023-09-10,DI Yogyakarta,2025-12-21,11.0,32.0,12245200.0,5.0,5.0,5.0,555.0,15.0,Champions,"Retain, VIP rewards, referral",High
CUST01076,Customer 1076,Male,Yogyakarta,2024-04-09,DI Yogyakarta,2025-09-03,120.0,1.0,256000.0,2.0,1.0,1.0,211.0,4.0,Hibernating,Low-cost re-engagement,Low
CUST01077,Customer 1077,Female,Jakarta,2024-01-11,DKI Jakarta,2025-10-08,85.0,20.0,9097550.0,2.0,4.0,4.0,244.0,10.0,At Risk,Win-back and reactivation,High
CUST01078,Customer 1078,Male,Surabaya,2025-09-07,Jawa Timur,2025-05-24,222.0,8.0,3916650.0,1.0,3.0,3.0,133.0,7.0,At Risk,Win-back and reactivation,High
CUST01079,Customer 1079,Female,Makassar,2024-06-03,Sulawesi Selatan,2025-12-19,13.0,12.0,5427050.0,5.0,3.0,3.0,533.0,11.0,Potential Loyalists,Encourage repeat purchase,Medium
CUST01080,Customer 1080,Male,Depok,2023-03-31,Jawa Barat,2024-11-13,414.0,1.0,57400.0,1.0,1.0,1.0,111.0,3.0,Hibernating,Low-cost re-engagement,Low
CUST01081,Customer 1081,Male,Jakarta,2024-12-20,DKI Jakarta,2025-02-03,332.0,1.0,81600.0,1.0,1.0,1.0,111.0,3.0,Hibernating,Low-cost re-engagement,Low
CUST01082,Customer 1082,Male,Jakarta,2025-03-14,DKI Jakarta,2025-11-20,42.0,10.0,1635450.0,3.0,3.0,2.0,332.0,8.0,Needs Attention,Personalized engagement,Medium
CUST01083,Customer 1083,Male,Surabaya,2025-03-06,Jawa Timur,2025-11-30,32.0,47.0,16611900.0,4.0,5.0,5.0,455.0,14.0,Champions,"Retain, VIP rewards, referral",High
CUST01084,Customer 1084,Female,Medan,2024-09-21,Sumatera Utara,2025-12-30,2.0,10.0,7636800.0,5.0,3.0,4.0,534.0,12.0,Potential Loyalists,Encourage repeat purchase,Medium
CUST01085,Customer 1085,Female,Surabaya,2023-03-17,Jawa Timur,2025-12-23,9.0,26.0,20997150.0,5.0,5.0,5.0,555.0,15.0,Champions,"Retain, VIP rewards, referral",High
CUST01086,Customer 1086,Male,Surabaya,2025-07-14,Jawa Timur,2025-11-09,53.0,5.0,1538850.0,3.0,2.0,2.0,322.0,7.0,Needs Attention,Personalized engagement,Medium
CUST01087,Customer 1087,Male,Jakarta,2024-02-04,DKI Jakarta,2025-10-17,76.0,6.0,2385600.0,2.0,2.0,2.0,222.0,6.0,Hibernating,Low-cost re-engagement,Low
CUST01088,Customer 1088,Female,Tangerang,2025-08-27,Banten,2025-11-04,58.0,18.0,5771850.0,3.0,4.0,4.0,344.0,11.0,Loyal Customers,"Cross-sell, upsell, loyalty rewards",High
CUST01089,Customer 1089,Female,Semarang,2025-12-30,Jawa Tengah,2025-12-10,22.0,7.0,2764950.0,4.0,2.0,2.0,422.0,8.0,Potential Loyalists,Encourage repeat purchase,Medium
CUST01090,Customer 1090,Female,Bandung,2025-03-07,Jawa Barat,2025-12-17,15.0,22.0,24660750.0,4.0,5.0,5.0,455.0,14.0,Champions,"Retain, VIP rewards, referral",High
CUST01091,Customer 1091,Female,Depok,2023-07-14,Jawa Barat,2025-12-02,30.0,3.0,1559600.0,4.0,1.0,2.0,412.0,7.0,Needs Attention,Personalized engagement,Medium
CUST01092,Customer 1092,Male,Makassar,2023-08-16,Sulawesi Selatan,2025-08-18,136.0,14.0,5928850.0,2.0,4.0,4.0,244.0,10.0,At Risk,Win-back and reactivation,High
CUST01093,Customer 1093,Female,Jakarta,2024-04-05,DKI Jakarta,2025-12-05,27.0,39.0,16572700.0,4.0,5.0,5.0,455.0,14.0,Champions,"Retain, VIP rewards, referral",High
CUST01094,Customer 1094,Male,Surabaya,2024-09-09,Jawa Timur,2025-11-12,50.0,17.0,5801200.0,3.0,4.0,4.0,344.0,11.0,Loyal Customers,"Cross-sell, upsell, loyalty rewards",High
CUST01095,Customer 1095,Female,Bandung,2025-11-10,Jawa Barat,2025-12-19,13.0,13.0,5180900.0,5.0,4.0,3.0,543.0,12.0,Loyal Customers,"Cross-sell, upsell, loyalty rewards",High
CUST01096,Customer 1096,Female,Semarang,2023-03-05,Jawa Tengah,2025-12-25,7.0,25.0,12007250.0,5.0,5.0,5.0,555.0,15.0,Champions,"Retain, VIP rewards, referral",High
CUST01097,Customer 1097,Female,Bekasi,2023-06-14,Jawa Barat,2025-12-26,6.0,27.0,14132250.0,5.0,5.0,5.0,555.0,15.0,Champions,"Retain, VIP rewards, referral",High
CUST01098,Customer 1098,Female,Tangerang,2023-01-27,Banten,,,0.0,0.0,,,,,,Never Purchased,First-purchase conversion,Medium
CUST01099,Customer 1099,Female,Semarang,2025-10-08,Jawa Tengah,2025-12-16,16.0,8.0,3055050.0,4.0,3.0,3.0,433.0,10.0,Potential Loyalists,Encourage repeat purchase,Medium
CUST01100,Customer 1100,Male,Bandung,2023-10-12,Jawa Barat,2025-12-14,18.0,6.0,1383100.0,4.0,2.0,2.0,422.0,8.0,Potential Loyalists,Encourage repeat purchase,Medium
CUST01101,Customer 1101,Male,Medan,2023-10-08,Sumatera Utara,2025-09-21,102.0,2.0,828500.0,2.0,1.0,1.0,211.0,4.0,Hibernating,Low-cost re-engagement,Low
CUST01102,Customer 1102,Female,Surabaya,2025-04-17,Jawa Timur,2025-12-29,3.0,52.0,26754800.0,5.0,5.0,5.0,555.0,15.0,Champions,"Retain, VIP rewards, referral",High
CUST01103,Customer 1103,Female,Jakarta,2025-04-10,DKI Jakarta,2025-09-02,121.0,12.0,4829050.0,2.0,3.0,3.0,233.0,8.0,At Risk,Win-back and reactivation,High
CUST01104,Customer 1104,Male,Tangerang,2025-07-06,Banten,2025-12-18,14.0,22.0,10804800.0,4.0,5.0,5.0,455.0,14.0,Champions,"Retain, VIP rewards, referral",High
CUST01105,Customer 1105,Female,Semarang,2023-08-12,Jawa Tengah,2025-09-18,105.0,2.0,853800.0,2.0,1.0,1.0,211.0,4.0,Hibernating,Low-cost re-engagement,Low
CUST01106,Customer 1106,Female,Bandung,2025-02-22,Jawa Barat,2025-09-22,101.0,6.0,1268800.0,2.0,2.0,2.0,222.0,6.0,Hibernating,Low-cost re-engagement,Low
CUST01107,Customer 1107,Male,Yogyakarta,2025-08-22,DI Yogyakarta,2025-10-28,65.0,6.0,2002900.0,3.0,2.0,2.0,322.0,7.0,Needs Attention,Personalized engagement,Medium
CUST01108,Customer 1108,Female,Medan,2025-08-07,Sumatera Utara,2025-12-31,1.0,21.0,24613650.0,5.0,4.0,5.0,545.0,14.0,Champions,"Retain, VIP rewards, referral",High
CUST01109,Customer 1109,Female,Jakarta,2025-11-19,DKI Jakarta,2025-09-26,97.0,15.0,3933750.0,2.0,4.0,3.0,243.0,9.0,At Risk,Win-back and reactivation,High
CUST01110,Customer 1110,Male,Makassar,2023-02-14,Sulawesi Selatan,2025-11-19,43.0,13.0,4556350.0,3.0,4.0,3.0,343.0,10.0,Loyal Customers,"Cross-sell, upsell, loyalty rewards",High
CUST01111,Customer 1111,Male,Jakarta,2024-04-15,DKI Jakarta,2025-06-22,193.0,6.0,1998200.0,1.0,2.0,2.0,122.0,5.0,Hibernating,Low-cost re-engagement,Low
CUST01112,Customer 1112,Male,Jakarta,2023-02-03,DKI Jakarta,2025-12-30,2.0,37.0,15928150.0,5.0,5.0,5.0,555.0,15.0,Champions,"Retain, VIP rewards, referral",High
CUST01113,Customer 1113,Female,Jakarta,2024-10-14,DKI Jakarta,2025-09-20,103.0,33.0,14708650.0,2.0,5.0,5.0,255.0,12.0,At Risk,Win-back and reactivation,High
CUST01114,Customer 1114,Male,Yogyakarta,2025-04-09,DI Yogyakarta,2025-12-23,9.0,13.0,3810200.0,5.0,4.0,3.0,543.0,12.0,Loyal Customers,"Cross-sell, upsell, loyalty rewards",High
CUST01115,Customer 1115,Male,Tangerang,2023-08-09,Banten,2025-06-06,209.0,8.0,3285100.0,1.0,3.0,3.0,133.0,7.0,At Risk,Win-back and reactivation,High
CUST01116,Customer 1116,Male,Jakarta,2024-06-17,DKI Jakarta,2025-09-18,105.0,6.0,3067700.0,2.0,2.0,3.0,223.0,7.0,Needs Attention,Personalized engagement,Medium
CUST01117,Customer 1117,Male,Surabaya,2024-11-22,Jawa Timur,2025-09-04,119.0,20.0,12329300.0,2.0,4.0,5.0,245.0,11.0,At Risk,Win-back and reactivation,High
CUST01118,Customer 1118,Male,Bekasi,2025-07-20,Jawa Barat,2025-12-25,7.0,32.0,13858300.0,5.0,5.0,5.0,555.0,15.0,Champions,"Retain, VIP rewards, referral",High
CUST01119,Customer 1119,Male,Jakarta,2025-04-20,DKI Jakarta,2025-09-23,100.0,7.0,2625400.0,2.0,2.0,2.0,222.0,6.0,Hibernating,Low-cost re-engagement,Low
CUST01120,Customer 1120,Female,Yogyakarta,2025-10-07,DI Yogyakarta,2025-12-27,5.0,2.0,503100.0,5.0,1.0,1.0,511.0,7.0,New Customers,Welcome and second-purchase campaign,Medium
CUST01121,Customer 1121,Female,Semarang,2024-08-04,Jawa Tengah,2025-11-03,59.0,7.0,969050.0,3.0,2.0,1.0,321.0,6.0,Needs Attention,Personalized engagement,Medium
CUST01122,Customer 1122,Male,Surabaya,2023-08-27,Jawa Timur,2025-08-18,136.0,12.0,2860600.0,2.0,3.0,2.0,232.0,7.0,At Risk,Win-back and reactivation,High
CUST01123,Customer 1123,Male,Makassar,2024-03-16,Sulawesi Selatan,2025-12-15,17.0,2.0,853200.0,4.0,1.0,1.0,411.0,6.0,Needs Attention,Personalized engagement,Medium
CUST01124,Customer 1124,Male,Bandung,2023-05-28,Jawa Barat,,,0.0,0.0,,,,,,Never Purchased,First-purchase conversion,Medium
CUST01125,Customer 1125,Female,Makassar,2025-10-29,Sulawesi Selatan,2025-09-09,114.0,4.0,1047150.0,2.0,2.0,1.0,221.0,5.0,Hibernating,Low-cost re-engagement,Low
CUST01126,Customer 1126,Female,Tangerang,2024-01-23,Banten,2025-12-18,14.0,27.0,11086300.0,4.0,5.0,5.0,455.0,14.0,Champions,"Retain, VIP rewards, referral",High
CUST01127,Customer 1127,Female,Tangerang,2025-12-09,Banten,2025-12-24,8.0,35.0,12413550.0,5.0,5.0,5.0,555.0,15.0,Champions,"Retain, VIP rewards, referral",High
CUST01128,Customer 1128,Female,Jakarta,2025-07-04,DKI Jakarta,2025-06-18,197.0,2.0,1562850.0,1.0,1.0,2.0,112.0,4.0,Hibernating,Low-cost re-engagement,Low
CUST01129,Customer 1129,Female,Yogyakarta,2024-09-29,DI Yogyakarta,2025-10-28,65.0,3.0,6545200.0,3.0,1.0,4.0,314.0,8.0,Needs Attention,Personalized engagement,Medium
CUST01130,Customer 1130,Female,Surabaya,2023-10-05,Jawa Timur,2025-12-05,27.0,17.0,6417700.0,4.0,4.0,4.0,444.0,12.0,Champions,"Retain, VIP rewards, referral",High
CUST01131,Customer 1131,Female,Jakarta,2025-09-15,DKI Jakarta,2025-09-24,99.0,5.0,929250.0,2.0,2.0,1.0,221.0,5.0,Hibernating,Low-cost re-engagement,Low
CUST01132,Customer 1132,Female,Jakarta,2024-08-11,DKI Jakarta,2025-09-18,105.0,9.0,2566850.0,2.0,3.0,2.0,232.0,7.0,At Risk,Win-back and reactivation,High
CUST01133,Customer 1133,Female,Bekasi,2024-10-10,Jawa Barat,,,0.0,0.0,,,,,,Never Purchased,First-purchase conversion,Medium
CUST01134,Customer 1134,Male,Surabaya,2024-09-09,Jawa Timur,2025-10-19,74.0,6.0,1324550.0,2.0,2.0,2.0,222.0,6.0,Hibernating,Low-cost re-engagement,Low
CUST01135,Customer 1135,Male,Tangerang,2023-05-15,Banten,2025-10-23,70.0,12.0,4603700.0,3.0,3.0,3.0,333.0,9.0,Needs Attention,Personalized engagement,Medium
CUST01136,Customer 1136,Male,Yogyakarta,2024-08-02,DI Yogyakarta,2025-12-20,12.0,19.0,10251350.0,5.0,4.0,4.0,544.0,13.0,Champions,"Retain, VIP rewards, referral",High
CUST01137,Customer 1137,Male,Jakarta,2024-05-04,DKI Jakarta,2025-12-31,1.0,9.0,3499150.0,5.0,3.0,3.0,533.0,11.0,Potential Loyalists,Encourage repeat purchase,Medium
CUST01138,Customer 1138,Female,Depok,2024-04-22,Jawa Barat,2025-06-22,193.0,6.0,2984600.0,1.0,2.0,2.0,122.0,5.0,Hibernating,Low-cost re-engagement,Low
CUST01139,Customer 1139,Female,Jakarta,2024-01-19,DKI Jakarta,,,0.0,0.0,,,,,,Never Purchased,First-purchase conversion,Medium
CUST01140,Customer 1140,Male,Yogyakarta,2023-06-12,DI Yogyakarta,2025-12-27,5.0,56.0,18923500.0,5.0,5.0,5.0,555.0,15.0,Champions,"Retain, VIP rewards, referral",High
CUST01141,Customer 1141,Female,Semarang,2024-03-16,Jawa Tengah,2025-12-06,26.0,23.0,4875500.0,4.0,5.0,3.0,453.0,12.0,Loyal Customers,"Cross-sell, upsell, loyalty rewards",High
CUST01142,Customer 1142,Male,Bekasi,2024-02-19,Jawa Barat,2024-11-28,399.0,3.0,358950.0,1.0,1.0,1.0,111.0,3.0,Hibernating,Low-cost re-engagement,Low
CUST01143,Customer 1143,Female,Tangerang,2023-10-15,Banten,2025-12-25,7.0,8.0,4336100.0,5.0,3.0,3.0,533.0,11.0,Potential Loyalists,Encourage repeat purchase,Medium
CUST01144,Customer 1144,Male,Bandung,2023-07-06,Jawa Barat,2025-09-09,114.0,9.0,8077500.0,2.0,3.0,4.0,234.0,9.0,At Risk,Win-back and reactivation,High
CUST01145,Customer 1145,Female,Surabaya,2023-05-10,Jawa Timur,2025-10-20,73.0,8.0,7270850.0,2.0,3.0,4.0,234.0,9.0,At Risk,Win-back and reactivation,High
CUST01146,Customer 1146,Female,Semarang,2023-07-13,Jawa Tengah,2025-12-29,3.0,32.0,13800950.0,5.0,5.0,5.0,555.0,15.0,Champions,"Retain, VIP rewards, referral",High
CUST01147,Customer 1147,Male,Surabaya,2023-11-12,Jawa Timur,2025-04-06,270.0,2.0,777600.0,1.0,1.0,1.0,111.0,3.0,Hibernating,Low-cost re-engagement,Low
CUST01148,Customer 1148,Female,Bandung,2023-05-24,Jawa Barat,2025-12-28,4.0,19.0,12131400.0,5.0,4.0,5.0,545.0,14.0,Champions,"Retain, VIP rewards, referral",High
CUST01149,Customer 1149,Male,Surabaya,2023-01-16,Jawa Timur,2025-09-26,97.0,23.0,8346900.0,2.0,5.0,4.0,254.0,11.0,At Risk,Win-back and reactivation,High
CUST01150,Customer 1150,Male,Semarang,2024-02-27,Jawa Tengah,2025-12-08,24.0,20.0,10553000.0,4.0,4.0,4.0,444.0,12.0,Champions,"Retain, VIP rewards, referral",High
CUST01151,Customer 1151,Male,Bandung,2023-09-02,Jawa Barat,2025-12-11,21.0,6.0,2828550.0,4.0,2.0,2.0,422.0,8.0,Potential Loyalists,Encourage repeat purchase,Medium
CUST01152,Customer 1152,Male,Jakarta,2025-07-15,DKI Jakarta,2025-10-15,78.0,2.0,244150.0,2.0,1.0,1.0,211.0,4.0,Hibernating,Low-cost re-engagement,Low
CUST01153,Customer 1153,Female,Tangerang,2023-05-09,Banten,2024-10-06,452.0,3.0,2116850.0,1.0,1.0,2.0,112.0,4.0,Hibernating,Low-cost re-engagement,Low
CUST01154,Customer 1154,Female,Semarang,2025-06-25,Jawa Tengah,2025-12-21,11.0,18.0,7104750.0,5.0,4.0,4.0,544.0,13.0,Champions,"Retain, VIP rewards, referral",High
CUST01155,Customer 1155,Female,Jakarta,2025-06-05,DKI Jakarta,2024-10-05,453.0,8.0,1776700.0,1.0,3.0,2.0,132.0,6.0,At Risk,Win-back and reactivation,High
CUST01156,Customer 1156,Male,Jakarta,2023-12-07,DKI Jakarta,2025-12-14,18.0,27.0,9558700.0,4.0,5.0,4.0,454.0,13.0,Champions,"Retain, VIP rewards, referral",High
CUST01157,Customer 1157,Female,Jakarta,2023-01-04,DKI Jakarta,2024-09-26,462.0,1.0,200450.0,1.0,1.0,1.0,111.0,3.0,Hibernating,Low-cost re-engagement,Low
CUST01158,Customer 1158,Male,Bandung,2023-11-02,Jawa Barat,2025-12-12,20.0,26.0,9526650.0,4.0,5.0,4.0,454.0,13.0,Champions,"Retain, VIP rewards, referral",High
CUST01159,Customer 1159,Female,Surabaya,2025-06-26,Jawa Timur,2025-12-26,6.0,58.0,24645400.0,5.0,5.0,5.0,555.0,15.0,Champions,"Retain, VIP rewards, referral",High
CUST01160,Customer 1160,Female,Depok,2024-08-29,Jawa Barat,2025-11-10,52.0,9.0,6681500.0,3.0,3.0,4.0,334.0,10.0,Needs Attention,Personalized engagement,Medium
CUST01161,Customer 1161,Female,Tangerang,2025-09-18,Banten,2025-12-12,20.0,10.0,9168950.0,4.0,3.0,4.0,434.0,11.0,Potential Loyalists,Encourage repeat purchase,Medium
CUST01162,Customer 1162,Male,Bekasi,2023-11-17,Jawa Barat,2025-12-27,5.0,11.0,2809250.0,5.0,3.0,2.0,532.0,10.0,Potential Loyalists,Encourage repeat purchase,Medium
CUST01163,Customer 1163,Female,Jakarta,2024-07-12,DKI Jakarta,2025-12-24,8.0,11.0,3009650.0,5.0,3.0,2.0,532.0,10.0,Potential Loyalists,Encourage repeat purchase,Medium
CUST01164,Customer 1164,Female,Semarang,2024-09-09,Jawa Tengah,2025-09-16,107.0,4.0,277100.0,2.0,2.0,1.0,221.0,5.0,Hibernating,Low-cost re-engagement,Low
CUST01165,Customer 1165,Male,Surabaya,2024-12-11,Jawa Timur,,,0.0,0.0,,,,,,Never Purchased,First-purchase conversion,Medium
CUST01166,Customer 1166,Female,Makassar,2024-06-14,Sulawesi Selatan,2025-12-17,15.0,10.0,2508200.0,4.0,3.0,2.0,432.0,9.0,Potential Loyalists,Encourage repeat purchase,Medium
CUST01167,Customer 1167,Male,Tangerang,2024-02-14,Banten,2025-09-05,118.0,10.0,4628100.0,2.0,3.0,3.0,233.0,8.0,At Risk,Win-back and reactivation,High
CUST01168,Customer 1168,Female,Jakarta,2025-03-28,DKI Jakarta,2025-12-18,14.0,32.0,11259850.0,4.0,5.0,5.0,455.0,14.0,Champions,"Retain, VIP rewards, referral",High
CUST01169,Customer 1169,Male,Tangerang,2024-05-07,Banten,2025-07-01,184.0,2.0,326400.0,1.0,1.0,1.0,111.0,3.0,Hibernating,Low-cost re-engagement,Low
CUST01170,Customer 1170,Male,Bandung,2023-01-12,Jawa Barat,2025-12-21,11.0,29.0,10341600.0,5.0,5.0,4.0,554.0,14.0,Champions,"Retain, VIP rewards, referral",High
CUST01171,Customer 1171,Female,Tangerang,2023-07-14,Banten,2025-11-20,42.0,9.0,2989700.0,3.0,3.0,2.0,332.0,8.0,Needs Attention,Personalized engagement,Medium
CUST01172,Customer 1172,Male,Jakarta,2024-05-04,DKI Jakarta,2025-12-26,6.0,4.0,1739400.0,5.0,2.0,2.0,522.0,9.0,Potential Loyalists,Encourage repeat purchase,Medium
CUST01173,Customer 1173,Male,Jakarta,2025-03-05,DKI Jakarta,2025-10-22,71.0,18.0,7027450.0,3.0,4.0,4.0,344.0,11.0,Loyal Customers,"Cross-sell, upsell, loyalty rewards",High
CUST01174,Customer 1174,Male,Yogyakarta,2025-05-30,DI Yogyakarta,2025-01-01,365.0,3.0,892350.0,1.0,1.0,1.0,111.0,3.0,Hibernating,Low-cost re-engagement,Low
CUST01175,Customer 1175,Male,Jakarta,2023-07-01,DKI Jakarta,2025-12-02,30.0,10.0,4311100.0,4.0,3.0,3.0,433.0,10.0,Potential Loyalists,Encourage repeat purchase,Medium
CUST01176,Customer 1176,Male,Semarang,2025-08-19,Jawa Tengah,2025-12-16,16.0,12.0,8634200.0,4.0,3.0,4.0,434.0,11.0,Potential Loyalists,Encourage repeat purchase,Medium
CUST01177,Customer 1177,Male,Jakarta,2024-10-17,DKI Jakarta,2025-11-15,47.0,15.0,11835450.0,3.0,4.0,5.0,345.0,12.0,Loyal Customers,"Cross-sell, upsell, loyalty rewards",High
CUST01178,Customer 1178,Female,Tangerang,2024-11-24,Banten,2025-10-04,89.0,6.0,1729050.0,2.0,2.0,2.0,222.0,6.0,Hibernating,Low-cost re-engagement,Low
CUST01179,Customer 1179,Male,Tangerang,2023-01-30,Banten,2025-12-28,4.0,7.0,1184850.0,5.0,2.0,1.0,521.0,8.0,Potential Loyalists,Encourage repeat purchase,Medium
CUST01180,Customer 1180,Male,Surabaya,2025-02-16,Jawa Timur,2025-12-19,13.0,7.0,1108650.0,5.0,2.0,1.0,521.0,8.0,Potential Loyalists,Encourage repeat purchase,Medium
CUST01181,Customer 1181,Female,Bandung,2024-03-19,Jawa Barat,2025-12-24,8.0,12.0,4865150.0,5.0,4.0,3.0,543.0,12.0,Loyal Customers,"Cross-sell, upsell, loyalty rewards",High
CUST01182,Customer 1182,Female,Jakarta,2023-10-25,DKI Jakarta,2025-10-15,78.0,7.0,3782750.0,2.0,2.0,3.0,223.0,7.0,Needs Attention,Personalized engagement,Medium
CUST01183,Customer 1183,Female,Jakarta,2025-03-18,DKI Jakarta,2025-12-19,13.0,21.0,8968550.0,5.0,5.0,4.0,554.0,14.0,Champions,"Retain, VIP rewards, referral",High
CUST01184,Customer 1184,Female,Bandung,2025-04-24,Jawa Barat,2025-08-04,150.0,8.0,1380450.0,2.0,3.0,2.0,232.0,7.0,At Risk,Win-back and reactivation,High
CUST01185,Customer 1185,Female,Tangerang,2025-10-12,Banten,2024-06-10,570.0,1.0,165200.0,1.0,1.0,1.0,111.0,3.0,Hibernating,Low-cost re-engagement,Low
CUST01186,Customer 1186,Female,Medan,2024-07-07,Sumatera Utara,2025-12-08,24.0,11.0,3054800.0,4.0,3.0,3.0,433.0,10.0,Potential Loyalists,Encourage repeat purchase,Medium
CUST01187,Customer 1187,Female,Yogyakarta,2023-10-30,DI Yogyakarta,2025-12-18,14.0,20.0,7226300.0,4.0,4.0,4.0,444.0,12.0,Champions,"Retain, VIP rewards, referral",High
CUST01188,Customer 1188,Male,Depok,2024-02-25,Jawa Barat,2025-12-12,20.0,27.0,11634250.0,4.0,5.0,5.0,455.0,14.0,Champions,"Retain, VIP rewards, referral",High
CUST01189,Customer 1189,Male,Depok,2023-07-04,Jawa Barat,2025-11-14,48.0,5.0,5149850.0,3.0,2.0,3.0,323.0,8.0,Needs Attention,Personalized engagement,Medium
CUST01190,Customer 1190,Female,Tangerang,2024-04-12,Banten,2025-03-19,288.0,3.0,372500.0,1.0,1.0,1.0,111.0,3.0,Hibernating,Low-cost re-engagement,Low
CUST01191,Customer 1191,Male,Jakarta,2025-01-23,DKI Jakarta,2025-12-18,14.0,14.0,17361200.0,4.0,4.0,5.0,445.0,13.0,Champions,"Retain, VIP rewards, referral",High
CUST01192,Customer 1192,Male,Medan,2023-12-29,Sumatera Utara,2025-12-16,16.0,31.0,10985050.0,4.0,5.0,5.0,455.0,14.0,Champions,"Retain, VIP rewards, referral",High
CUST01193,Customer 1193,Male,Tangerang,2023-12-02,Banten,2025-02-27,308.0,3.0,126750.0,1.0,1.0,1.0,111.0,3.0,Hibernating,Low-cost re-engagement,Low
CUST01194,Customer 1194,Female,Bekasi,2023-06-11,Jawa Barat,2025-10-06,87.0,10.0,2727600.0,2.0,3.0,2.0,232.0,7.0,At Risk,Win-back and reactivation,High
CUST01195,Customer 1195,Female,Jakarta,2023-01-12,DKI Jakarta,2025-07-29,156.0,9.0,3261700.0,2.0,3.0,3.0,233.0,8.0,At Risk,Win-back and reactivation,High
CUST01196,Customer 1196,Male,Surabaya,2024-08-10,Jawa Timur,2025-09-08,115.0,4.0,256400.0,2.0,2.0,1.0,221.0,5.0,Hibernating,Low-cost re-engagement,Low
CUST01197,Customer 1197,Female,Surabaya,2023-07-20,Jawa Timur,2025-08-26,128.0,8.0,5895250.0,2.0,3.0,4.0,234.0,9.0,At Risk,Win-back and reactivation,High
CUST01198,Customer 1198,Male,Yogyakarta,2024-06-05,DI Yogyakarta,2025-12-27,5.0,28.0,8443400.0,5.0,5.0,4.0,554.0,14.0,Champions,"Retain, VIP rewards, referral",High
CUST01199,Customer 1199,Male,Bekasi,2024-05-19,Jawa Barat,2025-11-27,35.0,6.0,2525950.0,3.0,2.0,2.0,322.0,7.0,Needs Attention,Personalized engagement,Medium
CUST01200,Customer 1200,Male,Bandung,2025-02-26,Jawa Barat,2025-08-26,128.0,10.0,10877400.0,2.0,3.0,5.0,235.0,10.0,At Risk,Win-back and reactivation,High
CUST01201,Customer 1201,Male,Makassar,2025-11-28,Sulawesi Selatan,2025-12-18,14.0,18.0,8330100.0,4.0,4.0,4.0,444.0,12.0,Champions,"Retain, VIP rewards, referral",High
CUST01202,Customer 1202,Female,Jakarta,2023-03-01,DKI Jakarta,2025-12-30,2.0,22.0,9694550.0,5.0,5.0,4.0,554.0,14.0,Champions,"Retain, VIP rewards, referral",High
CUST01203,Customer 1203,Female,Surabaya,2024-07-31,Jawa Timur,2025-10-05,88.0,3.0,273200.0,2.0,1.0,1.0,211.0,4.0,Hibernating,Low-cost re-engagement,Low
CUST01204,Customer 1204,Female,Jakarta,2023-11-17,DKI Jakarta,2025-10-31,62.0,8.0,4662650.0,3.0,3.0,3.0,333.0,9.0,Needs Attention,Personalized engagement,Medium
CUST01205,Customer 1205,Male,Depok,2025-07-11,Jawa Barat,2025-06-19,196.0,5.0,3489050.0,1.0,2.0,3.0,123.0,6.0,Needs Attention,Personalized engagement,Medium
CUST01206,Customer 1206,Female,Medan,2024-07-22,Sumatera Utara,2025-11-25,37.0,11.0,5484750.0,3.0,3.0,3.0,333.0,9.0,Needs Attention,Personalized engagement,Medium
CUST01207,Customer 1207,Male,Bandung,2024-06-10,Jawa Barat,2025-12-20,12.0,21.0,5708900.0,5.0,5.0,4.0,554.0,14.0,Champions,"Retain, VIP rewards, referral",High
CUST01208,Customer 1208,Female,Yogyakarta,2024-06-07,DI Yogyakarta,2025-06-20,195.0,6.0,1815600.0,1.0,2.0,2.0,122.0,5.0,Hibernating,Low-cost re-engagement,Low
CUST01209,Customer 1209,Male,Bandung,2024-09-04,Jawa Barat,2025-11-30,32.0,9.0,2197100.0,4.0,3.0,2.0,432.0,9.0,Potential Loyalists,Encourage repeat purchase,Medium
CUST01210,Customer 1210,Male,Medan,2023-05-05,Sumatera Utara,2025-12-22,10.0,21.0,9629350.0,5.0,5.0,4.0,554.0,14.0,Champions,"Retain, VIP rewards, referral",High
CUST01211,Customer 1211,Male,Depok,2025-05-20,Jawa Barat,2025-11-12,50.0,19.0,6908950.0,3.0,4.0,4.0,344.0,11.0,Loyal Customers,"Cross-sell, upsell, loyalty rewards",High
CUST01212,Customer 1212,Female,Semarang,2023-10-07,Jawa Tengah,2025-12-24,8.0,8.0,3401250.0,5.0,3.0,3.0,533.0,11.0,Potential Loyalists,Encourage repeat purchase,Medium
CUST01213,Customer 1213,Female,Jakarta,2025-07-05,DKI Jakarta,2025-11-18,44.0,10.0,5781000.0,3.0,3.0,4.0,334.0,10.0,Needs Attention,Personalized engagement,Medium
CUST01214,Customer 1214,Female,Makassar,2024-09-13,Sulawesi Selatan,2025-12-07,25.0,5.0,947250.0,4.0,2.0,1.0,421.0,7.0,Potential Loyalists,Encourage repeat purchase,Medium
CUST01215,Customer 1215,Female,Depok,2025-04-25,Jawa Barat,2024-03-05,667.0,1.0,324000.0,1.0,1.0,1.0,111.0,3.0,Hibernating,Low-cost re-engagement,Low
CUST01216,Customer 1216,Male,Bandung,2024-11-04,Jawa Barat,2025-11-16,46.0,9.0,2065350.0,3.0,3.0,2.0,332.0,8.0,Needs Attention,Personalized engagement,Medium
CUST01217,Customer 1217,Female,Semarang,2023-11-10,Jawa Tengah,2025-06-01,214.0,1.0,91200.0,1.0,1.0,1.0,111.0,3.0,Hibernating,Low-cost re-engagement,Low
CUST01218,Customer 1218,Female,Bandung,2023-11-28,Jawa Barat,2025-12-26,6.0,27.0,10907900.0,5.0,5.0,5.0,555.0,15.0,Champions,"Retain, VIP rewards, referral",High
CUST01219,Customer 1219,Male,Yogyakarta,2023-02-05,DI Yogyakarta,2025-10-18,75.0,7.0,1854850.0,2.0,2.0,2.0,222.0,6.0,Hibernating,Low-cost re-engagement,Low
CUST01220,Customer 1220,Male,Jakarta,2025-11-11,DKI Jakarta,2025-11-14,48.0,8.0,1770900.0,3.0,3.0,2.0,332.0,8.0,Needs Attention,Personalized engagement,Medium
CUST01221,Customer 1221,Male,Tangerang,2023-07-25,Banten,2025-10-02,91.0,40.0,15043950.0,2.0,5.0,5.0,255.0,12.0,At Risk,Win-back and reactivation,High
CUST01222,Customer 1222,Female,Bekasi,2024-09-30,Jawa Barat,2025-11-30,32.0,19.0,8459350.0,4.0,4.0,4.0,444.0,12.0,Champions,"Retain, VIP rewards, referral",High
CUST01223,Customer 1223,Male,Jakarta,2025-04-27,DKI Jakarta,2025-11-30,32.0,7.0,1854700.0,4.0,2.0,2.0,422.0,8.0,Potential Loyalists,Encourage repeat purchase,Medium
CUST01224,Customer 1224,Male,Jakarta,2024-03-15,DKI Jakarta,2025-07-11,174.0,3.0,1787750.0,1.0,1.0,2.0,112.0,4.0,Hibernating,Low-cost re-engagement,Low
CUST01225,Customer 1225,Male,Jakarta,2024-12-29,DKI Jakarta,2025-12-12,20.0,12.0,5799150.0,4.0,4.0,4.0,444.0,12.0,Champions,"Retain, VIP rewards, referral",High
CUST01226,Customer 1226,Female,Surabaya,2025-07-29,Jawa Timur,2025-12-23,9.0,11.0,6215400.0,5.0,3.0,4.0,534.0,12.0,Potential Loyalists,Encourage repeat purchase,Medium
CUST01227,Customer 1227,Male,Bandung,2023-06-13,Jawa Barat,2025-12-22,10.0,12.0,6937800.0,5.0,4.0,4.0,544.0,13.0,Champions,"Retain, VIP rewards, referral",High
CUST01228,Customer 1228,Female,Bekasi,2023-05-28,Jawa Barat,2025-10-23,70.0,15.0,15478150.0,3.0,4.0,5.0,345.0,12.0,Loyal Customers,"Cross-sell, upsell, loyalty rewards",High
CUST01229,Customer 1229,Female,Bandung,2023-10-21,Jawa Barat,2025-10-09,84.0,6.0,926250.0,2.0,2.0,1.0,221.0,5.0,Hibernating,Low-cost re-engagement,Low
CUST01230,Customer 1230,Male,Bandung,2023-07-14,Jawa Barat,2025-11-25,37.0,9.0,3020850.0,3.0,3.0,2.0,332.0,8.0,Needs Attention,Personalized engagement,Medium
CUST01231,Customer 1231,Male,Depok,2024-10-24,Jawa Barat,2025-10-28,65.0,15.0,6600150.0,3.0,4.0,4.0,344.0,11.0,Loyal Customers,"Cross-sell, upsell, loyalty rewards",High
CUST01232,Customer 1232,Female,Jakarta,2024-04-24,DKI Jakarta,2025-03-04,303.0,4.0,569250.0,1.0,2.0,1.0,121.0,4.0,Hibernating,Low-cost re-engagement,Low
CUST01233,Customer 1233,Male,Medan,2023-05-03,Sumatera Utara,2024-12-20,377.0,4.0,552300.0,1.0,2.0,1.0,121.0,4.0,Hibernating,Low-cost re-engagement,Low
CUST01234,Customer 1234,Male,Yogyakarta,2024-11-29,DI Yogyakarta,2025-10-29,64.0,7.0,874400.0,3.0,2.0,1.0,321.0,6.0,Needs Attention,Personalized engagement,Medium
CUST01235,Customer 1235,Female,Tangerang,2025-08-22,Banten,2025-06-26,189.0,3.0,1075300.0,1.0,1.0,1.0,111.0,3.0,Hibernating,Low-cost re-engagement,Low
CUST01236,Customer 1236,Female,Bekasi,2024-10-22,Jawa Barat,2025-09-13,110.0,8.0,15683850.0,2.0,3.0,5.0,235.0,10.0,At Risk,Win-back and reactivation,High
CUST01237,Customer 1237,Male,Yogyakarta,2024-12-10,DI Yogyakarta,2025-12-01,31.0,15.0,20089200.0,4.0,4.0,5.0,445.0,13.0,Champions,"Retain, VIP rewards, referral",High
CUST01238,Customer 1238,Female,Jakarta,2024-01-31,DKI Jakarta,2025-11-23,39.0,6.0,1171900.0,3.0,2.0,1.0,321.0,6.0,Needs Attention,Personalized engagement,Medium
CUST01239,Customer 1239,Male,Jakarta,2025-06-30,DKI Jakarta,2025-10-12,81.0,13.0,11543900.0,2.0,4.0,5.0,245.0,11.0,At Risk,Win-back and reactivation,High
CUST01240,Customer 1240,Male,Jakarta,2025-10-01,DKI Jakarta,2025-12-15,17.0,26.0,13479500.0,4.0,5.0,5.0,455.0,14.0,Champions,"Retain, VIP rewards, referral",High
CUST01241,Customer 1241,Male,Semarang,2023-11-13,Jawa Tengah,2025-05-18,228.0,3.0,282300.0,1.0,1.0,1.0,111.0,3.0,Hibernating,Low-cost re-engagement,Low
CUST01242,Customer 1242,Female,Jakarta,2024-11-11,DKI Jakarta,2025-12-30,2.0,66.0,31443650.0,5.0,5.0,5.0,555.0,15.0,Champions,"Retain, VIP rewards, referral",High
CUST01243,Customer 1243,Male,Bekasi,2024-05-09,Jawa Barat,2025-12-19,13.0,47.0,22619400.0,5.0,5.0,5.0,555.0,15.0,Champions,"Retain, VIP rewards, referral",High
CUST01244,Customer 1244,Male,Makassar,2024-07-09,Sulawesi Selatan,2025-12-05,27.0,15.0,12762900.0,4.0,4.0,5.0,445.0,13.0,Champions,"Retain, VIP rewards, referral",High
CUST01245,Customer 1245,Male,Yogyakarta,2024-09-01,DI Yogyakarta,2025-08-13,141.0,11.0,6304600.0,2.0,3.0,4.0,234.0,9.0,At Risk,Win-back and reactivation,High
CUST01246,Customer 1246,Female,Surabaya,2023-04-19,Jawa Timur,2025-08-13,141.0,5.0,1373600.0,2.0,2.0,2.0,222.0,6.0,Hibernating,Low-cost re-engagement,Low
CUST01247,Customer 1247,Female,Jakarta,2024-01-07,DKI Jakarta,2025-10-21,72.0,17.0,3825550.0,2.0,4.0,3.0,243.0,9.0,At Risk,Win-back and reactivation,High
CUST01248,Customer 1248,Female,Semarang,2025-05-04,Jawa Tengah,2025-12-20,12.0,9.0,6823400.0,5.0,3.0,4.0,534.0,12.0,Potential Loyalists,Encourage repeat purchase,Medium
CUST01249,Customer 1249,Female,Bekasi,2024-09-07,Jawa Barat,2025-12-15,17.0,23.0,20965100.0,4.0,5.0,5.0,455.0,14.0,Champions,"Retain, VIP rewards, referral",High
CUST01250,Customer 1250,Female,Jakarta,2025-02-06,DKI Jakarta,2025-08-17,137.0,2.0,504750.0,2.0,1.0,1.0,211.0,4.0,Hibernating,Low-cost re-engagement,Low
CUST01251,Customer 1251,Male,Jakarta,2023-07-25,DKI Jakarta,2025-08-22,132.0,24.0,14436800.0,2.0,5.0,5.0,255.0,12.0,At Risk,Win-back and reactivation,High
CUST01252,Customer 1252,Female,Medan,2025-04-26,Sumatera Utara,2025-10-14,79.0,11.0,11985650.0,2.0,3.0,5.0,235.0,10.0,At Risk,Win-back and reactivation,High
CUST01253,Customer 1253,Female,Tangerang,2023-02-12,Banten,2025-06-20,195.0,3.0,351000.0,1.0,1.0,1.0,111.0,3.0,Hibernating,Low-cost re-engagement,Low
CUST01254,Customer 1254,Female,Semarang,2025-05-14,Jawa Tengah,2025-10-05,88.0,8.0,2936600.0,2.0,3.0,2.0,232.0,7.0,At Risk,Win-back and reactivation,High
CUST01255,Customer 1255,Unknown,Yogyakarta,2025-02-23,DI Yogyakarta,2025-08-25,129.0,6.0,2669950.0,2.0,2.0,2.0,222.0,6.0,Hibernating,Low-cost re-engagement,Low
CUST01256,Customer 1256,Female,Bekasi,2024-04-20,Jawa Barat,2025-12-16,16.0,27.0,13675750.0,4.0,5.0,5.0,455.0,14.0,Champions,"Retain, VIP rewards, referral",High
CUST01257,Customer 1257,Female,Surabaya,2023-03-24,Jawa Timur,2025-12-23,9.0,32.0,12737300.0,5.0,5.0,5.0,555.0,15.0,Champions,"Retain, VIP rewards, referral",High
CUST01258,Customer 1258,Male,Surabaya,2023-07-09,Jawa Timur,2025-06-14,201.0,9.0,3804950.0,1.0,3.0,3.0,133.0,7.0,At Risk,Win-back and reactivation,High
CUST01259,Customer 1259,Female,Bandung,2025-03-10,Jawa Barat,2025-11-08,54.0,22.0,6377500.0,3.0,5.0,4.0,354.0,12.0,Loyal Customers,"Cross-sell, upsell, loyalty rewards",High
CUST01260,Customer 1260,Male,Surabaya,2025-07-24,Jawa Timur,2025-09-15,108.0,18.0,6165950.0,2.0,4.0,4.0,244.0,10.0,At Risk,Win-back and reactivation,High
CUST01261,Customer 1261,Male,Depok,2023-09-08,Jawa Barat,2025-09-07,116.0,5.0,4267150.0,2.0,2.0,3.0,223.0,7.0,Needs Attention,Personalized engagement,Medium
CUST01262,Customer 1262,Male,Bekasi,2023-10-18,Jawa Barat,2025-11-15,47.0,13.0,9292850.0,3.0,4.0,4.0,344.0,11.0,Loyal Customers,"Cross-sell, upsell, loyalty rewards",High
CUST01263,Customer 1263,Male,Yogyakarta,2023-11-22,DI Yogyakarta,2025-12-15,17.0,5.0,901650.0,4.0,2.0,1.0,421.0,7.0,Potential Loyalists,Encourage repeat purchase,Medium
CUST01264,Customer 1264,Male,Surabaya,2025-04-16,Jawa Timur,2025-12-18,14.0,27.0,12899900.0,4.0,5.0,5.0,455.0,14.0,Champions,"Retain, VIP rewards, referral",High
CUST01265,Customer 1265,Female,Bekasi,2024-05-22,Jawa Barat,2025-05-02,244.0,2.0,140400.0,1.0,1.0,1.0,111.0,3.0,Hibernating,Low-cost re-engagement,Low
CUST01266,Customer 1266,Male,Tangerang,2024-12-31,Banten,2025-12-20,12.0,15.0,5417100.0,5.0,4.0,3.0,543.0,12.0,Loyal Customers,"Cross-sell, upsell, loyalty rewards",High
CUST01267,Customer 1267,Male,Bekasi,2023-03-13,Jawa Barat,2025-09-08,115.0,3.0,1337200.0,2.0,1.0,2.0,212.0,5.0,Hibernating,Low-cost re-engagement,Low
CUST01268,Customer 1268,Female,Tangerang,2024-10-02,Banten,2025-12-02,30.0,46.0,18986650.0,4.0,5.0,5.0,455.0,14.0,Champions,"Retain, VIP rewards, referral",High
CUST01269,Customer 1269,Male,Jakarta,2025-07-28,DKI Jakarta,2025-11-18,44.0,9.0,4505850.0,3.0,3.0,3.0,333.0,9.0,Needs Attention,Personalized engagement,Medium
CUST01270,Customer 1270,Female,Surabaya,2024-08-30,Jawa Timur,2025-07-23,162.0,7.0,5205450.0,1.0,2.0,3.0,123.0,6.0,Needs Attention,Personalized engagement,Medium
CUST01271,Customer 1271,Female,Jakarta,2024-07-19,DKI Jakarta,2025-09-01,122.0,6.0,1591600.0,2.0,2.0,2.0,222.0,6.0,Hibernating,Low-cost re-engagement,Low
CUST01272,Customer 1272,Female,Bandung,2023-02-23,Jawa Barat,2025-10-06,87.0,4.0,1115200.0,2.0,2.0,1.0,221.0,5.0,Hibernating,Low-cost re-engagement,Low
CUST01273,Customer 1273,Male,Surabaya,2024-06-11,Jawa Timur,2024-08-19,500.0,2.0,264000.0,1.0,1.0,1.0,111.0,3.0,Hibernating,Low-cost re-engagement,Low
CUST01274,Customer 1274,Male,Tangerang,2024-09-02,Banten,2025-11-19,43.0,29.0,17753750.0,3.0,5.0,5.0,355.0,13.0,Loyal Customers,"Cross-sell, upsell, loyalty rewards",High
CUST01275,Customer 1275,Male,Makassar,2023-07-12,Sulawesi Selatan,2024-04-26,615.0,1.0,164350.0,1.0,1.0,1.0,111.0,3.0,Hibernating,Low-cost re-engagement,Low
CUST01276,Customer 1276,Female,Bekasi,2023-02-27,Jawa Barat,2025-08-18,136.0,4.0,1965850.0,2.0,2.0,2.0,222.0,6.0,Hibernating,Low-cost re-engagement,Low
CUST01277,Customer 1277,Male,Depok,2023-05-09,Jawa Barat,2025-12-18,14.0,11.0,5180800.0,4.0,3.0,3.0,433.0,10.0,Potential Loyalists,Encourage repeat purchase,Medium
CUST01278,Customer 1278,Male,Surabaya,2024-12-06,Jawa Timur,2025-07-06,179.0,9.0,3697400.0,1.0,3.0,3.0,133.0,7.0,At Risk,Win-back and reactivation,High
CUST01279,Customer 1279,Male,Tangerang,2025-05-01,Banten,2025-04-10,266.0,12.0,3498000.0,1.0,4.0,3.0,143.0,8.0,At Risk,Win-back and reactivation,High
CUST01280,Customer 1280,Female,Jakarta,2023-01-08,DKI Jakarta,2025-08-12,142.0,14.0,6942250.0,2.0,4.0,4.0,244.0,10.0,At Risk,Win-back and reactivation,High
CUST01281,Customer 1281,Female,Jakarta,2023-01-29,DKI Jakarta,2025-11-24,38.0,21.0,6733900.0,3.0,5.0,4.0,354.0,12.0,Loyal Customers,"Cross-sell, upsell, loyalty rewards",High
CUST01282,Customer 1282,Male,Bandung,2025-08-04,Jawa Barat,2025-12-08,24.0,10.0,3065400.0,4.0,3.0,3.0,433.0,10.0,Potential Loyalists,Encourage repeat purchase,Medium
CUST01283,Customer 1283,Male,Surabaya,2023-05-11,Jawa Timur,2025-07-08,177.0,2.0,569500.0,1.0,1.0,1.0,111.0,3.0,Hibernating,Low-cost re-engagement,Low
CUST01284,Customer 1284,Male,Jakarta,2023-07-07,DKI Jakarta,2025-11-04,58.0,20.0,4468800.0,3.0,4.0,3.0,343.0,10.0,Loyal Customers,"Cross-sell, upsell, loyalty rewards",High
CUST01285,Customer 1285,Male,Jakarta,2024-12-09,DKI Jakarta,2025-07-11,174.0,10.0,1468450.0,1.0,3.0,2.0,132.0,6.0,At Risk,Win-back and reactivation,High
CUST01286,Customer 1286,Female,Jakarta,2023-07-31,DKI Jakarta,2025-09-07,116.0,5.0,2600000.0,2.0,2.0,2.0,222.0,6.0,Hibernating,Low-cost re-engagement,Low
CUST01287,Customer 1287,Female,Makassar,2023-10-03,Sulawesi Selatan,2025-11-27,35.0,7.0,4404150.0,3.0,2.0,3.0,323.0,8.0,Needs Attention,Personalized engagement,Medium
CUST01288,Customer 1288,Female,Bandung,2023-08-31,Jawa Barat,2025-11-01,61.0,37.0,28930750.0,3.0,5.0,5.0,355.0,13.0,Loyal Customers,"Cross-sell, upsell, loyalty rewards",High
CUST01289,Customer 1289,Female,Surabaya,2025-09-13,Jawa Timur,2025-12-25,7.0,7.0,8690000.0,5.0,2.0,4.0,524.0,11.0,Potential Loyalists,Encourage repeat purchase,Medium
CUST01290,Customer 1290,Male,Jakarta,2024-11-15,DKI Jakarta,2025-11-04,58.0,6.0,1317950.0,3.0,2.0,2.0,322.0,7.0,Needs Attention,Personalized engagement,Medium
CUST01291,Customer 1291,Male,Bekasi,2023-06-20,Jawa Barat,2025-11-26,36.0,19.0,8114650.0,3.0,4.0,4.0,344.0,11.0,Loyal Customers,"Cross-sell, upsell, loyalty rewards",High
CUST01292,Customer 1292,Male,Bandung,2024-10-14,Jawa Barat,2025-12-18,14.0,26.0,12622100.0,4.0,5.0,5.0,455.0,14.0,Champions,"Retain, VIP rewards, referral",High
CUST01293,Customer 1293,Female,Jakarta,2023-07-07,DKI Jakarta,,,0.0,0.0,,,,,,Never Purchased,First-purchase conversion,Medium
CUST01294,Customer 1294,Male,Surabaya,2023-02-21,Jawa Timur,2025-12-07,25.0,33.0,13509850.0,4.0,5.0,5.0,455.0,14.0,Champions,"Retain, VIP rewards, referral",High
CUST01295,Customer 1295,Female,Jakarta,2023-04-21,DKI Jakarta,2025-01-26,340.0,1.0,49500.0,1.0,1.0,1.0,111.0,3.0,Hibernating,Low-cost re-engagement,Low
CUST01296,Customer 1296,Female,Jakarta,2025-05-26,DKI Jakarta,2025-10-02,91.0,8.0,5880650.0,2.0,3.0,4.0,234.0,9.0,At Risk,Win-back and reactivation,High
CUST01297,Customer 1297,Male,Jakarta,2025-12-02,DKI Jakarta,2025-11-02,60.0,13.0,4829900.0,3.0,4.0,3.0,343.0,10.0,Loyal Customers,"Cross-sell, upsell, loyalty rewards",High
CUST01298,Customer 1298,Male,Jakarta,2023-07-30,DKI Jakarta,,,0.0,0.0,,,,,,Never Purchased,First-purchase conversion,Medium
CUST01299,Customer 1299,Male,Jakarta,2025-05-07,DKI Jakarta,2025-06-27,188.0,4.0,782300.0,1.0,2.0,1.0,121.0,4.0,Hibernating,Low-cost re-engagement,Low
CUST01300,Customer 1300,Female,Bandung,2024-09-18,Jawa Barat,2025-08-03,151.0,3.0,1086100.0,2.0,1.0,1.0,211.0,4.0,Hibernating,Low-cost re-engagement,Low
CUST01301,Customer 1301,Male,Semarang,2025-11-15,Jawa Tengah,2025-12-21,11.0,35.0,16688550.0,5.0,5.0,5.0,555.0,15.0,Champions,"Retain, VIP rewards, referral",High
CUST01302,Customer 1302,Female,Bekasi,2023-10-26,Jawa Barat,2025-11-07,55.0,9.0,2626850.0,3.0,3.0,2.0,332.0,8.0,Needs Attention,Personalized engagement,Medium
CUST01303,Customer 1303,Male,Surabaya,2025-07-12,Jawa Timur,2025-08-13,141.0,3.0,1273600.0,2.0,1.0,2.0,212.0,5.0,Hibernating,Low-cost re-engagement,Low
CUST01304,Customer 1304,Female,Bandung,2023-05-17,Jawa Barat,2025-12-30,2.0,45.0,20733850.0,5.0,5.0,5.0,555.0,15.0,Champions,"Retain, VIP rewards, referral",High
CUST01305,Customer 1305,Female,Medan,2025-11-09,Sumatera Utara,2025-10-24,69.0,6.0,3661400.0,3.0,2.0,3.0,323.0,8.0,Needs Attention,Personalized engagement,Medium
CUST01306,Customer 1306,Male,Bandung,2024-03-15,Jawa Barat,2025-08-24,130.0,11.0,3419000.0,2.0,3.0,3.0,233.0,8.0,At Risk,Win-back and reactivation,High
CUST01307,Customer 1307,Female,Jakarta,2023-07-30,DKI Jakarta,2025-12-11,21.0,18.0,12690450.0,4.0,4.0,5.0,445.0,13.0,Champions,"Retain, VIP rewards, referral",High
CUST01308,Customer 1308,Female,Bekasi,2025-01-21,Jawa Barat,2025-12-21,11.0,29.0,18110950.0,5.0,5.0,5.0,555.0,15.0,Champions,"Retain, VIP rewards, referral",High
CUST01309,Customer 1309,Male,Jakarta,2024-03-10,DKI Jakarta,2025-12-13,19.0,8.0,2815400.0,4.0,3.0,2.0,432.0,9.0,Potential Loyalists,Encourage repeat purchase,Medium
CUST01310,Customer 1310,Female,Bandung,2025-02-18,Jawa Barat,2025-10-08,85.0,22.0,11715250.0,2.0,5.0,5.0,255.0,12.0,At Risk,Win-back and reactivation,High
CUST01311,Customer 1311,Male,Surabaya,2024-03-14,Jawa Timur,2025-10-25,68.0,16.0,3973600.0,3.0,4.0,3.0,343.0,10.0,Loyal Customers,"Cross-sell, upsell, loyalty rewards",High
CUST01312,Customer 1312,Female,Yogyakarta,2024-10-27,DI Yogyakarta,2025-11-11,51.0,9.0,3251500.0,3.0,3.0,3.0,333.0,9.0,Needs Attention,Personalized engagement,Medium
CUST01313,Customer 1313,Male,Surabaya,2025-12-01,Jawa Timur,2025-12-30,2.0,56.0,16397850.0,5.0,5.0,5.0,555.0,15.0,Champions,"Retain, VIP rewards, referral",High
CUST01314,Customer 1314,Male,Tangerang,2024-02-15,Banten,2025-06-17,198.0,5.0,6372150.0,1.0,2.0,4.0,124.0,7.0,Needs Attention,Personalized engagement,Medium
CUST01315,Customer 1315,Female,Makassar,2025-03-16,Sulawesi Selatan,2025-01-16,350.0,2.0,1506000.0,1.0,1.0,2.0,112.0,4.0,Hibernating,Low-cost re-engagement,Low
CUST01316,Customer 1316,Female,Jakarta,2024-09-01,DKI Jakarta,2025-12-13,19.0,15.0,8186550.0,4.0,4.0,4.0,444.0,12.0,Champions,"Retain, VIP rewards, referral",High
CUST01317,Customer 1317,Female,Jakarta,2024-03-02,DKI Jakarta,2025-11-02,60.0,21.0,3879200.0,3.0,5.0,3.0,353.0,11.0,Loyal Customers,"Cross-sell, upsell, loyalty rewards",High
CUST01318,Customer 1318,Female,Bandung,2025-06-20,Jawa Barat,2025-12-17,15.0,19.0,16915500.0,4.0,4.0,5.0,445.0,13.0,Champions,"Retain, VIP rewards, referral",High
CUST01319,Customer 1319,Female,Surabaya,2025-07-30,Jawa Timur,2025-12-15,17.0,4.0,2197000.0,4.0,2.0,2.0,422.0,8.0,Potential Loyalists,Encourage repeat purchase,Medium
CUST01320,Customer 1320,Male,Bandung,2025-01-11,Jawa Barat,2025-09-19,104.0,16.0,13381300.0,2.0,4.0,5.0,245.0,11.0,At Risk,Win-back and reactivation,High
CUST01321,Customer 1321,Female,Medan,2023-11-24,Sumatera Utara,,,0.0,0.0,,,,,,Never Purchased,First-purchase conversion,Medium
CUST01322,Customer 1322,Male,Tangerang,2023-02-21,Banten,2025-11-10,52.0,5.0,1201350.0,3.0,2.0,2.0,322.0,7.0,Needs Attention,Personalized engagement,Medium
CUST01323,Customer 1323,Male,Bekasi,2024-01-11,Jawa Barat,2024-01-06,726.0,1.0,234000.0,1.0,1.0,1.0,111.0,3.0,Hibernating,Low-cost re-engagement,Low
CUST01324,Customer 1324,Female,Bandung,2023-09-20,Jawa Barat,2025-11-02,60.0,34.0,24338400.0,3.0,5.0,5.0,355.0,13.0,Loyal Customers,"Cross-sell, upsell, loyalty rewards",High
CUST01325,Customer 1325,Male,Semarang,2023-09-24,Jawa Tengah,2025-07-03,182.0,2.0,480000.0,1.0,1.0,1.0,111.0,3.0,Hibernating,Low-cost re-engagement,Low
CUST01326,Customer 1326,Male,Makassar,2023-12-25,Sulawesi Selatan,2025-10-05,88.0,2.0,710950.0,2.0,1.0,1.0,211.0,4.0,Hibernating,Low-cost re-engagement,Low
CUST01327,Customer 1327,Male,Semarang,2024-10-13,Jawa Tengah,2025-12-25,7.0,21.0,9643950.0,5.0,5.0,4.0,554.0,14.0,Champions,"Retain, VIP rewards, referral",High
CUST01328,Customer 1328,Male,Jakarta,2023-02-15,DKI Jakarta,2025-10-19,74.0,8.0,3755600.0,2.0,3.0,3.0,233.0,8.0,At Risk,Win-back and reactivation,High
CUST01329,Customer 1329,Female,Tangerang,2024-08-22,Banten,2024-08-01,518.0,2.0,2807000.0,1.0,1.0,2.0,112.0,4.0,Hibernating,Low-cost re-engagement,Low
CUST01330,Customer 1330,Male,Jakarta,2024-12-20,DKI Jakarta,2025-10-09,84.0,5.0,4030800.0,2.0,2.0,3.0,223.0,7.0,Needs Attention,Personalized engagement,Medium
CUST01331,Customer 1331,Female,Jakarta,2024-08-23,DKI Jakarta,2025-01-14,352.0,1.0,605200.0,1.0,1.0,1.0,111.0,3.0,Hibernating,Low-cost re-engagement,Low
CUST01332,Customer 1332,Female,Jakarta,2024-01-16,DKI Jakarta,2024-09-29,459.0,2.0,304900.0,1.0,1.0,1.0,111.0,3.0,Hibernating,Low-cost re-engagement,Low
CUST01333,Customer 1333,Male,Bekasi,2023-04-28,Jawa Barat,2025-04-23,253.0,11.0,2349750.0,1.0,3.0,2.0,132.0,6.0,At Risk,Win-back and reactivation,High
CUST01334,Customer 1334,Female,Tangerang,2023-04-26,Banten,,,0.0,0.0,,,,,,Never Purchased,First-purchase conversion,Medium
CUST01335,Customer 1335,Female,Jakarta,2023-09-17,DKI Jakarta,2025-09-09,114.0,10.0,1616800.0,2.0,3.0,2.0,232.0,7.0,At Risk,Win-back and reactivation,High
CUST01336,Customer 1336,Female,Bandung,2023-11-01,Jawa Barat,2025-09-19,104.0,11.0,3634600.0,2.0,3.0,3.0,233.0,8.0,At Risk,Win-back and reactivation,High
CUST01337,Customer 1337,Male,Surabaya,2023-01-07,Jawa Timur,2025-12-24,8.0,26.0,15992050.0,5.0,5.0,5.0,555.0,15.0,Champions,"Retain, VIP rewards, referral",High
CUST01338,Customer 1338,Female,Bandung,2024-01-01,Jawa Barat,2025-11-13,49.0,17.0,6111900.0,3.0,4.0,4.0,344.0,11.0,Loyal Customers,"Cross-sell, upsell, loyalty rewards",High
CUST01339,Customer 1339,Female,Jakarta,2024-06-06,DKI Jakarta,2025-10-14,79.0,5.0,742100.0,2.0,2.0,1.0,221.0,5.0,Hibernating,Low-cost re-engagement,Low
CUST01340,Customer 1340,Female,Bandung,2024-03-04,Jawa Barat,2025-12-22,10.0,5.0,1322400.0,5.0,2.0,2.0,522.0,9.0,Potential Loyalists,Encourage repeat purchase,Medium
CUST01341,Customer 1341,Male,Depok,2025-03-01,Jawa Barat,2025-11-18,44.0,12.0,10781350.0,3.0,4.0,5.0,345.0,12.0,Loyal Customers,"Cross-sell, upsell, loyalty rewards",High
CUST01342,Customer 1342,Female,Jakarta,2025-01-16,DKI Jakarta,,,0.0,0.0,,,,,,Never Purchased,First-purchase conversion,Medium
CUST01343,Customer 1343,Male,Jakarta,2024-01-02,DKI Jakarta,2025-04-19,257.0,3.0,1635200.0,1.0,1.0,2.0,112.0,4.0,Hibernating,Low-cost re-engagement,Low
CUST01344,Customer 1344,Male,Bandung,2023-11-09,Jawa Barat,2025-07-31,154.0,6.0,794000.0,2.0,2.0,1.0,221.0,5.0,Hibernating,Low-cost re-engagement,Low
CUST01345,Customer 1345,Male,Medan,2024-06-21,Sumatera Utara,,,0.0,0.0,,,,,,Never Purchased,First-purchase conversion,Medium
CUST01346,Customer 1346,Male,Tangerang,2025-07-09,Banten,2024-11-01,426.0,1.0,16800.0,1.0,1.0,1.0,111.0,3.0,Hibernating,Low-cost re-engagement,Low
CUST01347,Customer 1347,Male,Tangerang,2025-12-13,Banten,,,0.0,0.0,,,,,,Never Purchased,First-purchase conversion,Medium
CUST01348,Customer 1348,Male,Bandung,2025-05-14,Jawa Barat,2025-12-11,21.0,6.0,817850.0,4.0,2.0,1.0,421.0,7.0,Potential Loyalists,Encourage repeat purchase,Medium
CUST01349,Customer 1349,Female,Bekasi,2025-02-20,Jawa Barat,2025-12-11,21.0,6.0,1336800.0,4.0,2.0,2.0,422.0,8.0,Potential Loyalists,Encourage repeat purchase,Medium
CUST01350,Customer 1350,Male,Jakarta,2023-11-30,DKI Jakarta,2025-10-10,83.0,17.0,12511100.0,2.0,4.0,5.0,245.0,11.0,At Risk,Win-back and reactivation,High
CUST01351,Customer 1351,Female,Tangerang,2025-03-08,Banten,2025-12-13,19.0,6.0,2629900.0,4.0,2.0,2.0,422.0,8.0,Potential Loyalists,Encourage repeat purchase,Medium
CUST01352,Customer 1352,Female,Medan,2023-12-14,Sumatera Utara,2025-05-13,233.0,8.0,12498750.0,1.0,3.0,5.0,135.0,9.0,At Risk,Win-back and reactivation,High
CUST01353,Customer 1353,Male,Bekasi,2023-09-30,Jawa Barat,2025-06-04,211.0,9.0,2891550.0,1.0,3.0,2.0,132.0,6.0,At Risk,Win-back and reactivation,High
CUST01354,Customer 1354,Female,Yogyakarta,2025-08-20,DI Yogyakarta,2025-11-26,36.0,6.0,1298600.0,3.0,2.0,2.0,322.0,7.0,Needs Attention,Personalized engagement,Medium
CUST01355,Customer 1355,Female,Depok,2024-12-20,Jawa Barat,2025-12-20,12.0,14.0,11480250.0,5.0,4.0,5.0,545.0,14.0,Champions,"Retain, VIP rewards, referral",High
CUST01356,Customer 1356,Female,Jakarta,2024-05-14,DKI Jakarta,2024-12-14,383.0,5.0,605600.0,1.0,2.0,1.0,121.0,4.0,Hibernating,Low-cost re-engagement,Low
CUST01357,Customer 1357,Female,Medan,2024-11-15,Sumatera Utara,2025-12-22,10.0,9.0,7775750.0,5.0,3.0,4.0,534.0,12.0,Potential Loyalists,Encourage repeat purchase,Medium
CUST01358,Customer 1358,Male,Jakarta,2023-03-20,DKI Jakarta,2025-11-20,42.0,20.0,5010900.0,3.0,4.0,3.0,343.0,10.0,Loyal Customers,"Cross-sell, upsell, loyalty rewards",High
CUST01359,Customer 1359,Female,Surabaya,2024-09-13,Jawa Timur,2025-10-11,82.0,10.0,2814000.0,2.0,3.0,2.0,232.0,7.0,At Risk,Win-back and reactivation,High
CUST01360,Customer 1360,Male,Jakarta,2025-08-04,DKI Jakarta,2025-09-09,114.0,9.0,5077200.0,2.0,3.0,3.0,233.0,8.0,At Risk,Win-back and reactivation,High
CUST01361,Customer 1361,Female,Jakarta,2023-12-24,DKI Jakarta,2024-08-18,501.0,1.0,139400.0,1.0,1.0,1.0,111.0,3.0,Hibernating,Low-cost re-engagement,Low
CUST01362,Customer 1362,Female,Surabaya,2024-09-09,Jawa Timur,2024-09-29,459.0,1.0,98800.0,1.0,1.0,1.0,111.0,3.0,Hibernating,Low-cost re-engagement,Low
CUST01363,Customer 1363,Male,Bandung,2024-05-21,Jawa Barat,2025-09-23,100.0,8.0,1127000.0,2.0,3.0,1.0,231.0,6.0,At Risk,Win-back and reactivation,High
CUST01364,Customer 1364,Female,Surabaya,2024-07-29,Jawa Timur,2024-11-25,402.0,4.0,991900.0,1.0,2.0,1.0,121.0,4.0,Hibernating,Low-cost re-engagement,Low
CUST01365,Customer 1365,Female,Bekasi,2023-09-01,Jawa Barat,2025-12-26,6.0,45.0,22038400.0,5.0,5.0,5.0,555.0,15.0,Champions,"Retain, VIP rewards, referral",High
CUST01366,Customer 1366,Female,Jakarta,2024-05-20,DKI Jakarta,2025-11-26,36.0,11.0,2470150.0,3.0,3.0,2.0,332.0,8.0,Needs Attention,Personalized engagement,Medium
CUST01367,Customer 1367,Male,Jakarta,2024-02-26,DKI Jakarta,2025-05-15,231.0,6.0,1610350.0,1.0,2.0,2.0,122.0,5.0,Hibernating,Low-cost re-engagement,Low
CUST01368,Customer 1368,Female,Bekasi,2023-08-05,Jawa Barat,2025-09-18,105.0,4.0,2351200.0,2.0,2.0,2.0,222.0,6.0,Hibernating,Low-cost re-engagement,Low
CUST01369,Customer 1369,Male,Bandung,2025-10-05,Jawa Barat,2025-05-11,235.0,2.0,3060450.0,1.0,1.0,3.0,113.0,5.0,Needs Attention,Personalized engagement,Medium
CUST01370,Customer 1370,Female,Depok,2023-11-26,Jawa Barat,2025-10-21,72.0,7.0,3414900.0,2.0,2.0,3.0,223.0,7.0,Needs Attention,Personalized engagement,Medium
CUST01371,Customer 1371,Male,Tangerang,2024-10-11,Banten,2025-10-07,86.0,3.0,820300.0,2.0,1.0,1.0,211.0,4.0,Hibernating,Low-cost re-engagement,Low
CUST01372,Customer 1372,Male,Semarang,2024-01-26,Jawa Tengah,2025-12-17,15.0,40.0,19893500.0,4.0,5.0,5.0,455.0,14.0,Champions,"Retain, VIP rewards, referral",High
CUST01373,Customer 1373,Female,Tangerang,2024-01-16,Banten,2025-11-09,53.0,6.0,2711900.0,3.0,2.0,2.0,322.0,7.0,Needs Attention,Personalized engagement,Medium
CUST01374,Customer 1374,Female,Surabaya,2025-01-11,Jawa Timur,2025-10-12,81.0,20.0,8398400.0,2.0,4.0,4.0,244.0,10.0,At Risk,Win-back and reactivation,High
CUST01375,Customer 1375,Male,Tangerang,2025-03-30,Banten,,,0.0,0.0,,,,,,Never Purchased,First-purchase conversion,Medium
CUST01376,Customer 1376,Male,Jakarta,2024-11-03,DKI Jakarta,2025-12-31,1.0,10.0,5806150.0,5.0,3.0,4.0,534.0,12.0,Potential Loyalists,Encourage repeat purchase,Medium
CUST01377,Customer 1377,Female,Bandung,2024-05-27,Jawa Barat,2024-11-10,417.0,2.0,5444250.0,1.0,1.0,3.0,113.0,5.0,Needs Attention,Personalized engagement,Medium
CUST01378,Customer 1378,Male,Depok,2025-08-06,Jawa Barat,2025-12-31,1.0,23.0,9863950.0,5.0,5.0,4.0,554.0,14.0,Champions,"Retain, VIP rewards, referral",High
CUST01379,Customer 1379,Female,Surabaya,2025-07-18,Jawa Timur,2025-10-21,72.0,4.0,1931000.0,2.0,2.0,2.0,222.0,6.0,Hibernating,Low-cost re-engagement,Low
CUST01380,Customer 1380,Female,Semarang,2025-07-01,Jawa Tengah,2025-12-27,5.0,22.0,8654150.0,5.0,5.0,4.0,554.0,14.0,Champions,"Retain, VIP rewards, referral",High
CUST01381,Customer 1381,Female,Semarang,2024-10-05,Jawa Tengah,2025-08-12,142.0,14.0,3140350.0,2.0,4.0,3.0,243.0,9.0,At Risk,Win-back and reactivation,High
CUST01382,Customer 1382,Female,Yogyakarta,2024-03-02,DI Yogyakarta,2025-07-13,172.0,4.0,2885800.0,1.0,2.0,2.0,122.0,5.0,Hibernating,Low-cost re-engagement,Low
CUST01383,Customer 1383,Male,Medan,2024-05-16,Sumatera Utara,2025-06-04,211.0,4.0,9868800.0,1.0,2.0,4.0,124.0,7.0,Needs Attention,Personalized engagement,Medium
CUST01384,Customer 1384,Female,Surabaya,2024-12-30,Jawa Timur,2024-08-28,491.0,3.0,790500.0,1.0,1.0,1.0,111.0,3.0,Hibernating,Low-cost re-engagement,Low
CUST01385,Customer 1385,Male,Bandung,2023-03-12,Jawa Barat,2025-04-25,251.0,4.0,1186500.0,1.0,2.0,1.0,121.0,4.0,Hibernating,Low-cost re-engagement,Low
CUST01386,Customer 1386,Female,Bekasi,2024-04-22,Jawa Barat,2025-12-24,8.0,19.0,7166350.0,5.0,4.0,4.0,544.0,13.0,Champions,"Retain, VIP rewards, referral",High
CUST01387,Customer 1387,Male,Bandung,2024-04-01,Jawa Barat,2025-10-20,73.0,7.0,2685750.0,2.0,2.0,2.0,222.0,6.0,Hibernating,Low-cost re-engagement,Low
CUST01388,Customer 1388,Female,Bekasi,2023-07-08,Jawa Barat,2025-11-18,44.0,19.0,4909600.0,3.0,4.0,3.0,343.0,10.0,Loyal Customers,"Cross-sell, upsell, loyalty rewards",High
CUST01389,Customer 1389,Male,Tangerang,2023-10-18,Banten,2025-11-05,57.0,22.0,17065050.0,3.0,5.0,5.0,355.0,13.0,Loyal Customers,"Cross-sell, upsell, loyalty rewards",High
CUST01390,Customer 1390,Male,Tangerang,2025-07-08,Banten,2025-04-29,247.0,4.0,2720400.0,1.0,2.0,2.0,122.0,5.0,Hibernating,Low-cost re-engagement,Low
CUST01391,Customer 1391,Female,Bandung,2023-10-19,Jawa Barat,2024-11-11,416.0,1.0,144000.0,1.0,1.0,1.0,111.0,3.0,Hibernating,Low-cost re-engagement,Low
CUST01392,Customer 1392,Female,Jakarta,2025-01-25,DKI Jakarta,2025-09-24,99.0,8.0,1602000.0,2.0,3.0,2.0,232.0,7.0,At Risk,Win-back and reactivation,High
CUST01393,Customer 1393,Female,Surabaya,2024-01-12,Jawa Timur,2025-12-19,13.0,42.0,16428800.0,5.0,5.0,5.0,555.0,15.0,Champions,"Retain, VIP rewards, referral",High
CUST01394,Customer 1394,Female,Jakarta,2024-05-22,DKI Jakarta,2025-11-27,35.0,22.0,8986650.0,3.0,5.0,4.0,354.0,12.0,Loyal Customers,"Cross-sell, upsell, loyalty rewards",High
CUST01395,Customer 1395,Male,Yogyakarta,2024-06-11,DI Yogyakarta,2025-05-07,239.0,10.0,4800550.0,1.0,3.0,3.0,133.0,7.0,At Risk,Win-back and reactivation,High
CUST01396,Customer 1396,Female,Bandung,2024-07-12,Jawa Barat,2025-07-14,171.0,2.0,2055200.0,1.0,1.0,2.0,112.0,4.0,Hibernating,Low-cost re-engagement,Low
CUST01397,Customer 1397,Male,Jakarta,2025-11-20,DKI Jakarta,2025-10-20,73.0,6.0,2686000.0,2.0,2.0,2.0,222.0,6.0,Hibernating,Low-cost re-engagement,Low
CUST01398,Customer 1398,Male,Jakarta,2023-09-17,DKI Jakarta,,,0.0,0.0,,,,,,Never Purchased,First-purchase conversion,Medium
CUST01399,Customer 1399,Female,Tangerang,2024-02-25,Banten,2025-03-17,290.0,2.0,924000.0,1.0,1.0,1.0,111.0,3.0,Hibernating,Low-cost re-engagement,Low
CUST01400,Customer 1400,Male,Tangerang,2023-10-31,Banten,2025-12-17,15.0,8.0,7976950.0,4.0,3.0,4.0,434.0,11.0,Potential Loyalists,Encourage repeat purchase,Medium
CUST01401,Customer 1401,Male,Bandung,2025-07-30,Jawa Barat,,,0.0,0.0,,,,,,Never Purchased,First-purchase conversion,Medium
CUST01402,Customer 1402,Male,Jakarta,2025-11-28,DKI Jakarta,2025-09-10,113.0,6.0,4062500.0,2.0,2.0,3.0,223.0,7.0,Needs Attention,Personalized engagement,Medium
CUST01403,Customer 1403,Male,Bandung,2024-06-25,Jawa Barat,2024-06-22,558.0,1.0,27200.0,1.0,1.0,1.0,111.0,3.0,Hibernating,Low-cost re-engagement,Low
CUST01404,Customer 1404,Female,Bandung,2025-12-25,Jawa Barat,2024-03-31,641.0,1.0,331550.0,1.0,1.0,1.0,111.0,3.0,Hibernating,Low-cost re-engagement,Low
CUST01405,Customer 1405,Female,Tangerang,2023-04-18,Banten,2025-11-30,32.0,10.0,6136550.0,4.0,3.0,4.0,434.0,11.0,Potential Loyalists,Encourage repeat purchase,Medium
CUST01406,Customer 1406,Female,Bekasi,2023-09-25,Jawa Barat,2025-04-11,265.0,4.0,3099400.0,1.0,2.0,3.0,123.0,6.0,Needs Attention,Personalized engagement,Medium
CUST01407,Customer 1407,Female,Bandung,2023-08-10,Jawa Barat,2025-07-07,178.0,2.0,871000.0,1.0,1.0,1.0,111.0,3.0,Hibernating,Low-cost re-engagement,Low
CUST01408,Customer 1408,Male,Jakarta,2024-11-23,DKI Jakarta,2024-09-24,464.0,2.0,597000.0,1.0,1.0,1.0,111.0,3.0,Hibernating,Low-cost re-engagement,Low
CUST01409,Customer 1409,Male,Makassar,2023-09-12,Sulawesi Selatan,,,0.0,0.0,,,,,,Never Purchased,First-purchase conversion,Medium
CUST01410,Customer 1410,Female,Surabaya,2023-09-10,Jawa Timur,2025-11-17,45.0,21.0,5776650.0,3.0,5.0,4.0,354.0,12.0,Loyal Customers,"Cross-sell, upsell, loyalty rewards",High
CUST01411,Customer 1411,Female,Tangerang,2023-09-14,Banten,2025-12-18,14.0,17.0,5697100.0,4.0,4.0,4.0,444.0,12.0,Champions,"Retain, VIP rewards, referral",High
CUST01412,Customer 1412,Female,Jakarta,2024-01-18,DKI Jakarta,2025-12-01,31.0,17.0,9320200.0,4.0,4.0,4.0,444.0,12.0,Champions,"Retain, VIP rewards, referral",High
CUST01413,Customer 1413,Male,Surabaya,2024-03-17,Jawa Timur,2025-07-17,168.0,5.0,487200.0,1.0,2.0,1.0,121.0,4.0,Hibernating,Low-cost re-engagement,Low
CUST01414,Customer 1414,Female,Jakarta,2024-08-21,DKI Jakarta,2025-11-18,44.0,16.0,5935950.0,3.0,4.0,4.0,344.0,11.0,Loyal Customers,"Cross-sell, upsell, loyalty rewards",High
CUST01415,Customer 1415,Female,Surabaya,2024-01-25,Jawa Timur,2025-11-28,34.0,8.0,3562850.0,3.0,3.0,3.0,333.0,9.0,Needs Attention,Personalized engagement,Medium
CUST01416,Customer 1416,Female,Makassar,2024-08-04,Sulawesi Selatan,2025-09-21,102.0,7.0,1393750.0,2.0,2.0,2.0,222.0,6.0,Hibernating,Low-cost re-engagement,Low
CUST01417,Customer 1417,Male,Bandung,2025-12-03,Jawa Barat,2025-10-31,62.0,10.0,4718200.0,3.0,3.0,3.0,333.0,9.0,Needs Attention,Personalized engagement,Medium
CUST01418,Customer 1418,Male,Jakarta,2024-08-20,DKI Jakarta,2024-03-06,666.0,1.0,171000.0,1.0,1.0,1.0,111.0,3.0,Hibernating,Low-cost re-engagement,Low
CUST01419,Customer 1419,Male,Jakarta,2023-01-19,DKI Jakarta,2024-12-31,366.0,3.0,6776550.0,1.0,1.0,4.0,114.0,6.0,Needs Attention,Personalized engagement,Medium
CUST01420,Customer 1420,Male,Bandung,2024-08-29,Jawa Barat,2025-08-23,131.0,10.0,4674150.0,2.0,3.0,3.0,233.0,8.0,At Risk,Win-back and reactivation,High
CUST01421,Customer 1421,Male,Jakarta,2023-02-02,DKI Jakarta,2025-10-29,64.0,7.0,5205850.0,3.0,2.0,3.0,323.0,8.0,Needs Attention,Personalized engagement,Medium
CUST01422,Customer 1422,Male,Jakarta,2025-05-11,DKI Jakarta,2025-12-05,27.0,10.0,1168750.0,4.0,3.0,1.0,431.0,8.0,Potential Loyalists,Encourage repeat purchase,Medium
CUST01423,Customer 1423,Male,Depok,2023-06-04,Jawa Barat,2025-11-08,54.0,5.0,665200.0,3.0,2.0,1.0,321.0,6.0,Needs Attention,Personalized engagement,Medium
CUST01424,Customer 1424,Male,Surabaya,2025-06-23,Jawa Timur,2025-08-03,151.0,2.0,276800.0,2.0,1.0,1.0,211.0,4.0,Hibernating,Low-cost re-engagement,Low
CUST01425,Customer 1425,Female,Bandung,2024-02-09,Jawa Barat,2025-12-05,27.0,8.0,4074450.0,4.0,3.0,3.0,433.0,10.0,Potential Loyalists,Encourage repeat purchase,Medium
CUST01426,Customer 1426,Female,Medan,2025-04-23,Sumatera Utara,2025-12-15,17.0,7.0,2529200.0,4.0,2.0,2.0,422.0,8.0,Potential Loyalists,Encourage repeat purchase,Medium
CUST01427,Customer 1427,Male,Jakarta,2025-01-16,DKI Jakarta,2025-12-03,29.0,8.0,3811050.0,4.0,3.0,3.0,433.0,10.0,Potential Loyalists,Encourage repeat purchase,Medium
CUST01428,Customer 1428,Male,Makassar,2023-09-28,Sulawesi Selatan,2025-09-20,103.0,6.0,1793900.0,2.0,2.0,2.0,222.0,6.0,Hibernating,Low-cost re-engagement,Low
CUST01429,Customer 1429,Female,Bandung,2025-02-08,Jawa Barat,2025-12-28,4.0,37.0,12730900.0,5.0,5.0,5.0,555.0,15.0,Champions,"Retain, VIP rewards, referral",High
CUST01430,Customer 1430,Male,Yogyakarta,2023-06-21,DI Yogyakarta,2025-09-17,106.0,5.0,5689500.0,2.0,2.0,3.0,223.0,7.0,Needs Attention,Personalized engagement,Medium
CUST01431,Customer 1431,Male,Bekasi,2023-10-01,Jawa Barat,2025-10-12,81.0,9.0,1455150.0,2.0,3.0,2.0,232.0,7.0,At Risk,Win-back and reactivation,High
CUST01432,Customer 1432,Male,Semarang,2023-09-16,Jawa Tengah,2025-10-15,78.0,24.0,10215050.0,2.0,5.0,4.0,254.0,11.0,At Risk,Win-back and reactivation,High
CUST01433,Customer 1433,Female,Makassar,2024-02-26,Sulawesi Selatan,2025-12-21,11.0,29.0,18236900.0,5.0,5.0,5.0,555.0,15.0,Champions,"Retain, VIP rewards, referral",High
CUST01434,Customer 1434,Female,Bandung,2023-12-30,Jawa Barat,2025-12-20,12.0,12.0,6362250.0,5.0,4.0,4.0,544.0,13.0,Champions,"Retain, VIP rewards, referral",High
CUST01435,Customer 1435,Female,Makassar,2024-01-13,Sulawesi Selatan,2025-12-09,23.0,26.0,11564300.0,4.0,5.0,5.0,455.0,14.0,Champions,"Retain, VIP rewards, referral",High
CUST01436,Customer 1436,Female,Bandung,2024-08-02,Jawa Barat,2024-12-12,385.0,3.0,504900.0,1.0,1.0,1.0,111.0,3.0,Hibernating,Low-cost re-engagement,Low
CUST01437,Customer 1437,Female,Bandung,2025-06-09,Jawa Barat,2025-10-05,88.0,19.0,8211900.0,2.0,4.0,4.0,244.0,10.0,At Risk,Win-back and reactivation,High
CUST01438,Customer 1438,Male,Bandung,2024-12-22,Jawa Barat,2025-11-27,35.0,19.0,8004950.0,3.0,4.0,4.0,344.0,11.0,Loyal Customers,"Cross-sell, upsell, loyalty rewards",High
CUST01439,Customer 1439,Female,Bekasi,2025-05-30,Jawa Barat,2025-12-04,28.0,6.0,1033850.0,4.0,2.0,1.0,421.0,7.0,Potential Loyalists,Encourage repeat purchase,Medium
CUST01440,Customer 1440,Male,Jakarta,2024-08-27,DKI Jakarta,2025-12-16,16.0,10.0,11459650.0,4.0,3.0,5.0,435.0,12.0,Potential Loyalists,Encourage repeat purchase,Medium
CUST01441,Customer 1441,Male,Bekasi,2023-01-22,Jawa Barat,,,0.0,0.0,,,,,,Never Purchased,First-purchase conversion,Medium
CUST01442,Customer 1442,Female,Bekasi,2024-01-18,Jawa Barat,2025-12-10,22.0,11.0,5658900.0,4.0,3.0,3.0,433.0,10.0,Potential Loyalists,Encourage repeat purchase,Medium
CUST01443,Customer 1443,Female,Depok,2023-05-14,Jawa Barat,2025-12-09,23.0,21.0,11101400.0,4.0,5.0,5.0,455.0,14.0,Champions,"Retain, VIP rewards, referral",High
CUST01444,Customer 1444,Male,Semarang,2025-11-14,Jawa Tengah,2025-11-01,61.0,1.0,102600.0,3.0,1.0,1.0,311.0,5.0,Needs Attention,Personalized engagement,Medium
CUST01445,Customer 1445,Male,Surabaya,2024-05-17,Jawa Timur,2025-12-29,3.0,2.0,256500.0,5.0,1.0,1.0,511.0,7.0,New Customers,Welcome and second-purchase campaign,Medium
CUST01446,Customer 1446,Male,Bandung,2023-05-24,Jawa Barat,2025-08-19,135.0,2.0,1085700.0,2.0,1.0,1.0,211.0,4.0,Hibernating,Low-cost re-engagement,Low
CUST01447,Customer 1447,Female,Jakarta,2023-08-12,DKI Jakarta,2025-07-05,180.0,5.0,2196200.0,1.0,2.0,2.0,122.0,5.0,Hibernating,Low-cost re-engagement,Low
CUST01448,Customer 1448,Female,Jakarta,2023-08-08,DKI Jakarta,2025-10-12,81.0,21.0,6962250.0,2.0,5.0,4.0,254.0,11.0,At Risk,Win-back and reactivation,High
CUST01449,Customer 1449,Female,Jakarta,2023-06-28,DKI Jakarta,2025-12-21,11.0,23.0,13319800.0,5.0,5.0,5.0,555.0,15.0,Champions,"Retain, VIP rewards, referral",High
CUST01450,Customer 1450,Female,Bandung,2024-03-08,Jawa Barat,2025-12-24,8.0,25.0,20276000.0,5.0,5.0,5.0,555.0,15.0,Champions,"Retain, VIP rewards, referral",High
CUST01451,Customer 1451,Female,Jakarta,2023-09-22,DKI Jakarta,2025-12-08,24.0,8.0,2927700.0,4.0,3.0,2.0,432.0,9.0,Potential Loyalists,Encourage repeat purchase,Medium
CUST01452,Customer 1452,Male,Makassar,2025-08-11,Sulawesi Selatan,2025-11-14,48.0,23.0,12691050.0,3.0,5.0,5.0,355.0,13.0,Loyal Customers,"Cross-sell, upsell, loyalty rewards",High
CUST01453,Customer 1453,Female,Bekasi,2024-03-04,Jawa Barat,2025-10-05,88.0,18.0,8393550.0,2.0,4.0,4.0,244.0,10.0,At Risk,Win-back and reactivation,High
CUST01454,Customer 1454,Male,Bandung,2024-02-20,Jawa Barat,2025-07-24,161.0,6.0,2305000.0,1.0,2.0,2.0,122.0,5.0,Hibernating,Low-cost re-engagement,Low
CUST01455,Customer 1455,Male,Bekasi,2024-12-27,Jawa Barat,2025-09-25,98.0,6.0,923450.0,2.0,2.0,1.0,221.0,5.0,Hibernating,Low-cost re-engagement,Low
CUST01456,Customer 1456,Male,Jakarta,2023-07-16,DKI Jakarta,2025-12-16,16.0,11.0,3400600.0,4.0,3.0,3.0,433.0,10.0,Potential Loyalists,Encourage repeat purchase,Medium
CUST01457,Customer 1457,Female,Surabaya,2025-12-12,Jawa Timur,2025-07-13,172.0,10.0,3674200.0,1.0,3.0,3.0,133.0,7.0,At Risk,Win-back and reactivation,High
CUST01458,Customer 1458,Female,Bekasi,2024-04-24,Jawa Barat,2025-05-02,244.0,2.0,301300.0,1.0,1.0,1.0,111.0,3.0,Hibernating,Low-cost re-engagement,Low
CUST01459,Customer 1459,Female,Surabaya,2025-06-08,Jawa Timur,2025-01-17,349.0,2.0,202700.0,1.0,1.0,1.0,111.0,3.0,Hibernating,Low-cost re-engagement,Low
CUST01460,Customer 1460,Male,Bandung,2025-07-13,Jawa Barat,2025-12-04,28.0,6.0,9010050.0,4.0,2.0,4.0,424.0,10.0,Potential Loyalists,Encourage repeat purchase,Medium
CUST01461,Customer 1461,Male,Makassar,2023-05-03,Sulawesi Selatan,2025-11-19,43.0,43.0,19229900.0,3.0,5.0,5.0,355.0,13.0,Loyal Customers,"Cross-sell, upsell, loyalty rewards",High
CUST01462,Customer 1462,Male,Yogyakarta,2025-02-16,DI Yogyakarta,2025-10-04,89.0,6.0,628050.0,2.0,2.0,1.0,221.0,5.0,Hibernating,Low-cost re-engagement,Low
CUST01463,Customer 1463,Male,Bekasi,2023-12-14,Jawa Barat,2025-03-20,287.0,5.0,2075050.0,1.0,2.0,2.0,122.0,5.0,Hibernating,Low-cost re-engagement,Low
CUST01464,Customer 1464,Male,Bekasi,2023-01-29,Jawa Barat,2025-11-01,61.0,5.0,5090700.0,3.0,2.0,3.0,323.0,8.0,Needs Attention,Personalized engagement,Medium
CUST01465,Customer 1465,Male,Bekasi,2025-09-01,Jawa Barat,2025-12-23,9.0,8.0,5691000.0,5.0,3.0,3.0,533.0,11.0,Potential Loyalists,Encourage repeat purchase,Medium
CUST01466,Customer 1466,Female,Jakarta,2023-02-04,DKI Jakarta,2025-11-30,32.0,27.0,10908350.0,4.0,5.0,5.0,455.0,14.0,Champions,"Retain, VIP rewards, referral",High
CUST01467,Customer 1467,Female,Bandung,2024-09-14,Jawa Barat,2025-12-24,8.0,32.0,16662700.0,5.0,5.0,5.0,555.0,15.0,Champions,"Retain, VIP rewards, referral",High
CUST01468,Customer 1468,Female,Jakarta,2024-08-11,DKI Jakarta,2025-11-17,45.0,27.0,19562750.0,3.0,5.0,5.0,355.0,13.0,Loyal Customers,"Cross-sell, upsell, loyalty rewards",High
CUST01469,Customer 1469,Female,Surabaya,2025-12-26,Jawa Timur,2025-11-30,32.0,4.0,4222900.0,4.0,2.0,3.0,423.0,9.0,Potential Loyalists,Encourage repeat purchase,Medium
CUST01470,Customer 1470,Male,Bekasi,2025-06-22,Jawa Barat,2025-12-15,17.0,23.0,9149250.0,4.0,5.0,4.0,454.0,13.0,Champions,"Retain, VIP rewards, referral",High
CUST01471,Customer 1471,Male,Jakarta,2024-06-03,DKI Jakarta,2025-09-22,101.0,4.0,1804250.0,2.0,2.0,2.0,222.0,6.0,Hibernating,Low-cost re-engagement,Low
CUST01472,Customer 1472,Female,Makassar,2023-05-02,Sulawesi Selatan,2025-12-22,10.0,25.0,12376100.0,5.0,5.0,5.0,555.0,15.0,Champions,"Retain, VIP rewards, referral",High
CUST01473,Customer 1473,Male,Medan,2023-12-06,Sumatera Utara,2025-11-20,42.0,7.0,4300750.0,3.0,2.0,3.0,323.0,8.0,Needs Attention,Personalized engagement,Medium
CUST01474,Customer 1474,Female,Depok,2023-06-24,Jawa Barat,2025-12-12,20.0,14.0,4973050.0,4.0,4.0,3.0,443.0,11.0,Loyal Customers,"Cross-sell, upsell, loyalty rewards",High
CUST01475,Customer 1475,Female,Bandung,2024-08-19,Jawa Barat,2025-09-13,110.0,13.0,5768500.0,2.0,4.0,4.0,244.0,10.0,At Risk,Win-back and reactivation,High
CUST01476,Customer 1476,Female,Yogyakarta,2024-03-26,DI Yogyakarta,2025-12-22,10.0,12.0,7730000.0,5.0,4.0,4.0,544.0,13.0,Champions,"Retain, VIP rewards, referral",High
CUST01477,Customer 1477,Male,Jakarta,2024-07-10,DKI Jakarta,2025-12-24,8.0,17.0,5298050.0,5.0,4.0,3.0,543.0,12.0,Loyal Customers,"Cross-sell, upsell, loyalty rewards",High
CUST01478,Customer 1478,Female,Semarang,2025-11-05,Jawa Tengah,2025-11-02,60.0,12.0,6278100.0,3.0,4.0,4.0,344.0,11.0,Loyal Customers,"Cross-sell, upsell, loyalty rewards",High
CUST01479,Customer 1479,Female,Jakarta,2023-01-09,DKI Jakarta,2025-11-12,50.0,8.0,2079800.0,3.0,3.0,2.0,332.0,8.0,Needs Attention,Personalized engagement,Medium
CUST01480,Customer 1480,Female,Semarang,2023-11-30,Jawa Tengah,2025-12-01,31.0,23.0,5602200.0,4.0,5.0,3.0,453.0,12.0,Loyal Customers,"Cross-sell, upsell, loyalty rewards",High
CUST01481,Customer 1481,Male,Jakarta,2025-10-13,DKI Jakarta,2025-06-15,200.0,7.0,1280850.0,1.0,2.0,2.0,122.0,5.0,Hibernating,Low-cost re-engagement,Low
CUST01482,Customer 1482,Male,Yogyakarta,2023-11-23,DI Yogyakarta,2025-12-25,7.0,1.0,39000.0,5.0,1.0,1.0,511.0,7.0,New Customers,Welcome and second-purchase campaign,Medium
CUST01483,Customer 1483,Female,Medan,2023-01-15,Sumatera Utara,2025-12-31,1.0,32.0,7350650.0,5.0,5.0,4.0,554.0,14.0,Champions,"Retain, VIP rewards, referral",High
CUST01484,Customer 1484,Male,Jakarta,2025-04-18,DKI Jakarta,2025-09-16,107.0,5.0,928600.0,2.0,2.0,1.0,221.0,5.0,Hibernating,Low-cost re-engagement,Low
CUST01485,Customer 1485,Male,Surabaya,2023-08-14,Jawa Timur,2025-10-23,70.0,20.0,7606300.0,3.0,4.0,4.0,344.0,11.0,Loyal Customers,"Cross-sell, upsell, loyalty rewards",High
CUST01486,Customer 1486,Male,Makassar,2023-04-23,Sulawesi Selatan,2025-12-14,18.0,7.0,1758100.0,4.0,2.0,2.0,422.0,8.0,Potential Loyalists,Encourage repeat purchase,Medium
CUST01487,Customer 1487,Male,Surabaya,2023-01-01,Jawa Timur,,,0.0,0.0,,,,,,Never Purchased,First-purchase conversion,Medium
CUST01488,Customer 1488,Male,Yogyakarta,2023-09-23,DI Yogyakarta,2025-08-15,139.0,5.0,1678100.0,2.0,2.0,2.0,222.0,6.0,Hibernating,Low-cost re-engagement,Low
CUST01489,Customer 1489,Male,Bekasi,2025-08-09,Jawa Barat,2025-12-26,6.0,12.0,5651950.0,5.0,4.0,3.0,543.0,12.0,Loyal Customers,"Cross-sell, upsell, loyalty rewards",High
CUST01490,Customer 1490,Male,Bandung,2023-11-02,Jawa Barat,2025-11-10,52.0,23.0,13229100.0,3.0,5.0,5.0,355.0,13.0,Loyal Customers,"Cross-sell, upsell, loyalty rewards",High
CUST01491,Customer 1491,Male,Bandung,2023-01-12,Jawa Barat,2025-06-12,203.0,5.0,1329100.0,1.0,2.0,2.0,122.0,5.0,Hibernating,Low-cost re-engagement,Low
CUST01492,Customer 1492,Male,Jakarta,2025-07-25,DKI Jakarta,2025-09-23,100.0,4.0,1888750.0,2.0,2.0,2.0,222.0,6.0,Hibernating,Low-cost re-engagement,Low
CUST01493,Customer 1493,Male,Depok,2024-02-24,Jawa Barat,2025-09-06,117.0,9.0,2618450.0,2.0,3.0,2.0,232.0,7.0,At Risk,Win-back and reactivation,High
CUST01494,Customer 1494,Female,Bandung,2025-06-07,Jawa Barat,2025-12-01,31.0,18.0,9409200.0,4.0,4.0,4.0,444.0,12.0,Champions,"Retain, VIP rewards, referral",High
CUST01495,Customer 1495,Female,Surabaya,2023-06-20,Jawa Timur,2025-12-08,24.0,13.0,3989600.0,4.0,4.0,3.0,443.0,11.0,Loyal Customers,"Cross-sell, upsell, loyalty rewards",High
CUST01496,Customer 1496,Male,Surabaya,2023-05-14,Jawa Timur,2025-08-05,149.0,1.0,284000.0,2.0,1.0,1.0,211.0,4.0,Hibernating,Low-cost re-engagement,Low
CUST01497,Customer 1497,Female,Bekasi,2025-08-22,Jawa Barat,2025-12-22,10.0,10.0,3139250.0,5.0,3.0,3.0,533.0,11.0,Potential Loyalists,Encourage repeat purchase,Medium
CUST01498,Customer 1498,Female,Yogyakarta,2025-11-14,DI Yogyakarta,2025-12-29,3.0,23.0,8435400.0,5.0,5.0,4.0,554.0,14.0,Champions,"Retain, VIP rewards, referral",High
CUST01499,Customer 1499,Male,Makassar,2024-10-19,Sulawesi Selatan,2025-12-23,9.0,26.0,8057850.0,5.0,5.0,4.0,554.0,14.0,Champions,"Retain, VIP rewards, referral",High
CUST01500,Customer 1500,Male,Bandung,2023-06-28,Jawa Barat,2025-12-08,24.0,33.0,14450250.0,4.0,5.0,5.0,455.0,14.0,Champions,"Retain, VIP rewards, referral",High
CUST01501,Customer 1501,Male,Semarang,2025-12-15,Jawa Tengah,2025-05-13,233.0,1.0,263500.0,1.0,1.0,1.0,111.0,3.0,Hibernating,Low-cost re-engagement,Low
CUST01502,Customer 1502,Female,Depok,2023-04-21,Jawa Barat,2025-07-13,172.0,3.0,6221800.0,1.0,1.0,4.0,114.0,6.0,Needs Attention,Personalized engagement,Medium
CUST01503,Customer 1503,Female,Bekasi,2023-05-17,Jawa Barat,2024-04-28,613.0,1.0,182700.0,1.0,1.0,1.0,111.0,3.0,Hibernating,Low-cost re-engagement,Low
CUST01504,Customer 1504,Male,Makassar,2023-08-20,Sulawesi Selatan,2025-11-27,35.0,29.0,10836550.0,3.0,5.0,5.0,355.0,13.0,Loyal Customers,"Cross-sell, upsell, loyalty rewards",High
CUST01505,Customer 1505,Male,Jakarta,2025-09-18,DKI Jakarta,2025-12-19,13.0,15.0,5083450.0,5.0,4.0,3.0,543.0,12.0,Loyal Customers,"Cross-sell, upsell, loyalty rewards",High
CUST01506,Customer 1506,Male,Jakarta,2024-04-12,DKI Jakarta,2025-12-17,15.0,15.0,3321100.0,4.0,4.0,3.0,443.0,11.0,Loyal Customers,"Cross-sell, upsell, loyalty rewards",High
CUST01507,Customer 1507,Female,Yogyakarta,2025-01-01,DI Yogyakarta,2025-07-03,182.0,2.0,271650.0,1.0,1.0,1.0,111.0,3.0,Hibernating,Low-cost re-engagement,Low
CUST01508,Customer 1508,Female,Surabaya,2024-04-25,Jawa Timur,2025-07-25,160.0,11.0,6757000.0,1.0,3.0,4.0,134.0,8.0,At Risk,Win-back and reactivation,High
CUST01509,Customer 1509,Female,Semarang,2025-12-27,Jawa Tengah,2025-10-09,84.0,10.0,5851000.0,2.0,3.0,4.0,234.0,9.0,At Risk,Win-back and reactivation,High
CUST01510,Customer 1510,Female,Yogyakarta,2025-03-24,DI Yogyakarta,2025-12-13,19.0,30.0,16855800.0,4.0,5.0,5.0,455.0,14.0,Champions,"Retain, VIP rewards, referral",High
CUST01511,Customer 1511,Male,Jakarta,2025-09-20,DKI Jakarta,,,0.0,0.0,,,,,,Never Purchased,First-purchase conversion,Medium
CUST01512,Customer 1512,Male,Yogyakarta,2023-11-19,DI Yogyakarta,2025-11-29,33.0,18.0,6390650.0,4.0,4.0,4.0,444.0,12.0,Champions,"Retain, VIP rewards, referral",High
CUST01513,Customer 1513,Male,Surabaya,2025-07-10,Jawa Timur,2025-12-18,14.0,19.0,13852550.0,4.0,4.0,5.0,445.0,13.0,Champions,"Retain, VIP rewards, referral",High
CUST01514,Customer 1514,Male,Surabaya,2025-06-22,Jawa Timur,,,0.0,0.0,,,,,,Never Purchased,First-purchase conversion,Medium
CUST01515,Customer 1515,Female,Bekasi,2024-08-28,Jawa Barat,2025-12-12,20.0,21.0,5348550.0,4.0,5.0,3.0,453.0,12.0,Loyal Customers,"Cross-sell, upsell, loyalty rewards",High
CUST01516,Customer 1516,Female,Medan,2024-03-04,Sumatera Utara,2025-11-19,43.0,16.0,4413300.0,3.0,4.0,3.0,343.0,10.0,Loyal Customers,"Cross-sell, upsell, loyalty rewards",High
CUST01517,Customer 1517,Male,Jakarta,2023-05-28,DKI Jakarta,2025-12-10,22.0,11.0,1888300.0,4.0,3.0,2.0,432.0,9.0,Potential Loyalists,Encourage repeat purchase,Medium
CUST01518,Customer 1518,Male,Surabaya,2025-04-29,Jawa Timur,2025-07-06,179.0,3.0,770300.0,1.0,1.0,1.0,111.0,3.0,Hibernating,Low-cost re-engagement,Low
CUST01519,Customer 1519,Female,Tangerang,2024-01-02,Banten,2025-12-17,15.0,4.0,3908100.0,4.0,2.0,3.0,423.0,9.0,Potential Loyalists,Encourage repeat purchase,Medium
CUST01520,Customer 1520,Male,Depok,2025-04-29,Jawa Barat,2025-11-01,61.0,16.0,2313200.0,3.0,4.0,2.0,342.0,9.0,Loyal Customers,"Cross-sell, upsell, loyalty rewards",High
CUST01521,Customer 1521,Female,Tangerang,2025-12-25,Banten,2024-05-26,585.0,1.0,335200.0,1.0,1.0,1.0,111.0,3.0,Hibernating,Low-cost re-engagement,Low
CUST01522,Customer 1522,Male,Jakarta,2025-03-23,DKI Jakarta,2025-11-20,42.0,39.0,11446800.0,3.0,5.0,5.0,355.0,13.0,Loyal Customers,"Cross-sell, upsell, loyalty rewards",High
CUST01523,Customer 1523,Male,Bandung,2023-06-24,Jawa Barat,2025-07-08,177.0,1.0,49500.0,1.0,1.0,1.0,111.0,3.0,Hibernating,Low-cost re-engagement,Low
CUST01524,Customer 1524,Male,Bandung,2024-08-10,Jawa Barat,2025-12-03,29.0,28.0,11658700.0,4.0,5.0,5.0,455.0,14.0,Champions,"Retain, VIP rewards, referral",High
CUST01525,Customer 1525,Male,Semarang,2024-05-09,Jawa Tengah,2025-12-19,13.0,18.0,3336400.0,5.0,4.0,3.0,543.0,12.0,Loyal Customers,"Cross-sell, upsell, loyalty rewards",High
CUST01526,Customer 1526,Male,Jakarta,2025-08-30,DKI Jakarta,2025-11-03,59.0,17.0,6874400.0,3.0,4.0,4.0,344.0,11.0,Loyal Customers,"Cross-sell, upsell, loyalty rewards",High
CUST01527,Customer 1527,Male,Jakarta,2023-02-04,DKI Jakarta,2025-10-31,62.0,25.0,19558850.0,3.0,5.0,5.0,355.0,13.0,Loyal Customers,"Cross-sell, upsell, loyalty rewards",High
CUST01528,Customer 1528,Male,Makassar,2025-09-25,Sulawesi Selatan,2025-07-07,178.0,2.0,438000.0,1.0,1.0,1.0,111.0,3.0,Hibernating,Low-cost re-engagement,Low
CUST01529,Customer 1529,Female,Jakarta,2024-06-21,DKI Jakarta,2025-12-22,10.0,23.0,11433150.0,5.0,5.0,5.0,555.0,15.0,Champions,"Retain, VIP rewards, referral",High
CUST01530,Customer 1530,Female,Makassar,2025-01-19,Sulawesi Selatan,2025-11-06,56.0,19.0,13404650.0,3.0,4.0,5.0,345.0,12.0,Loyal Customers,"Cross-sell, upsell, loyalty rewards",High
CUST01531,Customer 1531,Female,Tangerang,2025-11-03,Banten,2025-12-11,21.0,18.0,6381800.0,4.0,4.0,4.0,444.0,12.0,Champions,"Retain, VIP rewards, referral",High
CUST01532,Customer 1532,Female,Semarang,2024-01-09,Jawa Tengah,2025-12-28,4.0,15.0,5037050.0,5.0,4.0,3.0,543.0,12.0,Loyal Customers,"Cross-sell, upsell, loyalty rewards",High
CUST01533,Customer 1533,Female,Bandung,2024-07-10,Jawa Barat,2025-11-29,33.0,2.0,1264000.0,4.0,1.0,2.0,412.0,7.0,Needs Attention,Personalized engagement,Medium
CUST01534,Customer 1534,Male,Jakarta,2023-08-21,DKI Jakarta,2025-11-13,49.0,8.0,2860250.0,3.0,3.0,2.0,332.0,8.0,Needs Attention,Personalized engagement,Medium
CUST01535,Customer 1535,Male,Depok,2024-12-05,Jawa Barat,2025-12-22,10.0,23.0,13032150.0,5.0,5.0,5.0,555.0,15.0,Champions,"Retain, VIP rewards, referral",High
CUST01536,Customer 1536,Female,Semarang,2024-07-16,Jawa Tengah,2025-12-02,30.0,4.0,2479600.0,4.0,2.0,2.0,422.0,8.0,Potential Loyalists,Encourage repeat purchase,Medium
CUST01537,Customer 1537,Male,Depok,2025-07-27,Jawa Barat,2024-05-07,604.0,1.0,177300.0,1.0,1.0,1.0,111.0,3.0,Hibernating,Low-cost re-engagement,Low
CUST01538,Customer 1538,Female,Jakarta,2025-06-05,DKI Jakarta,2025-12-29,3.0,40.0,21029450.0,5.0,5.0,5.0,555.0,15.0,Champions,"Retain, VIP rewards, referral",High
CUST01539,Customer 1539,Female,Depok,2024-12-26,Jawa Barat,2025-12-10,22.0,9.0,2313650.0,4.0,3.0,2.0,432.0,9.0,Potential Loyalists,Encourage repeat purchase,Medium
CUST01540,Customer 1540,Male,Depok,2023-03-17,Jawa Barat,2025-11-30,32.0,19.0,10994500.0,4.0,4.0,5.0,445.0,13.0,Champions,"Retain, VIP rewards, referral",High
CUST01541,Customer 1541,Male,Tangerang,2024-03-14,Banten,2025-12-26,6.0,54.0,24074900.0,5.0,5.0,5.0,555.0,15.0,Champions,"Retain, VIP rewards, referral",High
CUST01542,Customer 1542,Male,Depok,2024-11-29,Jawa Barat,2025-07-02,183.0,7.0,2156100.0,1.0,2.0,2.0,122.0,5.0,Hibernating,Low-cost re-engagement,Low
CUST01543,Customer 1543,Female,Semarang,2025-07-03,Jawa Tengah,2025-11-20,42.0,6.0,2027000.0,3.0,2.0,2.0,322.0,7.0,Needs Attention,Personalized engagement,Medium
CUST01544,Customer 1544,Male,Bekasi,2025-06-09,Jawa Barat,2025-09-24,99.0,3.0,688600.0,2.0,1.0,1.0,211.0,4.0,Hibernating,Low-cost re-engagement,Low
CUST01545,Customer 1545,Female,Jakarta,2024-11-22,DKI Jakarta,2025-08-04,150.0,5.0,2157850.0,2.0,2.0,2.0,222.0,6.0,Hibernating,Low-cost re-engagement,Low
CUST01546,Customer 1546,Female,Surabaya,2023-09-10,Jawa Timur,2025-07-28,157.0,2.0,393400.0,2.0,1.0,1.0,211.0,4.0,Hibernating,Low-cost re-engagement,Low
CUST01547,Customer 1547,Female,Jakarta,2025-11-26,DKI Jakarta,2025-12-01,31.0,21.0,8837400.0,4.0,5.0,4.0,454.0,13.0,Champions,"Retain, VIP rewards, referral",High
CUST01548,Customer 1548,Male,Bandung,2024-02-14,Jawa Barat,2025-11-28,34.0,14.0,8529200.0,3.0,4.0,4.0,344.0,11.0,Loyal Customers,"Cross-sell, upsell, loyalty rewards",High
CUST01549,Customer 1549,Unknown,Bandung,2023-05-07,Jawa Barat,2024-07-02,548.0,1.0,765100.0,1.0,1.0,1.0,111.0,3.0,Hibernating,Low-cost re-engagement,Low
CUST01550,Customer 1550,Female,Jakarta,2024-08-14,DKI Jakarta,2025-09-05,118.0,3.0,1209200.0,2.0,1.0,2.0,212.0,5.0,Hibernating,Low-cost re-engagement,Low
CUST01551,Customer 1551,Male,Bandung,2023-10-21,Jawa Barat,2025-12-18,14.0,28.0,11543400.0,4.0,5.0,5.0,455.0,14.0,Champions,"Retain, VIP rewards, referral",High
CUST01552,Customer 1552,Male,Jakarta,2025-10-16,DKI Jakarta,2025-12-26,6.0,23.0,17737300.0,5.0,5.0,5.0,555.0,15.0,Champions,"Retain, VIP rewards, referral",High
CUST01553,Customer 1553,Male,Semarang,2023-11-06,Jawa Tengah,2024-05-25,586.0,1.0,76000.0,1.0,1.0,1.0,111.0,3.0,Hibernating,Low-cost re-engagement,Low
CUST01554,Customer 1554,Female,Medan,2024-10-23,Sumatera Utara,2025-12-30,2.0,14.0,13563900.0,5.0,4.0,5.0,545.0,14.0,Champions,"Retain, VIP rewards, referral",High
CUST01555,Customer 1555,Female,Jakarta,2024-06-11,DKI Jakarta,2024-06-30,550.0,1.0,63900.0,1.0,1.0,1.0,111.0,3.0,Hibernating,Low-cost re-engagement,Low
CUST01556,Customer 1556,Male,Makassar,2024-06-23,Sulawesi Selatan,2025-10-31,62.0,2.0,282500.0,3.0,1.0,1.0,311.0,5.0,Needs Attention,Personalized engagement,Medium
CUST01557,Customer 1557,Female,Surabaya,2024-02-23,Jawa Timur,2025-10-14,79.0,7.0,1968650.0,2.0,3.0,2.0,232.0,7.0,At Risk,Win-back and reactivation,High
CUST01558,Customer 1558,Male,Bandung,2024-03-19,Jawa Barat,2025-10-04,89.0,5.0,682600.0,2.0,2.0,1.0,221.0,5.0,Hibernating,Low-cost re-engagement,Low
CUST01559,Customer 1559,Male,Jakarta,2024-11-15,DKI Jakarta,2025-03-11,296.0,8.0,1762950.0,1.0,3.0,2.0,132.0,6.0,At Risk,Win-back and reactivation,High
CUST01560,Customer 1560,Male,Surabaya,2025-04-19,Jawa Timur,2025-09-25,98.0,4.0,421300.0,2.0,2.0,1.0,221.0,5.0,Hibernating,Low-cost re-engagement,Low
CUST01561,Customer 1561,Male,Semarang,2023-08-24,Jawa Tengah,2025-11-18,44.0,1.0,457300.0,3.0,1.0,1.0,311.0,5.0,Needs Attention,Personalized engagement,Medium
CUST01562,Customer 1562,Female,Tangerang,2023-08-02,Banten,2025-10-01,92.0,28.0,11757150.0,2.0,5.0,5.0,255.0,12.0,At Risk,Win-back and reactivation,High
CUST01563,Customer 1563,Female,Jakarta,2023-03-26,DKI Jakarta,,,0.0,0.0,,,,,,Never Purchased,First-purchase conversion,Medium
CUST01564,Customer 1564,Female,Jakarta,2025-03-04,DKI Jakarta,2025-11-11,51.0,15.0,4870600.0,3.0,4.0,3.0,343.0,10.0,Loyal Customers,"Cross-sell, upsell, loyalty rewards",High
CUST01565,Customer 1565,Male,Bandung,2023-03-26,Jawa Barat,2025-10-05,88.0,9.0,3455650.0,2.0,3.0,3.0,233.0,8.0,At Risk,Win-back and reactivation,High
CUST01566,Customer 1566,Male,Bandung,2023-03-06,Jawa Barat,2025-12-16,16.0,16.0,17775050.0,4.0,4.0,5.0,445.0,13.0,Champions,"Retain, VIP rewards, referral",High
CUST01567,Customer 1567,Male,Jakarta,2024-10-24,DKI Jakarta,2025-12-21,11.0,5.0,1820550.0,5.0,2.0,2.0,522.0,9.0,Potential Loyalists,Encourage repeat purchase,Medium
CUST01568,Customer 1568,Female,Bandung,2024-09-18,Jawa Barat,2025-12-31,1.0,10.0,5154100.0,5.0,3.0,3.0,533.0,11.0,Potential Loyalists,Encourage repeat purchase,Medium
CUST01569,Customer 1569,Male,Semarang,2023-03-05,Jawa Tengah,2025-11-22,40.0,14.0,5228300.0,3.0,4.0,3.0,343.0,10.0,Loyal Customers,"Cross-sell, upsell, loyalty rewards",High
CUST01570,Customer 1570,Female,Medan,2025-07-27,Sumatera Utara,2025-10-04,89.0,11.0,6745350.0,2.0,3.0,4.0,234.0,9.0,At Risk,Win-back and reactivation,High
CUST01571,Customer 1571,Female,Bandung,2025-07-07,Jawa Barat,2024-11-16,411.0,4.0,3852800.0,1.0,2.0,3.0,123.0,6.0,Needs Attention,Personalized engagement,Medium
CUST01572,Customer 1572,Female,Medan,2024-05-05,Sumatera Utara,2025-07-26,159.0,4.0,765600.0,2.0,2.0,1.0,221.0,5.0,Hibernating,Low-cost re-engagement,Low
CUST01573,Customer 1573,Female,Bandung,2023-11-09,Jawa Barat,2025-12-09,23.0,21.0,4197000.0,4.0,5.0,3.0,453.0,12.0,Loyal Customers,"Cross-sell, upsell, loyalty rewards",High
CUST01574,Customer 1574,Female,Surabaya,2024-09-06,Jawa Timur,2025-09-21,102.0,21.0,12703800.0,2.0,5.0,5.0,255.0,12.0,At Risk,Win-back and reactivation,High
CUST01575,Customer 1575,Female,Jakarta,2025-07-07,DKI Jakarta,2025-12-15,17.0,9.0,4754300.0,4.0,3.0,3.0,433.0,10.0,Potential Loyalists,Encourage repeat purchase,Medium
CUST01576,Customer 1576,Male,Tangerang,2025-03-23,Banten,2025-12-23,9.0,12.0,4364450.0,5.0,4.0,3.0,543.0,12.0,Loyal Customers,"Cross-sell, upsell, loyalty rewards",High
CUST01577,Customer 1577,Male,Makassar,2025-07-28,Sulawesi Selatan,2025-12-30,2.0,5.0,2745300.0,5.0,2.0,2.0,522.0,9.0,Potential Loyalists,Encourage repeat purchase,Medium
CUST01578,Customer 1578,Female,Bekasi,2024-11-10,Jawa Barat,2025-11-14,48.0,8.0,4791000.0,3.0,3.0,3.0,333.0,9.0,Needs Attention,Personalized engagement,Medium
CUST01579,Customer 1579,Female,Bandung,2024-03-10,Jawa Barat,2025-03-02,305.0,12.0,4303700.0,1.0,4.0,3.0,143.0,8.0,At Risk,Win-back and reactivation,High
CUST01580,Customer 1580,Male,Tangerang,2024-11-12,Banten,2025-11-25,37.0,19.0,9324500.0,3.0,4.0,4.0,344.0,11.0,Loyal Customers,"Cross-sell, upsell, loyalty rewards",High
CUST01581,Customer 1581,Female,Jakarta,2025-12-09,DKI Jakarta,2025-11-18,44.0,17.0,9279950.0,3.0,4.0,4.0,344.0,11.0,Loyal Customers,"Cross-sell, upsell, loyalty rewards",High
CUST01582,Customer 1582,Female,Yogyakarta,2023-12-06,DI Yogyakarta,2025-12-27,5.0,21.0,10232450.0,5.0,5.0,4.0,554.0,14.0,Champions,"Retain, VIP rewards, referral",High
CUST01583,Customer 1583,Male,Surabaya,2023-12-13,Jawa Timur,2025-12-08,24.0,13.0,7113800.0,4.0,4.0,4.0,444.0,12.0,Champions,"Retain, VIP rewards, referral",High
CUST01584,Customer 1584,Female,Surabaya,2024-10-07,Jawa Timur,2025-12-18,14.0,3.0,3030250.0,4.0,1.0,3.0,413.0,8.0,Needs Attention,Personalized engagement,Medium
CUST01585,Customer 1585,Female,Bekasi,2024-10-10,Jawa Barat,2025-10-25,68.0,7.0,2492500.0,3.0,3.0,2.0,332.0,8.0,Needs Attention,Personalized engagement,Medium
CUST01586,Customer 1586,Female,Bekasi,2023-09-02,Jawa Barat,2025-09-08,115.0,5.0,1478800.0,2.0,2.0,2.0,222.0,6.0,Hibernating,Low-cost re-engagement,Low
CUST01587,Customer 1587,Male,Jakarta,2023-04-19,DKI Jakarta,2025-11-28,34.0,17.0,17266900.0,3.0,4.0,5.0,345.0,12.0,Loyal Customers,"Cross-sell, upsell, loyalty rewards",High
CUST01588,Customer 1588,Male,Tangerang,2024-06-16,Banten,2025-12-05,27.0,20.0,9647250.0,4.0,4.0,4.0,444.0,12.0,Champions,"Retain, VIP rewards, referral",High
CUST01589,Customer 1589,Male,Jakarta,2023-10-23,DKI Jakarta,2025-12-21,11.0,6.0,5631300.0,5.0,2.0,3.0,523.0,10.0,Potential Loyalists,Encourage repeat purchase,Medium
CUST01590,Customer 1590,Female,Tangerang,2023-04-22,Banten,2025-07-17,168.0,2.0,2442400.0,1.0,1.0,2.0,112.0,4.0,Hibernating,Low-cost re-engagement,Low
CUST01591,Customer 1591,Female,Semarang,2023-12-09,Jawa Tengah,2025-09-02,121.0,4.0,928600.0,2.0,2.0,1.0,221.0,5.0,Hibernating,Low-cost re-engagement,Low
CUST01592,Customer 1592,Male,Semarang,2023-04-11,Jawa Tengah,2025-08-08,146.0,1.0,63000.0,2.0,1.0,1.0,211.0,4.0,Hibernating,Low-cost re-engagement,Low
CUST01593,Customer 1593,Female,Bekasi,2024-09-20,Jawa Barat,2025-05-18,228.0,3.0,961400.0,1.0,1.0,1.0,111.0,3.0,Hibernating,Low-cost re-engagement,Low
CUST01594,Customer 1594,Female,Surabaya,2023-01-28,Jawa Timur,2025-07-16,169.0,5.0,1065000.0,1.0,2.0,1.0,121.0,4.0,Hibernating,Low-cost re-engagement,Low
CUST01595,Customer 1595,Female,Jakarta,2025-07-25,DKI Jakarta,2025-10-05,88.0,6.0,5151150.0,2.0,2.0,3.0,223.0,7.0,Needs Attention,Personalized engagement,Medium
CUST01596,Customer 1596,Female,Depok,2023-02-27,Jawa Barat,2025-12-26,6.0,41.0,27731700.0,5.0,5.0,5.0,555.0,15.0,Champions,"Retain, VIP rewards, referral",High
CUST01597,Customer 1597,Female,Jakarta,2023-10-24,DKI Jakarta,2025-10-22,71.0,11.0,3437700.0,3.0,3.0,3.0,333.0,9.0,Needs Attention,Personalized engagement,Medium
CUST01598,Customer 1598,Male,Surabaya,2023-05-14,Jawa Timur,2025-12-27,5.0,17.0,7024950.0,5.0,4.0,4.0,544.0,13.0,Champions,"Retain, VIP rewards, referral",High
CUST01599,Customer 1599,Female,Bandung,2023-09-06,Jawa Barat,2025-11-19,43.0,4.0,4824000.0,3.0,2.0,3.0,323.0,8.0,Needs Attention,Personalized engagement,Medium
CUST01600,Customer 1600,Male,Jakarta,2025-10-17,DKI Jakarta,2025-12-19,13.0,9.0,4063050.0,5.0,3.0,3.0,533.0,11.0,Potential Loyalists,Encourage repeat purchase,Medium
CUST01601,Customer 1601,Female,Bekasi,2024-07-03,Jawa Barat,2025-11-23,39.0,9.0,7458400.0,3.0,3.0,4.0,334.0,10.0,Needs Attention,Personalized engagement,Medium
CUST01602,Customer 1602,Male,Jakarta,2025-06-20,DKI Jakarta,2025-06-19,196.0,7.0,2765300.0,1.0,3.0,2.0,132.0,6.0,At Risk,Win-back and reactivation,High
CUST01603,Customer 1603,Female,Depok,2025-04-13,Jawa Barat,2025-05-07,239.0,1.0,177650.0,1.0,1.0,1.0,111.0,3.0,Hibernating,Low-cost re-engagement,Low
CUST01604,Customer 1604,Male,Bandung,2025-02-09,Jawa Barat,2025-12-10,22.0,11.0,3607600.0,4.0,3.0,3.0,433.0,10.0,Potential Loyalists,Encourage repeat purchase,Medium
CUST01605,Customer 1605,Female,Jakarta,2023-05-26,DKI Jakarta,2025-12-08,24.0,28.0,14549750.0,4.0,5.0,5.0,455.0,14.0,Champions,"Retain, VIP rewards, referral",High
CUST01606,Customer 1606,Male,Surabaya,2025-06-11,Jawa Timur,2025-12-06,26.0,4.0,3727950.0,4.0,2.0,3.0,423.0,9.0,Potential Loyalists,Encourage repeat purchase,Medium
CUST01607,Customer 1607,Female,Jakarta,2023-12-10,DKI Jakarta,2024-12-02,395.0,5.0,1362800.0,1.0,2.0,2.0,122.0,5.0,Hibernating,Low-cost re-engagement,Low
CUST01608,Customer 1608,Male,Jakarta,2025-11-24,DKI Jakarta,2025-12-14,18.0,6.0,6466900.0,4.0,2.0,4.0,424.0,10.0,Potential Loyalists,Encourage repeat purchase,Medium
CUST01609,Customer 1609,Female,Tangerang,2024-12-02,Banten,2025-12-29,3.0,31.0,10629450.0,5.0,5.0,5.0,555.0,15.0,Champions,"Retain, VIP rewards, referral",High
CUST01610,Customer 1610,Male,Jakarta,2023-01-01,DKI Jakarta,,,0.0,0.0,,,,,,Never Purchased,First-purchase conversion,Medium
CUST01611,Customer 1611,Male,Semarang,2023-06-02,Jawa Tengah,2025-11-23,39.0,9.0,5403200.0,3.0,3.0,3.0,333.0,9.0,Needs Attention,Personalized engagement,Medium
CUST01612,Customer 1612,Female,Jakarta,2024-03-04,DKI Jakarta,2024-12-03,394.0,4.0,1993850.0,1.0,2.0,2.0,122.0,5.0,Hibernating,Low-cost re-engagement,Low
CUST01613,Customer 1613,Female,Jakarta,2024-05-22,DKI Jakarta,2025-09-22,101.0,2.0,356250.0,2.0,1.0,1.0,211.0,4.0,Hibernating,Low-cost re-engagement,Low
CUST01614,Customer 1614,Male,Depok,2024-05-05,Jawa Barat,2025-12-08,24.0,4.0,546350.0,4.0,2.0,1.0,421.0,7.0,Potential Loyalists,Encourage repeat purchase,Medium
CUST01615,Customer 1615,Female,Bandung,2023-12-11,Jawa Barat,2025-11-12,50.0,7.0,2265750.0,3.0,3.0,2.0,332.0,8.0,Needs Attention,Personalized engagement,Medium
CUST01616,Customer 1616,Male,Jakarta,2023-08-09,DKI Jakarta,2024-09-30,458.0,2.0,156150.0,1.0,1.0,1.0,111.0,3.0,Hibernating,Low-cost re-engagement,Low
CUST01617,Customer 1617,Male,Bandung,2024-12-23,Jawa Barat,2025-10-24,69.0,3.0,732950.0,3.0,1.0,1.0,311.0,5.0,Needs Attention,Personalized engagement,Medium
CUST01618,Customer 1618,Male,Jakarta,2025-11-14,DKI Jakarta,2025-12-16,16.0,11.0,4062650.0,4.0,3.0,3.0,433.0,10.0,Potential Loyalists,Encourage repeat purchase,Medium
CUST01619,Customer 1619,Female,Semarang,2024-06-11,Jawa Tengah,2025-12-16,16.0,3.0,246200.0,4.0,1.0,1.0,411.0,6.0,Needs Attention,Personalized engagement,Medium
CUST01620,Customer 1620,Male,Bandung,2025-04-20,Jawa Barat,2025-11-29,33.0,6.0,2540200.0,4.0,2.0,2.0,422.0,8.0,Potential Loyalists,Encourage repeat purchase,Medium
CUST01621,Customer 1621,Male,Depok,2025-12-01,Jawa Barat,2025-10-02,91.0,9.0,1993950.0,2.0,3.0,2.0,232.0,7.0,At Risk,Win-back and reactivation,High
CUST01622,Customer 1622,Female,Yogyakarta,2024-04-25,DI Yogyakarta,2025-11-24,38.0,11.0,6339150.0,3.0,3.0,4.0,334.0,10.0,Needs Attention,Personalized engagement,Medium
CUST01623,Customer 1623,Female,Surabaya,2025-07-18,Jawa Timur,2025-07-25,160.0,8.0,2763550.0,1.0,3.0,2.0,132.0,6.0,At Risk,Win-back and reactivation,High
CUST01624,Customer 1624,Female,Medan,2025-05-21,Sumatera Utara,2025-12-25,7.0,33.0,16250550.0,5.0,5.0,5.0,555.0,15.0,Champions,"Retain, VIP rewards, referral",High
CUST01625,Customer 1625,Female,Bandung,2023-12-11,Jawa Barat,2025-12-03,29.0,9.0,2799200.0,4.0,3.0,2.0,432.0,9.0,Potential Loyalists,Encourage repeat purchase,Medium
CUST01626,Customer 1626,Male,Makassar,2023-02-14,Sulawesi Selatan,,,0.0,0.0,,,,,,Never Purchased,First-purchase conversion,Medium
CUST01627,Customer 1627,Male,Jakarta,2023-01-21,DKI Jakarta,2025-12-19,13.0,14.0,7672600.0,5.0,4.0,4.0,544.0,13.0,Champions,"Retain, VIP rewards, referral",High
CUST01628,Customer 1628,Male,Tangerang,2025-12-29,Banten,2025-11-29,33.0,45.0,12419650.0,4.0,5.0,5.0,455.0,14.0,Champions,"Retain, VIP rewards, referral",High
CUST01629,Customer 1629,Male,Surabaya,2025-05-22,Jawa Timur,2025-12-31,1.0,20.0,9277250.0,5.0,4.0,4.0,544.0,13.0,Champions,"Retain, VIP rewards, referral",High
CUST01630,Customer 1630,Female,Bandung,2023-02-17,Jawa Barat,2025-04-10,266.0,6.0,7672800.0,1.0,2.0,4.0,124.0,7.0,Needs Attention,Personalized engagement,Medium
CUST01631,Customer 1631,Male,Tangerang,2024-07-04,Banten,2025-11-21,41.0,9.0,3613650.0,3.0,3.0,3.0,333.0,9.0,Needs Attention,Personalized engagement,Medium
CUST01632,Customer 1632,Male,Tangerang,2023-10-14,Banten,2025-12-21,11.0,19.0,8105850.0,5.0,4.0,4.0,544.0,13.0,Champions,"Retain, VIP rewards, referral",High
CUST01633,Customer 1633,Female,Jakarta,2025-09-28,DKI Jakarta,2025-12-23,9.0,20.0,5701250.0,5.0,4.0,4.0,544.0,13.0,Champions,"Retain, VIP rewards, referral",High
CUST01634,Customer 1634,Male,Jakarta,2025-10-30,DKI Jakarta,2025-09-25,98.0,4.0,475950.0,2.0,2.0,1.0,221.0,5.0,Hibernating,Low-cost re-engagement,Low
CUST01635,Customer 1635,Male,Tangerang,2024-06-25,Banten,2025-11-22,40.0,2.0,210800.0,3.0,1.0,1.0,311.0,5.0,Needs Attention,Personalized engagement,Medium
CUST01636,Customer 1636,Male,Tangerang,2025-01-25,Banten,2025-12-18,14.0,5.0,2446750.0,4.0,2.0,2.0,422.0,8.0,Potential Loyalists,Encourage repeat purchase,Medium
CUST01637,Customer 1637,Male,Makassar,2023-10-01,Sulawesi Selatan,2025-11-03,59.0,10.0,5133450.0,3.0,3.0,3.0,333.0,9.0,Needs Attention,Personalized engagement,Medium
CUST01638,Customer 1638,Male,Depok,2025-08-13,Jawa Barat,2025-11-19,43.0,24.0,6510950.0,3.0,5.0,4.0,354.0,12.0,Loyal Customers,"Cross-sell, upsell, loyalty rewards",High
CUST01639,Customer 1639,Male,Makassar,2024-08-22,Sulawesi Selatan,2025-12-13,19.0,26.0,11882000.0,4.0,5.0,5.0,455.0,14.0,Champions,"Retain, VIP rewards, referral",High
CUST01640,Customer 1640,Female,Tangerang,2024-01-16,Banten,2025-09-15,108.0,5.0,2695000.0,2.0,2.0,2.0,222.0,6.0,Hibernating,Low-cost re-engagement,Low
CUST01641,Customer 1641,Female,Bandung,2024-04-23,Jawa Barat,2025-10-27,66.0,9.0,2950100.0,3.0,3.0,2.0,332.0,8.0,Needs Attention,Personalized engagement,Medium
CUST01642,Customer 1642,Male,Jakarta,2023-01-15,DKI Jakarta,2025-12-28,4.0,9.0,1767800.0,5.0,3.0,2.0,532.0,10.0,Potential Loyalists,Encourage repeat purchase,Medium
CUST01643,Customer 1643,Male,Depok,2024-05-30,Jawa Barat,2024-08-08,511.0,1.0,2411100.0,1.0,1.0,2.0,112.0,4.0,Hibernating,Low-cost re-engagement,Low
CUST01644,Customer 1644,Female,Tangerang,2023-07-10,Banten,2025-12-28,4.0,60.0,41219900.0,5.0,5.0,5.0,555.0,15.0,Champions,"Retain, VIP rewards, referral",High
CUST01645,Customer 1645,Male,Jakarta,2024-09-12,DKI Jakarta,2024-10-23,435.0,2.0,619300.0,1.0,1.0,1.0,111.0,3.0,Hibernating,Low-cost re-engagement,Low
CUST01646,Customer 1646,Male,Bandung,2023-06-03,Jawa Barat,2025-08-30,124.0,7.0,2070200.0,2.0,3.0,2.0,232.0,7.0,At Risk,Win-back and reactivation,High
CUST01647,Customer 1647,Male,Makassar,2023-09-29,Sulawesi Selatan,2025-11-28,34.0,32.0,10921100.0,3.0,5.0,5.0,355.0,13.0,Loyal Customers,"Cross-sell, upsell, loyalty rewards",High
CUST01648,Customer 1648,Female,Surabaya,2023-05-23,Jawa Timur,2025-12-30,2.0,13.0,5834200.0,5.0,4.0,4.0,544.0,13.0,Champions,"Retain, VIP rewards, referral",High
CUST01649,Customer 1649,Male,Surabaya,2025-12-28,Jawa Timur,2025-12-01,31.0,10.0,2974950.0,4.0,3.0,2.0,432.0,9.0,Potential Loyalists,Encourage repeat purchase,Medium
CUST01650,Customer 1650,Female,Surabaya,2023-09-04,Jawa Timur,2024-09-07,481.0,1.0,36800.0,1.0,1.0,1.0,111.0,3.0,Hibernating,Low-cost re-engagement,Low
CUST01651,Customer 1651,Male,Jakarta,2025-02-26,DKI Jakarta,2025-11-09,53.0,5.0,2208150.0,3.0,2.0,2.0,322.0,7.0,Needs Attention,Personalized engagement,Medium
CUST01652,Customer 1652,Female,Bandung,2023-03-20,Jawa Barat,2025-12-26,6.0,15.0,3597900.0,5.0,4.0,3.0,543.0,12.0,Loyal Customers,"Cross-sell, upsell, loyalty rewards",High
CUST01653,Customer 1653,Female,Bandung,2024-09-14,Jawa Barat,2025-10-17,76.0,3.0,507250.0,2.0,1.0,1.0,211.0,4.0,Hibernating,Low-cost re-engagement,Low
CUST01654,Customer 1654,Male,Jakarta,2024-06-08,DKI Jakarta,2025-12-13,19.0,15.0,5785400.0,4.0,4.0,4.0,444.0,12.0,Champions,"Retain, VIP rewards, referral",High
CUST01655,Customer 1655,Female,Depok,2025-02-10,Jawa Barat,2024-06-21,559.0,2.0,1378700.0,1.0,1.0,2.0,112.0,4.0,Hibernating,Low-cost re-engagement,Low
CUST01656,Customer 1656,Male,Bandung,2025-07-26,Jawa Barat,2025-05-21,225.0,2.0,165000.0,1.0,1.0,1.0,111.0,3.0,Hibernating,Low-cost re-engagement,Low
CUST01657,Customer 1657,Female,Semarang,2024-09-08,Jawa Tengah,2025-11-22,40.0,16.0,4914300.0,3.0,4.0,3.0,343.0,10.0,Loyal Customers,"Cross-sell, upsell, loyalty rewards",High
CUST01658,Customer 1658,Male,Yogyakarta,2025-10-28,DI Yogyakarta,2025-08-25,129.0,4.0,1643700.0,2.0,2.0,2.0,222.0,6.0,Hibernating,Low-cost re-engagement,Low
CUST01659,Customer 1659,Male,Jakarta,2023-03-08,DKI Jakarta,2025-12-09,23.0,10.0,1335650.0,4.0,3.0,2.0,432.0,9.0,Potential Loyalists,Encourage repeat purchase,Medium
CUST01660,Customer 1660,Female,Tangerang,2023-07-10,Banten,2025-10-15,78.0,9.0,1858700.0,2.0,3.0,2.0,232.0,7.0,At Risk,Win-back and reactivation,High
CUST01661,Customer 1661,Male,Surabaya,2025-02-06,Jawa Timur,2025-12-13,19.0,18.0,10662500.0,4.0,4.0,5.0,445.0,13.0,Champions,"Retain, VIP rewards, referral",High
CUST01662,Customer 1662,Male,Yogyakarta,2024-06-04,DI Yogyakarta,2025-12-01,31.0,9.0,5726400.0,4.0,3.0,4.0,434.0,11.0,Potential Loyalists,Encourage repeat purchase,Medium
CUST01663,Customer 1663,Female,Jakarta,2025-09-16,DKI Jakarta,2025-04-16,260.0,6.0,1967200.0,1.0,2.0,2.0,122.0,5.0,Hibernating,Low-cost re-engagement,Low
CUST01664,Customer 1664,Male,Tangerang,2023-09-24,Banten,2024-01-05,727.0,1.0,168300.0,1.0,1.0,1.0,111.0,3.0,Hibernating,Low-cost re-engagement,Low
CUST01665,Customer 1665,Male,Bekasi,2024-04-29,Jawa Barat,2025-12-31,1.0,39.0,31430950.0,5.0,5.0,5.0,555.0,15.0,Champions,"Retain, VIP rewards, referral",High
CUST01666,Customer 1666,Female,Bandung,2024-01-11,Jawa Barat,2025-09-22,101.0,12.0,3965450.0,2.0,4.0,3.0,243.0,9.0,At Risk,Win-back and reactivation,High
CUST01667,Customer 1667,Female,Jakarta,2024-10-14,DKI Jakarta,2025-07-04,181.0,13.0,11642450.0,1.0,4.0,5.0,145.0,10.0,At Risk,Win-back and reactivation,High
CUST01668,Customer 1668,Male,Tangerang,2024-07-02,Banten,2025-12-27,5.0,25.0,14973900.0,5.0,5.0,5.0,555.0,15.0,Champions,"Retain, VIP rewards, referral",High
CUST01669,Customer 1669,Male,Jakarta,2023-03-14,DKI Jakarta,2025-11-13,49.0,14.0,2553700.0,3.0,4.0,2.0,342.0,9.0,Loyal Customers,"Cross-sell, upsell, loyalty rewards",High
CUST01670,Customer 1670,Female,Bandung,2023-11-04,Jawa Barat,2025-11-24,38.0,20.0,11604550.0,3.0,4.0,5.0,345.0,12.0,Loyal Customers,"Cross-sell, upsell, loyalty rewards",High
CUST01671,Customer 1671,Female,Tangerang,2023-07-18,Banten,2025-12-30,2.0,6.0,8193900.0,5.0,2.0,4.0,524.0,11.0,Potential Loyalists,Encourage repeat purchase,Medium
CUST01672,Customer 1672,Male,Bandung,2024-07-25,Jawa Barat,2025-10-29,64.0,6.0,1678500.0,3.0,2.0,2.0,322.0,7.0,Needs Attention,Personalized engagement,Medium
CUST01673,Customer 1673,Female,Tangerang,2025-03-01,Banten,2024-05-15,596.0,1.0,101500.0,1.0,1.0,1.0,111.0,3.0,Hibernating,Low-cost re-engagement,Low
CUST01674,Customer 1674,Male,Jakarta,2023-06-28,DKI Jakarta,2025-12-18,14.0,18.0,9936400.0,4.0,4.0,4.0,444.0,12.0,Champions,"Retain, VIP rewards, referral",High
CUST01675,Customer 1675,Male,Yogyakarta,2023-07-16,DI Yogyakarta,2025-09-08,115.0,7.0,3192900.0,2.0,3.0,3.0,233.0,8.0,At Risk,Win-back and reactivation,High
CUST01676,Customer 1676,Male,Bandung,2025-01-04,Jawa Barat,2025-12-14,18.0,25.0,10084500.0,4.0,5.0,4.0,454.0,13.0,Champions,"Retain, VIP rewards, referral",High
CUST01677,Customer 1677,Male,Bandung,2023-03-30,Jawa Barat,2025-05-10,236.0,10.0,3335050.0,1.0,3.0,3.0,133.0,7.0,At Risk,Win-back and reactivation,High
CUST01678,Customer 1678,Male,Jakarta,2025-03-09,DKI Jakarta,2025-12-28,4.0,19.0,9653100.0,5.0,4.0,4.0,544.0,13.0,Champions,"Retain, VIP rewards, referral",High
CUST01679,Customer 1679,Female,Jakarta,2025-02-26,DKI Jakarta,2025-12-19,13.0,31.0,9555850.0,5.0,5.0,4.0,554.0,14.0,Champions,"Retain, VIP rewards, referral",High
CUST01680,Customer 1680,Female,Surabaya,2025-01-17,Jawa Timur,2025-12-29,3.0,10.0,2379000.0,5.0,3.0,2.0,532.0,10.0,Potential Loyalists,Encourage repeat purchase,Medium
CUST01681,Customer 1681,Female,Jakarta,2023-07-28,DKI Jakarta,2024-09-09,479.0,2.0,2131500.0,1.0,1.0,2.0,112.0,4.0,Hibernating,Low-cost re-engagement,Low
CUST01682,Customer 1682,Female,Semarang,2024-05-07,Jawa Tengah,,,0.0,0.0,,,,,,Never Purchased,First-purchase conversion,Medium
CUST01683,Customer 1683,Male,Jakarta,2024-10-26,DKI Jakarta,2024-02-04,697.0,1.0,774400.0,1.0,1.0,1.0,111.0,3.0,Hibernating,Low-cost re-engagement,Low
CUST01684,Customer 1684,Male,Bandung,2025-11-02,Jawa Barat,2025-11-07,55.0,5.0,2952650.0,3.0,2.0,2.0,322.0,7.0,Needs Attention,Personalized engagement,Medium
CUST01685,Customer 1685,Male,Bandung,2025-05-20,Jawa Barat,,,0.0,0.0,,,,,,Never Purchased,First-purchase conversion,Medium
CUST01686,Customer 1686,Male,Jakarta,2025-01-01,DKI Jakarta,2025-12-05,27.0,8.0,5781000.0,4.0,3.0,4.0,434.0,11.0,Potential Loyalists,Encourage repeat purchase,Medium
CUST01687,Customer 1687,Female,Jakarta,2024-11-28,DKI Jakarta,2024-10-11,447.0,3.0,664800.0,1.0,1.0,1.0,111.0,3.0,Hibernating,Low-cost re-engagement,Low
CUST01688,Customer 1688,Male,Bandung,2024-08-16,Jawa Barat,2025-05-07,239.0,8.0,1611700.0,1.0,3.0,2.0,132.0,6.0,At Risk,Win-back and reactivation,High
CUST01689,Customer 1689,Male,Surabaya,2025-06-04,Jawa Timur,,,0.0,0.0,,,,,,Never Purchased,First-purchase conversion,Medium
CUST01690,Customer 1690,Female,Bandung,2025-05-01,Jawa Barat,2025-11-29,33.0,9.0,5189300.0,4.0,3.0,3.0,433.0,10.0,Potential Loyalists,Encourage repeat purchase,Medium
CUST01691,Customer 1691,Female,Surabaya,2023-11-21,Jawa Timur,2025-10-17,76.0,35.0,14956700.0,2.0,5.0,5.0,255.0,12.0,At Risk,Win-back and reactivation,High
CUST01692,Customer 1692,Female,Bekasi,2025-09-05,Jawa Barat,2025-10-04,89.0,3.0,1075700.0,2.0,1.0,1.0,211.0,4.0,Hibernating,Low-cost re-engagement,Low
CUST01693,Customer 1693,Female,Jakarta,2025-08-13,DKI Jakarta,2025-12-12,20.0,9.0,3764550.0,4.0,3.0,3.0,433.0,10.0,Potential Loyalists,Encourage repeat purchase,Medium
CUST01694,Customer 1694,Male,Surabaya,2025-06-12,Jawa Timur,2025-11-11,51.0,10.0,6485150.0,3.0,3.0,4.0,334.0,10.0,Needs Attention,Personalized engagement,Medium
CUST01695,Customer 1695,Male,Makassar,2023-05-24,Sulawesi Selatan,2025-10-08,85.0,10.0,4210600.0,2.0,3.0,3.0,233.0,8.0,At Risk,Win-back and reactivation,High
CUST01696,Customer 1696,Female,Surabaya,2024-01-19,Jawa Timur,2025-09-27,96.0,12.0,4724600.0,2.0,4.0,3.0,243.0,9.0,At Risk,Win-back and reactivation,High
CUST01697,Customer 1697,Male,Tangerang,2023-08-04,Banten,2025-11-23,39.0,14.0,3174000.0,3.0,4.0,3.0,343.0,10.0,Loyal Customers,"Cross-sell, upsell, loyalty rewards",High
CUST01698,Customer 1698,Male,Bandung,2023-11-20,Jawa Barat,2025-01-14,352.0,5.0,4326100.0,1.0,2.0,3.0,123.0,6.0,Needs Attention,Personalized engagement,Medium
CUST01699,Customer 1699,Male,Depok,2025-11-04,Jawa Barat,2025-10-19,74.0,8.0,2468200.0,2.0,3.0,2.0,232.0,7.0,At Risk,Win-back and reactivation,High
CUST01700,Customer 1700,Female,Bandung,2023-08-05,Jawa Barat,2025-12-12,20.0,19.0,6906300.0,4.0,4.0,4.0,444.0,12.0,Champions,"Retain, VIP rewards, referral",High
CUST01701,Customer 1701,Male,Surabaya,2025-08-08,Jawa Timur,2025-07-27,158.0,3.0,2056250.0,2.0,1.0,2.0,212.0,5.0,Hibernating,Low-cost re-engagement,Low
CUST01702,Customer 1702,Female,Makassar,2023-07-02,Sulawesi Selatan,2025-12-10,22.0,6.0,1481000.0,4.0,2.0,2.0,422.0,8.0,Potential Loyalists,Encourage repeat purchase,Medium
CUST01703,Customer 1703,Male,Jakarta,2023-09-27,DKI Jakarta,,,0.0,0.0,,,,,,Never Purchased,First-purchase conversion,Medium
CUST01704,Customer 1704,Male,Jakarta,2025-08-02,DKI Jakarta,2025-10-19,74.0,15.0,4513550.0,2.0,4.0,3.0,243.0,9.0,At Risk,Win-back and reactivation,High
CUST01705,Customer 1705,Male,Depok,2025-05-19,Jawa Barat,2025-09-11,112.0,13.0,4410250.0,2.0,4.0,3.0,243.0,9.0,At Risk,Win-back and reactivation,High
CUST01706,Customer 1706,Female,Semarang,2024-04-11,Jawa Tengah,2025-09-05,118.0,4.0,2089650.0,2.0,2.0,2.0,222.0,6.0,Hibernating,Low-cost re-engagement,Low
CUST01707,Customer 1707,Male,Jakarta,2023-11-01,DKI Jakarta,2025-12-26,6.0,23.0,15567200.0,5.0,5.0,5.0,555.0,15.0,Champions,"Retain, VIP rewards, referral",High
CUST01708,Customer 1708,Female,Jakarta,2023-04-21,DKI Jakarta,2025-05-22,224.0,2.0,402300.0,1.0,1.0,1.0,111.0,3.0,Hibernating,Low-cost re-engagement,Low
CUST01709,Customer 1709,Female,Jakarta,2025-10-10,DKI Jakarta,2025-09-08,115.0,5.0,5462900.0,2.0,2.0,3.0,223.0,7.0,Needs Attention,Personalized engagement,Medium
CUST01710,Customer 1710,Female,Bandung,2023-08-20,Jawa Barat,2025-12-22,10.0,14.0,4388500.0,5.0,4.0,3.0,543.0,12.0,Loyal Customers,"Cross-sell, upsell, loyalty rewards",High
CUST01711,Customer 1711,Male,Depok,2024-08-17,Jawa Barat,2025-06-28,187.0,8.0,16604300.0,1.0,3.0,5.0,135.0,9.0,At Risk,Win-back and reactivation,High
CUST01712,Customer 1712,Male,Surabaya,2023-06-22,Jawa Timur,2025-08-04,150.0,1.0,1420800.0,2.0,1.0,2.0,212.0,5.0,Hibernating,Low-cost re-engagement,Low
CUST01713,Customer 1713,Male,Bandung,2025-08-30,Jawa Barat,2025-11-22,40.0,5.0,965700.0,3.0,2.0,1.0,321.0,6.0,Needs Attention,Personalized engagement,Medium
CUST01714,Customer 1714,Male,Bandung,2025-10-27,Jawa Barat,2025-12-22,10.0,5.0,3768350.0,5.0,2.0,3.0,523.0,10.0,Potential Loyalists,Encourage repeat purchase,Medium
CUST01715,Customer 1715,Female,Jakarta,2024-06-29,DKI Jakarta,2025-12-26,6.0,26.0,10537500.0,5.0,5.0,4.0,554.0,14.0,Champions,"Retain, VIP rewards, referral",High
CUST01716,Customer 1716,Female,Bandung,2024-07-01,Jawa Barat,,,0.0,0.0,,,,,,Never Purchased,First-purchase conversion,Medium
CUST01717,Customer 1717,Female,Tangerang,2024-06-01,Banten,2025-08-28,126.0,4.0,2332150.0,2.0,2.0,2.0,222.0,6.0,Hibernating,Low-cost re-engagement,Low
CUST01718,Customer 1718,Male,Makassar,2025-07-02,Sulawesi Selatan,2025-10-31,62.0,20.0,7898850.0,3.0,4.0,4.0,344.0,11.0,Loyal Customers,"Cross-sell, upsell, loyalty rewards",High
CUST01719,Customer 1719,Female,Semarang,2023-08-03,Jawa Tengah,2025-11-28,34.0,21.0,8846800.0,3.0,5.0,4.0,354.0,12.0,Loyal Customers,"Cross-sell, upsell, loyalty rewards",High
CUST01720,Customer 1720,Male,Jakarta,2023-05-14,DKI Jakarta,2025-10-21,72.0,5.0,3458750.0,2.0,2.0,3.0,223.0,7.0,Needs Attention,Personalized engagement,Medium
CUST01721,Customer 1721,Female,Yogyakarta,2023-10-12,DI Yogyakarta,2025-12-29,3.0,15.0,6999500.0,5.0,4.0,4.0,544.0,13.0,Champions,"Retain, VIP rewards, referral",High
CUST01722,Customer 1722,Male,Depok,2024-11-16,Jawa Barat,2025-12-23,9.0,13.0,5733550.0,5.0,4.0,4.0,544.0,13.0,Champions,"Retain, VIP rewards, referral",High
CUST01723,Customer 1723,Male,Depok,2023-11-27,Jawa Barat,2025-11-28,34.0,19.0,19269250.0,3.0,4.0,5.0,345.0,12.0,Loyal Customers,"Cross-sell, upsell, loyalty rewards",High
CUST01724,Customer 1724,Female,Surabaya,2025-06-12,Jawa Timur,2025-11-28,34.0,14.0,9197050.0,3.0,4.0,4.0,344.0,11.0,Loyal Customers,"Cross-sell, upsell, loyalty rewards",High
CUST01725,Customer 1725,Female,Bandung,2025-06-17,Jawa Barat,2025-09-02,121.0,11.0,5715500.0,2.0,3.0,4.0,234.0,9.0,At Risk,Win-back and reactivation,High
CUST01726,Customer 1726,Female,Bandung,2023-03-19,Jawa Barat,2025-10-19,74.0,5.0,784850.0,2.0,2.0,1.0,221.0,5.0,Hibernating,Low-cost re-engagement,Low
CUST01727,Customer 1727,Female,Jakarta,2025-08-04,DKI Jakarta,2025-10-25,68.0,5.0,1541000.0,3.0,2.0,2.0,322.0,7.0,Needs Attention,Personalized engagement,Medium
CUST01728,Customer 1728,Male,Jakarta,2024-11-18,DKI Jakarta,2025-12-26,6.0,20.0,11589950.0,5.0,4.0,5.0,545.0,14.0,Champions,"Retain, VIP rewards, referral",High
CUST01729,Customer 1729,Female,Jakarta,2023-01-21,DKI Jakarta,2025-12-28,4.0,61.0,23953500.0,5.0,5.0,5.0,555.0,15.0,Champions,"Retain, VIP rewards, referral",High
CUST01730,Customer 1730,Female,Surabaya,2024-07-19,Jawa Timur,2025-12-28,4.0,13.0,4904000.0,5.0,4.0,3.0,543.0,12.0,Loyal Customers,"Cross-sell, upsell, loyalty rewards",High
CUST01731,Customer 1731,Female,Depok,2025-04-06,Jawa Barat,2025-07-30,155.0,6.0,2756600.0,2.0,2.0,2.0,222.0,6.0,Hibernating,Low-cost re-engagement,Low
CUST01732,Customer 1732,Male,Surabaya,2023-06-28,Jawa Timur,2025-04-08,268.0,3.0,225600.0,1.0,1.0,1.0,111.0,3.0,Hibernating,Low-cost re-engagement,Low
CUST01733,Customer 1733,Male,Jakarta,2025-12-18,DKI Jakarta,2025-12-10,22.0,18.0,10295150.0,4.0,4.0,4.0,444.0,12.0,Champions,"Retain, VIP rewards, referral",High
CUST01734,Customer 1734,Female,Makassar,2025-06-23,Sulawesi Selatan,2025-10-25,68.0,1.0,883200.0,3.0,1.0,1.0,311.0,5.0,Needs Attention,Personalized engagement,Medium
CUST01735,Customer 1735,Male,Medan,2024-10-30,Sumatera Utara,2025-11-29,33.0,18.0,6780950.0,4.0,4.0,4.0,444.0,12.0,Champions,"Retain, VIP rewards, referral",High
CUST01736,Customer 1736,Female,Depok,2023-07-10,Jawa Barat,2025-12-15,17.0,17.0,4218500.0,4.0,4.0,3.0,443.0,11.0,Loyal Customers,"Cross-sell, upsell, loyalty rewards",High
CUST01737,Customer 1737,Male,Bandung,2024-12-08,Jawa Barat,2025-11-04,58.0,5.0,1590050.0,3.0,2.0,2.0,322.0,7.0,Needs Attention,Personalized engagement,Medium
CUST01738,Customer 1738,Male,Bekasi,2025-11-24,Jawa Barat,2025-06-28,187.0,9.0,1626150.0,1.0,3.0,2.0,132.0,6.0,At Risk,Win-back and reactivation,High
CUST01739,Customer 1739,Male,Makassar,2024-01-14,Sulawesi Selatan,2025-11-16,46.0,3.0,1232600.0,3.0,1.0,2.0,312.0,6.0,Needs Attention,Personalized engagement,Medium
CUST01740,Customer 1740,Male,Jakarta,2024-01-22,DKI Jakarta,2025-12-02,30.0,1.0,168000.0,4.0,1.0,1.0,411.0,6.0,Needs Attention,Personalized engagement,Medium
CUST01741,Customer 1741,Female,Bandung,2023-08-25,Jawa Barat,2025-11-27,35.0,15.0,7091750.0,3.0,4.0,4.0,344.0,11.0,Loyal Customers,"Cross-sell, upsell, loyalty rewards",High
CUST01742,Customer 1742,Female,Jakarta,2024-09-07,DKI Jakarta,2025-12-08,24.0,19.0,8199750.0,4.0,4.0,4.0,444.0,12.0,Champions,"Retain, VIP rewards, referral",High
CUST01743,Customer 1743,Female,Jakarta,2023-10-10,DKI Jakarta,2025-09-21,102.0,4.0,6707700.0,2.0,2.0,4.0,224.0,8.0,Needs Attention,Personalized engagement,Medium
CUST01744,Customer 1744,Male,Jakarta,2023-01-01,DKI Jakarta,2025-12-24,8.0,48.0,16338950.0,5.0,5.0,5.0,555.0,15.0,Champions,"Retain, VIP rewards, referral",High
CUST01745,Customer 1745,Female,Bekasi,2024-04-08,Jawa Barat,2025-09-22,101.0,6.0,1921050.0,2.0,2.0,2.0,222.0,6.0,Hibernating,Low-cost re-engagement,Low
CUST01746,Customer 1746,Female,Depok,2025-08-24,Jawa Barat,2024-08-31,488.0,1.0,166500.0,1.0,1.0,1.0,111.0,3.0,Hibernating,Low-cost re-engagement,Low
CUST01747,Customer 1747,Female,Bekasi,2023-06-21,Jawa Barat,2025-10-13,80.0,22.0,10997500.0,2.0,5.0,5.0,255.0,12.0,At Risk,Win-back and reactivation,High
CUST01748,Customer 1748,Male,Jakarta,2025-04-22,DKI Jakarta,2025-11-30,32.0,22.0,8526050.0,4.0,5.0,4.0,454.0,13.0,Champions,"Retain, VIP rewards, referral",High
CUST01749,Customer 1749,Male,Semarang,2024-11-20,Jawa Tengah,2025-12-03,29.0,22.0,9762550.0,4.0,5.0,4.0,454.0,13.0,Champions,"Retain, VIP rewards, referral",High
CUST01750,Customer 1750,Male,Tangerang,2024-07-28,Banten,,,0.0,0.0,,,,,,Never Purchased,First-purchase conversion,Medium
CUST01751,Customer 1751,Female,Bandung,2023-06-14,Jawa Barat,2025-11-20,42.0,12.0,4655400.0,3.0,4.0,3.0,343.0,10.0,Loyal Customers,"Cross-sell, upsell, loyalty rewards",High
CUST01752,Customer 1752,Female,Tangerang,2024-01-18,Banten,2025-11-30,32.0,19.0,8810900.0,4.0,4.0,4.0,444.0,12.0,Champions,"Retain, VIP rewards, referral",High
CUST01753,Customer 1753,Female,Jakarta,2023-07-28,DKI Jakarta,2025-11-20,42.0,4.0,5021900.0,3.0,2.0,3.0,323.0,8.0,Needs Attention,Personalized engagement,Medium
CUST01754,Customer 1754,Male,Bandung,2023-08-12,Jawa Barat,2025-12-30,2.0,23.0,4337200.0,5.0,5.0,3.0,553.0,13.0,Loyal Customers,"Cross-sell, upsell, loyalty rewards",High
CUST01755,Customer 1755,Male,Medan,2023-01-03,Sumatera Utara,2025-10-18,75.0,10.0,4841250.0,2.0,3.0,3.0,233.0,8.0,At Risk,Win-back and reactivation,High
CUST01756,Customer 1756,Female,Bandung,2024-01-07,Jawa Barat,2025-02-26,309.0,4.0,1077400.0,1.0,2.0,1.0,121.0,4.0,Hibernating,Low-cost re-engagement,Low
CUST01757,Customer 1757,Male,Surabaya,2024-09-02,Jawa Timur,2025-12-12,20.0,11.0,2762650.0,4.0,3.0,2.0,432.0,9.0,Potential Loyalists,Encourage repeat purchase,Medium
CUST01758,Customer 1758,Male,Yogyakarta,2023-04-26,DI Yogyakarta,2024-04-12,629.0,2.0,618800.0,1.0,1.0,1.0,111.0,3.0,Hibernating,Low-cost re-engagement,Low
CUST01759,Customer 1759,Male,Tangerang,2024-03-22,Banten,2025-11-24,38.0,11.0,6106550.0,3.0,3.0,4.0,334.0,10.0,Needs Attention,Personalized engagement,Medium
CUST01760,Customer 1760,Male,Jakarta,2024-02-19,DKI Jakarta,2025-12-12,20.0,35.0,21083850.0,4.0,5.0,5.0,455.0,14.0,Champions,"Retain, VIP rewards, referral",High
CUST01761,Customer 1761,Female,Jakarta,2025-06-10,DKI Jakarta,2025-05-05,241.0,9.0,12858300.0,1.0,3.0,5.0,135.0,9.0,At Risk,Win-back and reactivation,High
CUST01762,Customer 1762,Male,Jakarta,2025-11-13,DKI Jakarta,2025-09-26,97.0,9.0,4473800.0,2.0,3.0,3.0,233.0,8.0,At Risk,Win-back and reactivation,High
CUST01763,Customer 1763,Male,Tangerang,2024-10-24,Banten,2025-11-07,55.0,4.0,2691750.0,3.0,2.0,2.0,322.0,7.0,Needs Attention,Personalized engagement,Medium
CUST01764,Customer 1764,Male,Surabaya,2025-12-09,Jawa Timur,2025-10-20,73.0,6.0,1309400.0,2.0,2.0,2.0,222.0,6.0,Hibernating,Low-cost re-engagement,Low
CUST01765,Customer 1765,Male,Jakarta,2024-12-18,DKI Jakarta,2025-12-06,26.0,9.0,7123600.0,4.0,3.0,4.0,434.0,11.0,Potential Loyalists,Encourage repeat purchase,Medium
CUST01766,Customer 1766,Female,Makassar,2025-11-16,Sulawesi Selatan,2025-11-24,38.0,2.0,616000.0,3.0,1.0,1.0,311.0,5.0,Needs Attention,Personalized engagement,Medium
CUST01767,Customer 1767,Female,Surabaya,2023-09-28,Jawa Timur,2024-05-30,581.0,2.0,256800.0,1.0,1.0,1.0,111.0,3.0,Hibernating,Low-cost re-engagement,Low
CUST01768,Customer 1768,Male,Jakarta,2024-07-15,DKI Jakarta,2025-12-25,7.0,24.0,12065100.0,5.0,5.0,5.0,555.0,15.0,Champions,"Retain, VIP rewards, referral",High
CUST01769,Customer 1769,Male,Surabaya,2025-03-14,Jawa Timur,2025-07-17,168.0,2.0,552750.0,1.0,1.0,1.0,111.0,3.0,Hibernating,Low-cost re-engagement,Low
CUST01770,Customer 1770,Male,Tangerang,2023-09-04,Banten,2025-12-23,9.0,11.0,2031550.0,5.0,3.0,2.0,532.0,10.0,Potential Loyalists,Encourage repeat purchase,Medium
CUST01771,Customer 1771,Male,Jakarta,2024-01-22,DKI Jakarta,2025-12-29,3.0,61.0,28248000.0,5.0,5.0,5.0,555.0,15.0,Champions,"Retain, VIP rewards, referral",High
CUST01772,Customer 1772,Male,Jakarta,2024-12-02,DKI Jakarta,2025-09-05,118.0,13.0,15433300.0,2.0,4.0,5.0,245.0,11.0,At Risk,Win-back and reactivation,High
CUST01773,Customer 1773,Male,Semarang,2024-07-12,Jawa Tengah,2024-07-01,549.0,1.0,256700.0,1.0,1.0,1.0,111.0,3.0,Hibernating,Low-cost re-engagement,Low
CUST01774,Customer 1774,Female,Surabaya,2025-08-30,Jawa Timur,2025-12-25,7.0,30.0,6435500.0,5.0,5.0,4.0,554.0,14.0,Champions,"Retain, VIP rewards, referral",High
CUST01775,Customer 1775,Unknown,Bekasi,2025-09-10,Jawa Barat,2025-12-20,12.0,22.0,12558250.0,5.0,5.0,5.0,555.0,15.0,Champions,"Retain, VIP rewards, referral",High
CUST01776,Customer 1776,Female,Surabaya,2023-12-18,Jawa Timur,2025-01-12,354.0,2.0,1524400.0,1.0,1.0,2.0,112.0,4.0,Hibernating,Low-cost re-engagement,Low
CUST01777,Customer 1777,Female,Jakarta,2025-01-22,DKI Jakarta,2025-11-14,48.0,6.0,3926650.0,3.0,2.0,3.0,323.0,8.0,Needs Attention,Personalized engagement,Medium
CUST01778,Customer 1778,Male,Jakarta,2025-02-19,DKI Jakarta,2025-11-20,42.0,43.0,12779250.0,3.0,5.0,5.0,355.0,13.0,Loyal Customers,"Cross-sell, upsell, loyalty rewards",High
CUST01779,Customer 1779,Female,Surabaya,2025-10-21,Jawa Timur,2024-07-31,519.0,1.0,449400.0,1.0,1.0,1.0,111.0,3.0,Hibernating,Low-cost re-engagement,Low
CUST01780,Customer 1780,Female,Jakarta,2024-06-29,DKI Jakarta,2025-12-26,6.0,44.0,22396700.0,5.0,5.0,5.0,555.0,15.0,Champions,"Retain, VIP rewards, referral",High
CUST01781,Customer 1781,Female,Jakarta,2023-03-20,DKI Jakarta,2025-12-24,8.0,15.0,6238400.0,5.0,4.0,4.0,544.0,13.0,Champions,"Retain, VIP rewards, referral",High
CUST01782,Customer 1782,Female,Semarang,2023-11-30,Jawa Tengah,2025-11-27,35.0,18.0,7166850.0,3.0,4.0,4.0,344.0,11.0,Loyal Customers,"Cross-sell, upsell, loyalty rewards",High
CUST01783,Customer 1783,Female,Makassar,2025-06-07,Sulawesi Selatan,2025-11-02,60.0,13.0,6196650.0,3.0,4.0,4.0,344.0,11.0,Loyal Customers,"Cross-sell, upsell, loyalty rewards",High
CUST01784,Customer 1784,Female,Semarang,2024-05-16,Jawa Tengah,2025-12-02,30.0,10.0,3326100.0,4.0,3.0,3.0,433.0,10.0,Potential Loyalists,Encourage repeat purchase,Medium
CUST01785,Customer 1785,Male,Yogyakarta,2025-02-03,DI Yogyakarta,2025-12-28,4.0,39.0,26604700.0,5.0,5.0,5.0,555.0,15.0,Champions,"Retain, VIP rewards, referral",High
CUST01786,Customer 1786,Female,Jakarta,2025-07-09,DKI Jakarta,2025-09-20,103.0,8.0,8528050.0,2.0,3.0,4.0,234.0,9.0,At Risk,Win-back and reactivation,High
CUST01787,Customer 1787,Female,Makassar,2024-07-03,Sulawesi Selatan,2025-10-07,86.0,1.0,54000.0,2.0,1.0,1.0,211.0,4.0,Hibernating,Low-cost re-engagement,Low
CUST01788,Customer 1788,Female,Jakarta,2023-01-14,DKI Jakarta,2025-07-07,178.0,11.0,6187000.0,1.0,3.0,4.0,134.0,8.0,At Risk,Win-back and reactivation,High
CUST01789,Customer 1789,Male,Makassar,2024-01-27,Sulawesi Selatan,2025-10-13,80.0,3.0,1290300.0,2.0,1.0,2.0,212.0,5.0,Hibernating,Low-cost re-engagement,Low
CUST01790,Customer 1790,Female,Makassar,2023-11-06,Sulawesi Selatan,2025-12-18,14.0,42.0,14898000.0,4.0,5.0,5.0,455.0,14.0,Champions,"Retain, VIP rewards, referral",High
CUST01791,Customer 1791,Male,Tangerang,2024-01-21,Banten,2025-05-24,222.0,15.0,6995250.0,1.0,4.0,4.0,144.0,9.0,At Risk,Win-back and reactivation,High
CUST01792,Customer 1792,Female,Makassar,2025-08-31,Sulawesi Selatan,2025-11-09,53.0,13.0,3237600.0,3.0,4.0,3.0,343.0,10.0,Loyal Customers,"Cross-sell, upsell, loyalty rewards",High
CUST01793,Customer 1793,Male,Bekasi,2023-12-06,Jawa Barat,2025-12-31,1.0,11.0,4635650.0,5.0,3.0,3.0,533.0,11.0,Potential Loyalists,Encourage repeat purchase,Medium
CUST01794,Customer 1794,Male,Jakarta,2024-08-19,DKI Jakarta,2025-08-19,135.0,8.0,3518650.0,2.0,3.0,3.0,233.0,8.0,At Risk,Win-back and reactivation,High
CUST01795,Customer 1795,Female,Surabaya,2025-01-26,Jawa Timur,2025-01-05,361.0,2.0,1066500.0,1.0,1.0,1.0,111.0,3.0,Hibernating,Low-cost re-engagement,Low
CUST01796,Customer 1796,Female,Bekasi,2025-11-11,Jawa Barat,2025-12-19,13.0,30.0,9411250.0,5.0,5.0,4.0,554.0,14.0,Champions,"Retain, VIP rewards, referral",High
CUST01797,Customer 1797,Male,Jakarta,2023-10-18,DKI Jakarta,2025-12-11,21.0,22.0,7688350.0,4.0,5.0,4.0,454.0,13.0,Champions,"Retain, VIP rewards, referral",High
CUST01798,Customer 1798,Female,Bekasi,2023-11-02,Jawa Barat,2024-12-31,366.0,5.0,788450.0,1.0,2.0,1.0,121.0,4.0,Hibernating,Low-cost re-engagement,Low
CUST01799,Customer 1799,Male,Makassar,2024-09-25,Sulawesi Selatan,2025-11-26,36.0,16.0,11746850.0,3.0,4.0,5.0,345.0,12.0,Loyal Customers,"Cross-sell, upsell, loyalty rewards",High
CUST01800,Customer 1800,Male,Jakarta,2024-09-16,DKI Jakarta,2025-12-17,15.0,20.0,2945200.0,4.0,4.0,2.0,442.0,10.0,Loyal Customers,"Cross-sell, upsell, loyalty rewards",High
CUST01801,Customer 1801,Male,Semarang,2025-07-27,Jawa Tengah,2025-11-18,44.0,19.0,10302050.0,3.0,4.0,4.0,344.0,11.0,Loyal Customers,"Cross-sell, upsell, loyalty rewards",High
CUST01802,Customer 1802,Male,Medan,2025-04-27,Sumatera Utara,2025-12-30,2.0,40.0,20745350.0,5.0,5.0,5.0,555.0,15.0,Champions,"Retain, VIP rewards, referral",High
CUST01803,Customer 1803,Male,Medan,2024-03-17,Sumatera Utara,2025-12-21,11.0,24.0,20682750.0,5.0,5.0,5.0,555.0,15.0,Champions,"Retain, VIP rewards, referral",High
CUST01804,Customer 1804,Female,Makassar,2024-05-17,Sulawesi Selatan,2025-12-10,22.0,20.0,7132500.0,4.0,4.0,4.0,444.0,12.0,Champions,"Retain, VIP rewards, referral",High
CUST01805,Customer 1805,Unknown,Surabaya,2023-05-10,Jawa Timur,2025-10-14,79.0,4.0,138750.0,2.0,2.0,1.0,221.0,5.0,Hibernating,Low-cost re-engagement,Low
CUST01806,Customer 1806,Male,Makassar,2024-08-19,Sulawesi Selatan,2025-08-19,135.0,8.0,1343900.0,2.0,3.0,2.0,232.0,7.0,At Risk,Win-back and reactivation,High
CUST01807,Customer 1807,Female,Depok,2025-05-11,Jawa Barat,2025-11-29,33.0,20.0,12967700.0,4.0,4.0,5.0,445.0,13.0,Champions,"Retain, VIP rewards, referral",High
CUST01808,Customer 1808,Male,Jakarta,2024-08-15,DKI Jakarta,2025-12-19,13.0,31.0,16145650.0,5.0,5.0,5.0,555.0,15.0,Champions,"Retain, VIP rewards, referral",High
CUST01809,Customer 1809,Female,Surabaya,2025-09-25,Jawa Timur,2025-11-30,32.0,62.0,26700250.0,4.0,5.0,5.0,455.0,14.0,Champions,"Retain, VIP rewards, referral",High
CUST01810,Customer 1810,Female,Tangerang,2023-11-21,Banten,2025-11-18,44.0,9.0,2873700.0,3.0,3.0,2.0,332.0,8.0,Needs Attention,Personalized engagement,Medium
CUST01811,Customer 1811,Female,Jakarta,2025-12-28,DKI Jakarta,2025-11-24,38.0,12.0,2942000.0,3.0,4.0,2.0,342.0,9.0,Loyal Customers,"Cross-sell, upsell, loyalty rewards",High
CUST01812,Customer 1812,Male,Tangerang,2024-03-23,Banten,2025-12-27,5.0,1.0,74000.0,5.0,1.0,1.0,511.0,7.0,New Customers,Welcome and second-purchase campaign,Medium
CUST01813,Customer 1813,Male,Tangerang,2025-03-29,Banten,2025-12-29,3.0,54.0,31150200.0,5.0,5.0,5.0,555.0,15.0,Champions,"Retain, VIP rewards, referral",High
CUST01814,Customer 1814,Male,Jakarta,2024-12-09,DKI Jakarta,2025-12-19,13.0,14.0,6797500.0,5.0,4.0,4.0,544.0,13.0,Champions,"Retain, VIP rewards, referral",High
CUST01815,Customer 1815,Female,Bekasi,2023-09-22,Jawa Barat,2025-11-13,49.0,48.0,19084400.0,3.0,5.0,5.0,355.0,13.0,Loyal Customers,"Cross-sell, upsell, loyalty rewards",High
CUST01816,Customer 1816,Male,Depok,2024-09-03,Jawa Barat,2025-03-11,296.0,1.0,270300.0,1.0,1.0,1.0,111.0,3.0,Hibernating,Low-cost re-engagement,Low
CUST01817,Customer 1817,Female,Surabaya,2025-04-11,Jawa Timur,2025-09-07,116.0,8.0,4036350.0,2.0,3.0,3.0,233.0,8.0,At Risk,Win-back and reactivation,High
CUST01818,Customer 1818,Male,Jakarta,2024-11-04,DKI Jakarta,2025-12-25,7.0,4.0,468950.0,5.0,2.0,1.0,521.0,8.0,Potential Loyalists,Encourage repeat purchase,Medium
CUST01819,Customer 1819,Female,Jakarta,2023-06-06,DKI Jakarta,2025-12-27,5.0,31.0,24808300.0,5.0,5.0,5.0,555.0,15.0,Champions,"Retain, VIP rewards, referral",High
CUST01820,Customer 1820,Male,Bandung,2023-09-08,Jawa Barat,2025-12-23,9.0,17.0,7513650.0,5.0,4.0,4.0,544.0,13.0,Champions,"Retain, VIP rewards, referral",High
CUST01821,Customer 1821,Male,Medan,2025-05-27,Sumatera Utara,2025-11-30,32.0,14.0,6822450.0,4.0,4.0,4.0,444.0,12.0,Champions,"Retain, VIP rewards, referral",High
CUST01822,Customer 1822,Male,Jakarta,2024-06-13,DKI Jakarta,2025-12-01,31.0,9.0,1848000.0,4.0,3.0,2.0,432.0,9.0,Potential Loyalists,Encourage repeat purchase,Medium
CUST01823,Customer 1823,Female,Tangerang,2023-11-23,Banten,2025-11-30,32.0,13.0,9971350.0,4.0,4.0,4.0,444.0,12.0,Champions,"Retain, VIP rewards, referral",High
CUST01824,Customer 1824,Female,Jakarta,2025-08-18,DKI Jakarta,2025-12-26,6.0,21.0,9334050.0,5.0,5.0,4.0,554.0,14.0,Champions,"Retain, VIP rewards, referral",High
CUST01825,Customer 1825,Male,Bandung,2025-06-13,Jawa Barat,2025-12-09,23.0,11.0,3354100.0,4.0,3.0,3.0,433.0,10.0,Potential Loyalists,Encourage repeat purchase,Medium
CUST01826,Customer 1826,Male,Semarang,2023-04-07,Jawa Tengah,2025-04-16,260.0,4.0,7772800.0,1.0,2.0,4.0,124.0,7.0,Needs Attention,Personalized engagement,Medium
CUST01827,Customer 1827,Female,Depok,2024-05-27,Jawa Barat,2025-08-11,143.0,2.0,699750.0,2.0,1.0,1.0,211.0,4.0,Hibernating,Low-cost re-engagement,Low
CUST01828,Customer 1828,Female,Jakarta,2023-08-04,DKI Jakarta,2025-11-29,33.0,22.0,8270000.0,4.0,5.0,4.0,454.0,13.0,Champions,"Retain, VIP rewards, referral",High
CUST01829,Customer 1829,Female,Surabaya,2023-05-05,Jawa Timur,2025-11-16,46.0,13.0,12009350.0,3.0,4.0,5.0,345.0,12.0,Loyal Customers,"Cross-sell, upsell, loyalty rewards",High
CUST01830,Customer 1830,Male,Jakarta,2023-02-28,DKI Jakarta,2025-11-01,61.0,32.0,18345150.0,3.0,5.0,5.0,355.0,13.0,Loyal Customers,"Cross-sell, upsell, loyalty rewards",High
CUST01831,Customer 1831,Female,Surabaya,2023-06-10,Jawa Timur,,,0.0,0.0,,,,,,Never Purchased,First-purchase conversion,Medium
CUST01832,Customer 1832,Male,Tangerang,2023-10-11,Banten,2025-11-27,35.0,20.0,6714400.0,3.0,4.0,4.0,344.0,11.0,Loyal Customers,"Cross-sell, upsell, loyalty rewards",High
CUST01833,Customer 1833,Female,Jakarta,2023-04-16,DKI Jakarta,2025-12-29,3.0,13.0,5442300.0,5.0,4.0,3.0,543.0,12.0,Loyal Customers,"Cross-sell, upsell, loyalty rewards",High
CUST01834,Customer 1834,Male,Bandung,2023-08-16,Jawa Barat,2025-11-11,51.0,3.0,889550.0,3.0,1.0,1.0,311.0,5.0,Needs Attention,Personalized engagement,Medium
CUST01835,Customer 1835,Female,Bandung,2023-11-14,Jawa Barat,2025-12-27,5.0,19.0,4205100.0,5.0,4.0,3.0,543.0,12.0,Loyal Customers,"Cross-sell, upsell, loyalty rewards",High
CUST01836,Customer 1836,Female,Medan,2025-03-12,Sumatera Utara,2025-09-01,122.0,7.0,5679100.0,2.0,3.0,3.0,233.0,8.0,At Risk,Win-back and reactivation,High
CUST01837,Customer 1837,Female,Makassar,2025-05-23,Sulawesi Selatan,2025-11-22,40.0,7.0,1728250.0,3.0,3.0,2.0,332.0,8.0,Needs Attention,Personalized engagement,Medium
CUST01838,Customer 1838,Female,Jakarta,2024-04-16,DKI Jakarta,2025-12-31,1.0,31.0,10763450.0,5.0,5.0,5.0,555.0,15.0,Champions,"Retain, VIP rewards, referral",High
CUST01839,Customer 1839,Female,Depok,2025-12-15,Jawa Barat,2025-12-23,9.0,38.0,23051450.0,5.0,5.0,5.0,555.0,15.0,Champions,"Retain, VIP rewards, referral",High
CUST01840,Customer 1840,Male,Bandung,2024-09-16,Jawa Barat,2025-12-22,10.0,45.0,9625900.0,5.0,5.0,4.0,554.0,14.0,Champions,"Retain, VIP rewards, referral",High
CUST01841,Customer 1841,Female,Bandung,2023-01-13,Jawa Barat,2025-05-03,243.0,1.0,210600.0,1.0,1.0,1.0,111.0,3.0,Hibernating,Low-cost re-engagement,Low
CUST01842,Customer 1842,Female,Depok,2025-11-07,Jawa Barat,2025-11-24,38.0,22.0,13312950.0,3.0,5.0,5.0,355.0,13.0,Loyal Customers,"Cross-sell, upsell, loyalty rewards",High
CUST01843,Customer 1843,Female,Medan,2024-11-24,Sumatera Utara,2024-09-27,461.0,1.0,106500.0,1.0,1.0,1.0,111.0,3.0,Hibernating,Low-cost re-engagement,Low
CUST01844,Customer 1844,Male,Makassar,2025-08-30,Sulawesi Selatan,2025-05-01,245.0,4.0,1153950.0,1.0,2.0,1.0,121.0,4.0,Hibernating,Low-cost re-engagement,Low
CUST01845,Customer 1845,Female,Bekasi,2023-04-23,Jawa Barat,2025-12-31,1.0,4.0,1965600.0,5.0,2.0,2.0,522.0,9.0,Potential Loyalists,Encourage repeat purchase,Medium
CUST01846,Customer 1846,Male,Bandung,2023-08-17,Jawa Barat,2025-12-23,9.0,12.0,9922650.0,5.0,4.0,4.0,544.0,13.0,Champions,"Retain, VIP rewards, referral",High
CUST01847,Customer 1847,Female,Depok,2023-06-20,Jawa Barat,2025-08-10,144.0,18.0,4515900.0,2.0,4.0,3.0,243.0,9.0,At Risk,Win-back and reactivation,High
CUST01848,Customer 1848,Female,Jakarta,2023-10-22,DKI Jakarta,2025-11-02,60.0,3.0,800800.0,3.0,1.0,1.0,311.0,5.0,Needs Attention,Personalized engagement,Medium
CUST01849,Customer 1849,Male,Bekasi,2023-07-08,Jawa Barat,2025-10-12,81.0,1.0,739200.0,2.0,1.0,1.0,211.0,4.0,Hibernating,Low-cost re-engagement,Low
CUST01850,Customer 1850,Female,Bandung,2024-03-01,Jawa Barat,2025-10-16,77.0,6.0,6581400.0,2.0,2.0,4.0,224.0,8.0,Needs Attention,Personalized engagement,Medium
CUST01851,Customer 1851,Male,Tangerang,2025-09-03,Banten,2025-12-21,11.0,32.0,15194500.0,5.0,5.0,5.0,555.0,15.0,Champions,"Retain, VIP rewards, referral",High
CUST01852,Customer 1852,Male,Jakarta,2024-10-19,DKI Jakarta,2025-10-25,68.0,19.0,4528900.0,3.0,4.0,3.0,343.0,10.0,Loyal Customers,"Cross-sell, upsell, loyalty rewards",High
CUST01853,Customer 1853,Female,Jakarta,2025-07-07,DKI Jakarta,2025-04-11,265.0,2.0,609800.0,1.0,1.0,1.0,111.0,3.0,Hibernating,Low-cost re-engagement,Low
CUST01854,Customer 1854,Male,Medan,2024-05-13,Sumatera Utara,2025-12-18,14.0,7.0,3152100.0,4.0,3.0,3.0,433.0,10.0,Potential Loyalists,Encourage repeat purchase,Medium
CUST01855,Customer 1855,Female,Jakarta,2025-01-31,DKI Jakarta,2025-08-11,143.0,6.0,3132650.0,2.0,2.0,3.0,223.0,7.0,Needs Attention,Personalized engagement,Medium
CUST01856,Customer 1856,Female,Surabaya,2025-05-15,Jawa Timur,2025-12-07,25.0,56.0,40596000.0,4.0,5.0,5.0,455.0,14.0,Champions,"Retain, VIP rewards, referral",High
CUST01857,Customer 1857,Male,Jakarta,2025-04-05,DKI Jakarta,2025-12-07,25.0,7.0,2811750.0,4.0,3.0,2.0,432.0,9.0,Potential Loyalists,Encourage repeat purchase,Medium
CUST01858,Customer 1858,Male,Jakarta,2023-03-12,DKI Jakarta,2025-12-21,11.0,9.0,3420700.0,5.0,3.0,3.0,533.0,11.0,Potential Loyalists,Encourage repeat purchase,Medium
CUST01859,Customer 1859,Male,Jakarta,2023-09-05,DKI Jakarta,2025-12-23,9.0,41.0,22080400.0,5.0,5.0,5.0,555.0,15.0,Champions,"Retain, VIP rewards, referral",High
CUST01860,Customer 1860,Male,Jakarta,2023-05-26,DKI Jakarta,2025-12-29,3.0,21.0,12266150.0,5.0,5.0,5.0,555.0,15.0,Champions,"Retain, VIP rewards, referral",High
CUST01861,Customer 1861,Female,Yogyakarta,2024-08-04,DI Yogyakarta,2025-12-13,19.0,11.0,20662050.0,4.0,3.0,5.0,435.0,12.0,Potential Loyalists,Encourage repeat purchase,Medium
CUST01862,Customer 1862,Female,Bandung,2024-04-14,Jawa Barat,2024-08-26,493.0,1.0,106200.0,1.0,1.0,1.0,111.0,3.0,Hibernating,Low-cost re-engagement,Low
CUST01863,Customer 1863,Male,Makassar,2023-07-12,Sulawesi Selatan,2025-12-11,21.0,21.0,11492600.0,4.0,5.0,5.0,455.0,14.0,Champions,"Retain, VIP rewards, referral",High
CUST01864,Customer 1864,Female,Bekasi,2025-12-27,Jawa Barat,2025-04-06,270.0,3.0,397100.0,1.0,1.0,1.0,111.0,3.0,Hibernating,Low-cost re-engagement,Low
CUST01865,Customer 1865,Female,Surabaya,2024-05-08,Jawa Timur,2025-11-26,36.0,7.0,5557600.0,3.0,3.0,3.0,333.0,9.0,Needs Attention,Personalized engagement,Medium
CUST01866,Customer 1866,Female,Bekasi,2023-02-21,Jawa Barat,2025-10-24,69.0,14.0,3977300.0,3.0,4.0,3.0,343.0,10.0,Loyal Customers,"Cross-sell, upsell, loyalty rewards",High
CUST01867,Customer 1867,Female,Surabaya,2025-05-31,Jawa Timur,2025-11-03,59.0,1.0,136800.0,3.0,1.0,1.0,311.0,5.0,Needs Attention,Personalized engagement,Medium
CUST01868,Customer 1868,Male,Depok,2023-12-29,Jawa Barat,2025-11-07,55.0,10.0,4970800.0,3.0,3.0,3.0,333.0,9.0,Needs Attention,Personalized engagement,Medium
CUST01869,Customer 1869,Male,Bandung,2025-07-05,Jawa Barat,2025-10-28,65.0,18.0,15977200.0,3.0,4.0,5.0,345.0,12.0,Loyal Customers,"Cross-sell, upsell, loyalty rewards",High
CUST01870,Customer 1870,Female,Bandung,2024-04-18,Jawa Barat,2025-11-24,38.0,16.0,4734200.0,3.0,4.0,3.0,343.0,10.0,Loyal Customers,"Cross-sell, upsell, loyalty rewards",High
CUST01871,Customer 1871,Male,Yogyakarta,2024-06-04,DI Yogyakarta,2025-12-17,15.0,23.0,9938850.0,4.0,5.0,4.0,454.0,13.0,Champions,"Retain, VIP rewards, referral",High
CUST01872,Customer 1872,Male,Medan,2024-11-21,Sumatera Utara,2025-07-20,165.0,4.0,1123000.0,1.0,2.0,1.0,121.0,4.0,Hibernating,Low-cost re-engagement,Low
CUST01873,Customer 1873,Male,Yogyakarta,2024-06-15,DI Yogyakarta,2025-08-13,141.0,4.0,2226250.0,2.0,2.0,2.0,222.0,6.0,Hibernating,Low-cost re-engagement,Low
CUST01874,Customer 1874,Female,Bandung,2025-04-19,Jawa Barat,2025-11-29,33.0,5.0,2285800.0,4.0,2.0,2.0,422.0,8.0,Potential Loyalists,Encourage repeat purchase,Medium
CUST01875,Customer 1875,Female,Depok,2025-12-24,Jawa Barat,2025-11-15,47.0,41.0,18433050.0,3.0,5.0,5.0,355.0,13.0,Loyal Customers,"Cross-sell, upsell, loyalty rewards",High
CUST01876,Customer 1876,Female,Surabaya,2023-08-29,Jawa Timur,2025-11-14,48.0,7.0,3506550.0,3.0,3.0,3.0,333.0,9.0,Needs Attention,Personalized engagement,Medium
CUST01877,Customer 1877,Male,Surabaya,2024-06-19,Jawa Timur,2025-12-24,8.0,30.0,17358450.0,5.0,5.0,5.0,555.0,15.0,Champions,"Retain, VIP rewards, referral",High
CUST01878,Customer 1878,Female,Jakarta,2023-03-24,DKI Jakarta,2025-12-22,10.0,23.0,7317750.0,5.0,5.0,4.0,554.0,14.0,Champions,"Retain, VIP rewards, referral",High
CUST01879,Customer 1879,Female,Bekasi,2025-09-08,Jawa Barat,2025-12-29,3.0,53.0,24251500.0,5.0,5.0,5.0,555.0,15.0,Champions,"Retain, VIP rewards, referral",High
CUST01880,Customer 1880,Male,Jakarta,2025-08-08,DKI Jakarta,,,0.0,0.0,,,,,,Never Purchased,First-purchase conversion,Medium
CUST01881,Customer 1881,Female,Bandung,2024-09-02,Jawa Barat,2025-09-26,97.0,14.0,17640650.0,2.0,4.0,5.0,245.0,11.0,At Risk,Win-back and reactivation,High
CUST01882,Customer 1882,Female,Yogyakarta,2024-07-27,DI Yogyakarta,2025-12-07,25.0,9.0,3002100.0,4.0,3.0,2.0,432.0,9.0,Potential Loyalists,Encourage repeat purchase,Medium
CUST01883,Customer 1883,Male,Jakarta,2023-10-13,DKI Jakarta,2025-11-07,55.0,6.0,1497300.0,3.0,2.0,2.0,322.0,7.0,Needs Attention,Personalized engagement,Medium
CUST01884,Customer 1884,Male,Jakarta,2025-09-15,DKI Jakarta,2025-12-20,12.0,24.0,7012800.0,5.0,5.0,4.0,554.0,14.0,Champions,"Retain, VIP rewards, referral",High
CUST01885,Customer 1885,Male,Jakarta,2024-04-03,DKI Jakarta,2025-05-29,217.0,4.0,514600.0,1.0,2.0,1.0,121.0,4.0,Hibernating,Low-cost re-engagement,Low
CUST01886,Customer 1886,Female,Medan,2023-05-06,Sumatera Utara,2025-09-08,115.0,6.0,1997950.0,2.0,2.0,2.0,222.0,6.0,Hibernating,Low-cost re-engagement,Low
CUST01887,Customer 1887,Female,Surabaya,2024-02-29,Jawa Timur,,,0.0,0.0,,,,,,Never Purchased,First-purchase conversion,Medium
CUST01888,Customer 1888,Female,Bandung,2024-07-07,Jawa Barat,2025-12-08,24.0,4.0,581500.0,4.0,2.0,1.0,421.0,7.0,Potential Loyalists,Encourage repeat purchase,Medium
CUST01889,Customer 1889,Male,Semarang,2024-09-01,Jawa Tengah,2025-12-06,26.0,25.0,10753700.0,4.0,5.0,5.0,455.0,14.0,Champions,"Retain, VIP rewards, referral",High
CUST01890,Customer 1890,Male,Semarang,2023-04-22,Jawa Tengah,2025-12-16,16.0,19.0,5201500.0,4.0,4.0,3.0,443.0,11.0,Loyal Customers,"Cross-sell, upsell, loyalty rewards",High
CUST01891,Customer 1891,Female,Bandung,2024-02-06,Jawa Barat,2025-11-27,35.0,12.0,4817200.0,3.0,4.0,3.0,343.0,10.0,Loyal Customers,"Cross-sell, upsell, loyalty rewards",High
CUST01892,Customer 1892,Female,Tangerang,2023-05-02,Banten,2025-10-29,64.0,21.0,7039900.0,3.0,5.0,4.0,354.0,12.0,Loyal Customers,"Cross-sell, upsell, loyalty rewards",High
CUST01893,Customer 1893,Male,Depok,2023-09-30,Jawa Barat,2025-12-26,6.0,5.0,4029950.0,5.0,2.0,3.0,523.0,10.0,Potential Loyalists,Encourage repeat purchase,Medium
CUST01894,Customer 1894,Male,Tangerang,2024-02-02,Banten,2025-12-27,5.0,34.0,12700750.0,5.0,5.0,5.0,555.0,15.0,Champions,"Retain, VIP rewards, referral",High
CUST01895,Customer 1895,Male,Jakarta,2024-04-15,DKI Jakarta,2024-12-26,371.0,3.0,734750.0,1.0,1.0,1.0,111.0,3.0,Hibernating,Low-cost re-engagement,Low
CUST01896,Customer 1896,Male,Yogyakarta,2025-09-11,DI Yogyakarta,2025-10-16,77.0,10.0,10960900.0,2.0,3.0,5.0,235.0,10.0,At Risk,Win-back and reactivation,High
CUST01897,Customer 1897,Female,Surabaya,2024-07-22,Jawa Timur,2025-10-25,68.0,10.0,2550700.0,3.0,3.0,2.0,332.0,8.0,Needs Attention,Personalized engagement,Medium
CUST01898,Customer 1898,Male,Bandung,2025-06-15,Jawa Barat,2025-12-14,18.0,24.0,7851200.0,4.0,5.0,4.0,454.0,13.0,Champions,"Retain, VIP rewards, referral",High
CUST01899,Customer 1899,Female,Surabaya,2025-03-30,Jawa Timur,2025-12-28,4.0,4.0,3442000.0,5.0,2.0,3.0,523.0,10.0,Potential Loyalists,Encourage repeat purchase,Medium
CUST01900,Customer 1900,Female,Jakarta,2025-05-02,DKI Jakarta,2025-10-06,87.0,8.0,1496900.0,2.0,3.0,2.0,232.0,7.0,At Risk,Win-back and reactivation,High
CUST01901,Customer 1901,Female,Jakarta,2024-12-10,DKI Jakarta,2025-01-26,340.0,2.0,1171250.0,1.0,1.0,1.0,111.0,3.0,Hibernating,Low-cost re-engagement,Low
CUST01902,Customer 1902,Male,Depok,2023-11-17,Jawa Barat,2025-12-17,15.0,33.0,13963900.0,4.0,5.0,5.0,455.0,14.0,Champions,"Retain, VIP rewards, referral",High
CUST01903,Customer 1903,Male,Jakarta,2023-06-28,DKI Jakarta,2025-11-28,34.0,20.0,11762550.0,3.0,4.0,5.0,345.0,12.0,Loyal Customers,"Cross-sell, upsell, loyalty rewards",High
CUST01904,Customer 1904,Male,Bandung,2025-06-15,Jawa Barat,2025-11-28,34.0,18.0,12105500.0,3.0,4.0,5.0,345.0,12.0,Loyal Customers,"Cross-sell, upsell, loyalty rewards",High
CUST01905,Customer 1905,Male,Surabaya,2023-08-07,Jawa Timur,2025-12-13,19.0,16.0,6038100.0,4.0,4.0,4.0,444.0,12.0,Champions,"Retain, VIP rewards, referral",High
CUST01906,Customer 1906,Female,Jakarta,2025-02-27,DKI Jakarta,2024-09-13,475.0,1.0,357000.0,1.0,1.0,1.0,111.0,3.0,Hibernating,Low-cost re-engagement,Low
CUST01907,Customer 1907,Male,Makassar,2024-05-06,Sulawesi Selatan,2025-12-24,8.0,18.0,11165500.0,5.0,4.0,5.0,545.0,14.0,Champions,"Retain, VIP rewards, referral",High
CUST01908,Customer 1908,Male,Jakarta,2023-03-02,DKI Jakarta,2025-11-04,58.0,6.0,2235800.0,3.0,2.0,2.0,322.0,7.0,Needs Attention,Personalized engagement,Medium
CUST01909,Customer 1909,Female,Bandung,2025-12-13,Jawa Barat,2025-10-12,81.0,3.0,287000.0,2.0,1.0,1.0,211.0,4.0,Hibernating,Low-cost re-engagement,Low
CUST01910,Customer 1910,Male,Bandung,2024-06-21,Jawa Barat,,,0.0,0.0,,,,,,Never Purchased,First-purchase conversion,Medium
CUST01911,Customer 1911,Female,Jakarta,2025-04-27,DKI Jakarta,2025-11-20,42.0,10.0,8944650.0,3.0,3.0,4.0,334.0,10.0,Needs Attention,Personalized engagement,Medium
CUST01912,Customer 1912,Female,Jakarta,2025-09-14,DKI Jakarta,2025-11-02,60.0,11.0,3455300.0,3.0,3.0,3.0,333.0,9.0,Needs Attention,Personalized engagement,Medium
CUST01913,Customer 1913,Female,Depok,2023-03-06,Jawa Barat,,,0.0,0.0,,,,,,Never Purchased,First-purchase conversion,Medium
CUST01914,Customer 1914,Female,Makassar,2024-08-08,Sulawesi Selatan,2025-11-27,35.0,17.0,16943950.0,3.0,4.0,5.0,345.0,12.0,Loyal Customers,"Cross-sell, upsell, loyalty rewards",High
CUST01915,Customer 1915,Female,Jakarta,2023-06-20,DKI Jakarta,2025-12-23,9.0,20.0,11245650.0,5.0,4.0,5.0,545.0,14.0,Champions,"Retain, VIP rewards, referral",High
CUST01916,Customer 1916,Female,Tangerang,2024-06-18,Banten,2025-12-19,13.0,19.0,10009350.0,4.0,4.0,4.0,444.0,12.0,Champions,"Retain, VIP rewards, referral",High
CUST01917,Customer 1917,Female,Depok,2024-11-23,Jawa Barat,2025-11-08,54.0,15.0,5606200.0,3.0,4.0,3.0,343.0,10.0,Loyal Customers,"Cross-sell, upsell, loyalty rewards",High
CUST01918,Customer 1918,Female,Semarang,2023-04-18,Jawa Tengah,2025-07-09,176.0,10.0,6810850.0,1.0,3.0,4.0,134.0,8.0,At Risk,Win-back and reactivation,High
CUST01919,Customer 1919,Male,Surabaya,2025-03-24,Jawa Timur,2025-11-29,33.0,17.0,6776350.0,4.0,4.0,4.0,444.0,12.0,Champions,"Retain, VIP rewards, referral",High
CUST01920,Customer 1920,Male,Bandung,2025-10-01,Jawa Barat,2025-10-29,64.0,9.0,8803100.0,3.0,3.0,4.0,334.0,10.0,Needs Attention,Personalized engagement,Medium
CUST01921,Customer 1921,Male,Bandung,2024-03-27,Jawa Barat,2025-11-12,50.0,2.0,341050.0,3.0,1.0,1.0,311.0,5.0,Needs Attention,Personalized engagement,Medium
CUST01922,Customer 1922,Male,Tangerang,2024-08-12,Banten,2024-11-02,425.0,6.0,1260100.0,1.0,2.0,2.0,122.0,5.0,Hibernating,Low-cost re-engagement,Low
CUST01923,Customer 1923,Female,Semarang,2025-11-05,Jawa Tengah,2025-12-09,23.0,14.0,3996300.0,4.0,4.0,3.0,443.0,11.0,Loyal Customers,"Cross-sell, upsell, loyalty rewards",High
CUST01924,Customer 1924,Male,Jakarta,2023-11-23,DKI Jakarta,2025-11-10,52.0,7.0,1989700.0,3.0,3.0,2.0,332.0,8.0,Needs Attention,Personalized engagement,Medium
CUST01925,Customer 1925,Female,Bandung,2024-08-30,Jawa Barat,2025-04-09,267.0,4.0,901750.0,1.0,2.0,1.0,121.0,4.0,Hibernating,Low-cost re-engagement,Low
CUST01926,Customer 1926,Male,Medan,2024-10-20,Sumatera Utara,2025-07-02,183.0,4.0,9910100.0,1.0,2.0,4.0,124.0,7.0,Needs Attention,Personalized engagement,Medium
CUST01927,Customer 1927,Male,Semarang,2023-01-02,Jawa Tengah,2025-12-04,28.0,6.0,3167750.0,4.0,2.0,3.0,423.0,9.0,Potential Loyalists,Encourage repeat purchase,Medium
CUST01928,Customer 1928,Male,Makassar,2025-10-30,Sulawesi Selatan,2025-11-17,45.0,11.0,11946750.0,3.0,3.0,5.0,335.0,11.0,Needs Attention,Personalized engagement,Medium
CUST01929,Customer 1929,Female,Depok,2024-03-09,Jawa Barat,2025-09-26,97.0,24.0,11007750.0,2.0,5.0,5.0,255.0,12.0,At Risk,Win-back and reactivation,High
CUST01930,Customer 1930,Male,Bandung,2023-05-05,Jawa Barat,2025-12-25,7.0,30.0,11892700.0,5.0,5.0,5.0,555.0,15.0,Champions,"Retain, VIP rewards, referral",High
CUST01931,Customer 1931,Female,Bekasi,2024-04-29,Jawa Barat,2025-12-23,9.0,48.0,26217400.0,5.0,5.0,5.0,555.0,15.0,Champions,"Retain, VIP rewards, referral",High
CUST01932,Customer 1932,Female,Tangerang,2024-10-13,Banten,2025-12-13,19.0,5.0,6458750.0,4.0,2.0,4.0,424.0,10.0,Potential Loyalists,Encourage repeat purchase,Medium
CUST01933,Customer 1933,Male,Jakarta,2025-03-10,DKI Jakarta,,,0.0,0.0,,,,,,Never Purchased,First-purchase conversion,Medium
CUST01934,Customer 1934,Male,Bekasi,2025-05-22,Jawa Barat,2025-11-21,41.0,4.0,5021600.0,3.0,2.0,3.0,323.0,8.0,Needs Attention,Personalized engagement,Medium
CUST01935,Customer 1935,Male,Tangerang,2023-05-09,Banten,2025-12-16,16.0,16.0,7686450.0,4.0,4.0,4.0,444.0,12.0,Champions,"Retain, VIP rewards, referral",High
CUST01936,Customer 1936,Female,Jakarta,2024-03-13,DKI Jakarta,2025-12-20,12.0,12.0,5694300.0,5.0,4.0,3.0,543.0,12.0,Loyal Customers,"Cross-sell, upsell, loyalty rewards",High
CUST01937,Customer 1937,Male,Depok,2025-01-20,Jawa Barat,2025-12-18,14.0,68.0,35537000.0,4.0,5.0,5.0,455.0,14.0,Champions,"Retain, VIP rewards, referral",High
CUST01938,Customer 1938,Female,Bekasi,2024-05-15,Jawa Barat,2025-11-23,39.0,20.0,7344600.0,3.0,4.0,4.0,344.0,11.0,Loyal Customers,"Cross-sell, upsell, loyalty rewards",High
CUST01939,Customer 1939,Female,Makassar,2025-12-17,Sulawesi Selatan,2025-10-02,91.0,3.0,509700.0,2.0,1.0,1.0,211.0,4.0,Hibernating,Low-cost re-engagement,Low
CUST01940,Customer 1940,Male,Jakarta,2023-07-30,DKI Jakarta,2025-12-22,10.0,35.0,18186000.0,5.0,5.0,5.0,555.0,15.0,Champions,"Retain, VIP rewards, referral",High
CUST01941,Customer 1941,Male,Jakarta,2025-06-20,DKI Jakarta,2025-07-26,159.0,1.0,124200.0,1.0,1.0,1.0,111.0,3.0,Hibernating,Low-cost re-engagement,Low
CUST01942,Customer 1942,Female,Bekasi,2023-02-14,Jawa Barat,2025-02-09,326.0,4.0,3093200.0,1.0,2.0,3.0,123.0,6.0,Needs Attention,Personalized engagement,Medium
CUST01943,Customer 1943,Female,Bandung,2024-06-18,Jawa Barat,2025-09-25,98.0,2.0,367200.0,2.0,1.0,1.0,211.0,4.0,Hibernating,Low-cost re-engagement,Low
CUST01944,Customer 1944,Female,Tangerang,2024-04-05,Banten,2025-11-29,33.0,25.0,13089200.0,4.0,5.0,5.0,455.0,14.0,Champions,"Retain, VIP rewards, referral",High
CUST01945,Customer 1945,Male,Depok,2024-01-26,Jawa Barat,2025-08-12,142.0,12.0,7291300.0,2.0,4.0,4.0,244.0,10.0,At Risk,Win-back and reactivation,High
CUST01946,Customer 1946,Female,Jakarta,2025-12-03,DKI Jakarta,2025-11-08,54.0,9.0,3607650.0,3.0,3.0,3.0,333.0,9.0,Needs Attention,Personalized engagement,Medium
CUST01947,Customer 1947,Male,Surabaya,2023-01-27,Jawa Timur,2025-12-06,26.0,2.0,442400.0,4.0,1.0,1.0,411.0,6.0,Needs Attention,Personalized engagement,Medium
CUST01948,Customer 1948,Female,Surabaya,2025-03-04,Jawa Timur,2025-12-16,16.0,11.0,5239450.0,4.0,3.0,3.0,433.0,10.0,Potential Loyalists,Encourage repeat purchase,Medium
CUST01949,Customer 1949,Female,Bandung,2025-09-01,Jawa Barat,2025-12-09,23.0,68.0,35547800.0,4.0,5.0,5.0,455.0,14.0,Champions,"Retain, VIP rewards, referral",High
CUST01950,Customer 1950,Male,Medan,2024-07-01,Sumatera Utara,2025-10-01,92.0,7.0,4629500.0,2.0,3.0,3.0,233.0,8.0,At Risk,Win-back and reactivation,High
CUST01951,Customer 1951,Female,Semarang,2024-09-12,Jawa Tengah,2024-08-24,495.0,1.0,261000.0,1.0,1.0,1.0,111.0,3.0,Hibernating,Low-cost re-engagement,Low
CUST01952,Customer 1952,Male,Tangerang,2024-07-20,Banten,2025-11-20,42.0,15.0,3722200.0,3.0,4.0,3.0,343.0,10.0,Loyal Customers,"Cross-sell, upsell, loyalty rewards",High
CUST01953,Customer 1953,Male,Tangerang,2024-12-04,Banten,2025-12-07,25.0,22.0,7783300.0,4.0,5.0,4.0,454.0,13.0,Champions,"Retain, VIP rewards, referral",High
CUST01954,Customer 1954,Female,Surabaya,2023-07-04,Jawa Timur,2025-08-21,133.0,9.0,4363400.0,2.0,3.0,3.0,233.0,8.0,At Risk,Win-back and reactivation,High
CUST01955,Customer 1955,Male,Medan,2025-12-28,Sumatera Utara,2024-10-07,451.0,1.0,666000.0,1.0,1.0,1.0,111.0,3.0,Hibernating,Low-cost re-engagement,Low
CUST01956,Customer 1956,Male,Tangerang,2025-04-27,Banten,2025-06-21,194.0,5.0,8086950.0,1.0,2.0,4.0,124.0,7.0,Needs Attention,Personalized engagement,Medium
CUST01957,Customer 1957,Female,Depok,2024-08-21,Jawa Barat,2025-12-21,11.0,9.0,11274050.0,5.0,3.0,5.0,535.0,13.0,Potential Loyalists,Encourage repeat purchase,Medium
CUST01958,Customer 1958,Male,Yogyakarta,2025-03-16,DI Yogyakarta,2025-09-01,122.0,7.0,5524000.0,2.0,3.0,3.0,233.0,8.0,At Risk,Win-back and reactivation,High
CUST01959,Customer 1959,Male,Jakarta,2023-03-20,DKI Jakarta,2025-07-24,161.0,3.0,3673700.0,1.0,1.0,3.0,113.0,5.0,Needs Attention,Personalized engagement,Medium
CUST01960,Customer 1960,Male,Semarang,2024-08-01,Jawa Tengah,,,0.0,0.0,,,,,,Never Purchased,First-purchase conversion,Medium
CUST01961,Customer 1961,Female,Jakarta,2024-02-17,DKI Jakarta,2025-11-04,58.0,9.0,3418550.0,3.0,3.0,3.0,333.0,9.0,Needs Attention,Personalized engagement,Medium
CUST01962,Customer 1962,Male,Bandung,2024-06-29,Jawa Barat,2025-12-27,5.0,14.0,4957300.0,5.0,4.0,3.0,543.0,12.0,Loyal Customers,"Cross-sell, upsell, loyalty rewards",High
CUST01963,Customer 1963,Female,Bandung,2023-06-18,Jawa Barat,2025-12-18,14.0,5.0,2620250.0,4.0,2.0,2.0,422.0,8.0,Potential Loyalists,Encourage repeat purchase,Medium
CUST01964,Customer 1964,Female,Makassar,2024-11-11,Sulawesi Selatan,2025-12-23,9.0,30.0,15632600.0,5.0,5.0,5.0,555.0,15.0,Champions,"Retain, VIP rewards, referral",High
CUST01965,Customer 1965,Male,Yogyakarta,2024-08-05,DI Yogyakarta,2025-12-03,29.0,5.0,1376400.0,4.0,2.0,2.0,422.0,8.0,Potential Loyalists,Encourage repeat purchase,Medium
CUST01966,Customer 1966,Male,Tangerang,2024-05-29,Banten,2025-12-15,17.0,23.0,5739950.0,4.0,5.0,4.0,454.0,13.0,Champions,"Retain, VIP rewards, referral",High
CUST01967,Customer 1967,Male,Depok,2023-02-01,Jawa Barat,2025-12-13,19.0,22.0,5257350.0,4.0,5.0,3.0,453.0,12.0,Loyal Customers,"Cross-sell, upsell, loyalty rewards",High
CUST01968,Customer 1968,Female,Bekasi,2023-10-14,Jawa Barat,2025-10-10,83.0,2.0,1087300.0,2.0,1.0,1.0,211.0,4.0,Hibernating,Low-cost re-engagement,Low
CUST01969,Customer 1969,Male,Medan,2024-08-16,Sumatera Utara,2025-10-19,74.0,43.0,16208100.0,2.0,5.0,5.0,255.0,12.0,At Risk,Win-back and reactivation,High
CUST01970,Customer 1970,Male,Bandung,2025-12-02,Jawa Barat,2025-12-20,12.0,16.0,7285050.0,5.0,4.0,4.0,544.0,13.0,Champions,"Retain, VIP rewards, referral",High
CUST01971,Customer 1971,Male,Bandung,2024-09-08,Jawa Barat,2025-09-17,106.0,26.0,10455700.0,2.0,5.0,4.0,254.0,11.0,At Risk,Win-back and reactivation,High
CUST01972,Customer 1972,Male,Jakarta,2025-10-21,DKI Jakarta,2025-11-07,55.0,17.0,4680050.0,3.0,4.0,3.0,343.0,10.0,Loyal Customers,"Cross-sell, upsell, loyalty rewards",High
CUST01973,Customer 1973,Male,Depok,2023-09-27,Jawa Barat,2025-10-09,84.0,3.0,868500.0,2.0,1.0,1.0,211.0,4.0,Hibernating,Low-cost re-engagement,Low
CUST01974,Customer 1974,Female,Depok,2024-06-01,Jawa Barat,2025-12-08,24.0,37.0,14923050.0,4.0,5.0,5.0,455.0,14.0,Champions,"Retain, VIP rewards, referral",High
CUST01975,Customer 1975,Female,Bandung,2025-10-30,Jawa Barat,2025-12-12,20.0,18.0,4958550.0,4.0,4.0,3.0,443.0,11.0,Loyal Customers,"Cross-sell, upsell, loyalty rewards",High
CUST01976,Customer 1976,Male,Jakarta,2024-08-05,DKI Jakarta,2025-07-30,155.0,9.0,2743550.0,2.0,3.0,2.0,232.0,7.0,At Risk,Win-back and reactivation,High
CUST01977,Customer 1977,Male,Semarang,2023-08-14,Jawa Tengah,2025-11-30,32.0,21.0,12986700.0,4.0,5.0,5.0,455.0,14.0,Champions,"Retain, VIP rewards, referral",High
CUST01978,Customer 1978,Male,Jakarta,2024-10-31,DKI Jakarta,2025-12-19,13.0,37.0,18570750.0,4.0,5.0,5.0,455.0,14.0,Champions,"Retain, VIP rewards, referral",High
CUST01979,Customer 1979,Male,Tangerang,2025-07-05,Banten,2025-12-28,4.0,28.0,9856500.0,5.0,5.0,4.0,554.0,14.0,Champions,"Retain, VIP rewards, referral",High
CUST01980,Customer 1980,Female,Makassar,2023-05-06,Sulawesi Selatan,2025-09-30,93.0,6.0,4664950.0,2.0,2.0,3.0,223.0,7.0,Needs Attention,Personalized engagement,Medium
CUST01981,Customer 1981,Male,Surabaya,2025-08-13,Jawa Timur,2025-01-01,365.0,3.0,1997400.0,1.0,1.0,2.0,112.0,4.0,Hibernating,Low-cost re-engagement,Low
CUST01982,Customer 1982,Female,Jakarta,2023-03-15,DKI Jakarta,2025-11-18,44.0,13.0,2875350.0,3.0,4.0,2.0,342.0,9.0,Loyal Customers,"Cross-sell, upsell, loyalty rewards",High
CUST01983,Customer 1983,Female,Tangerang,2023-02-25,Banten,2025-10-12,81.0,15.0,3280550.0,2.0,4.0,3.0,243.0,9.0,At Risk,Win-back and reactivation,High
CUST01984,Customer 1984,Male,Semarang,2024-12-20,Jawa Tengah,2025-11-16,46.0,3.0,394000.0,3.0,1.0,1.0,311.0,5.0,Needs Attention,Personalized engagement,Medium
CUST01985,Customer 1985,Female,Bekasi,2024-07-06,Jawa Barat,2025-12-11,21.0,11.0,3464950.0,4.0,3.0,3.0,433.0,10.0,Potential Loyalists,Encourage repeat purchase,Medium
CUST01986,Customer 1986,Female,Makassar,2023-02-01,Sulawesi Selatan,2025-12-23,9.0,16.0,9689300.0,5.0,4.0,4.0,544.0,13.0,Champions,"Retain, VIP rewards, referral",High
CUST01987,Customer 1987,Female,Jakarta,2024-07-27,DKI Jakarta,2025-08-26,128.0,9.0,1811200.0,2.0,3.0,2.0,232.0,7.0,At Risk,Win-back and reactivation,High
CUST01988,Customer 1988,Female,Surabaya,2024-10-28,Jawa Timur,2025-11-13,49.0,13.0,9399350.0,3.0,4.0,4.0,344.0,11.0,Loyal Customers,"Cross-sell, upsell, loyalty rewards",High
CUST01989,Customer 1989,Male,Tangerang,2023-10-11,Banten,2025-11-14,48.0,5.0,1347950.0,3.0,2.0,2.0,322.0,7.0,Needs Attention,Personalized engagement,Medium
CUST01990,Customer 1990,Male,Yogyakarta,2023-07-06,DI Yogyakarta,2025-12-20,12.0,6.0,5287150.0,5.0,2.0,3.0,523.0,10.0,Potential Loyalists,Encourage repeat purchase,Medium
CUST01991,Customer 1991,Female,Jakarta,2024-05-12,DKI Jakarta,2025-08-12,142.0,14.0,6790950.0,2.0,4.0,4.0,244.0,10.0,At Risk,Win-back and reactivation,High
CUST01992,Customer 1992,Male,Semarang,2023-05-10,Jawa Tengah,2025-10-30,63.0,5.0,3082500.0,3.0,2.0,3.0,323.0,8.0,Needs Attention,Personalized engagement,Medium
CUST01993,Customer 1993,Male,Bekasi,2024-09-30,Jawa Barat,2025-10-07,86.0,9.0,4843400.0,2.0,3.0,3.0,233.0,8.0,At Risk,Win-back and reactivation,High
CUST01994,Customer 1994,Male,Bandung,2023-04-24,Jawa Barat,2025-12-23,9.0,2.0,1803000.0,5.0,1.0,2.0,512.0,8.0,New Customers,Welcome and second-purchase campaign,Medium
CUST01995,Customer 1995,Male,Jakarta,2023-01-13,DKI Jakarta,2025-12-12,20.0,38.0,16187700.0,4.0,5.0,5.0,455.0,14.0,Champions,"Retain, VIP rewards, referral",High
CUST01996,Customer 1996,Male,Yogyakarta,2024-03-19,DI Yogyakarta,2025-07-12,173.0,6.0,4294400.0,1.0,2.0,3.0,123.0,6.0,Needs Attention,Personalized engagement,Medium
CUST01997,Customer 1997,Female,Jakarta,2024-03-22,DKI Jakarta,2025-11-26,36.0,16.0,3834300.0,3.0,4.0,3.0,343.0,10.0,Loyal Customers,"Cross-sell, upsell, loyalty rewards",High
CUST01998,Customer 1998,Male,Bandung,2025-09-12,Jawa Barat,2025-12-04,28.0,40.0,15167000.0,4.0,5.0,5.0,455.0,14.0,Champions,"Retain, VIP rewards, referral",High
CUST01999,Customer 1999,Male,Bandung,2025-09-19,Jawa Barat,2025-09-18,105.0,15.0,4454850.0,2.0,4.0,3.0,243.0,9.0,At Risk,Win-back and reactivation,High
CUST02000,Customer 2000,Male,Yogyakarta,2024-12-15,DI Yogyakarta,2025-12-19,13.0,32.0,20015600.0,4.0,5.0,5.0,455.0,14.0,Champions,"Retain, VIP rewards, referral",High
