customer_id,customer_name,gender,city,registration_date,province
CUST00001,Customer 0001,Male,Jakarta,2025-06-01,DKI Jakarta
CUST00002,Customer 0002,Female,Bekasi,2023-11-09,Jawa Barat
CUST00003,Customer 0003,Male,Yogyakarta,2025-04-19,DI Yogyakarta
CUST00004,Customer 0004,Male,Depok,2024-06-02,Jawa Barat
CUST00005,Customer 0005,Male,Semarang,2024-01-10,Jawa Tengah
CUST00006,Customer 0006,Female,Tangerang,2024-03-26,Banten
CUST00007,Customer 0007,Male,Tangerang,2025-10-11,Banten
CUST00008,Customer 0008,Male,Semarang,2024-08-17,Jawa Tengah
CUST00009,Customer 0009,Male,Jakarta,2024-05-14,DKI Jakarta
CUST00010,Customer 0010,Female,Surabaya,2024-04-08,Jawa Timur
CUST00011,Customer 0011,Male,Jakarta,2023-04-23,DKI Jakarta
CUST00012,Customer 0012,Male,Makassar,2025-11-01,Sulawesi Selatan
CUST00013,Customer 0013,Male,Medan,2023-11-27,Sumatera Utara
CUST00014,Customer 0014,Male,Jakarta,2023-05-20,DKI Jakarta
CUST00015,Customer 0015,Female,Tangerang,2025-06-20,Banten
CUST00016,Customer 0016,Male,Medan,2024-05-31,Sumatera Utara
CUST00017,Customer 0017,Female,Jakarta,2024-07-22,DKI Jakarta
CUST00018,Customer 0018,Female,Bekasi,2025-04-25,Jawa Barat
CUST00019,Customer 0019,Female,Medan,2025-12-28,Sumatera Utara
CUST00020,Customer 0020,Male,Jakarta,2023-04-28,DKI Jakarta
CUST00021,Customer 0021,Female,Tangerang,2025-06-06,Banten
CUST00022,Customer 0022,Male,Bandung,2025-12-18,Jawa Barat
CUST00023,Customer 0023,Female,Medan,2025-11-22,Sumatera Utara
CUST00024,Customer 0024,Female,Makassar,2023-02-19,Sulawesi Selatan
CUST00025,Customer 0025,Female,Medan,2023-01-19,Sumatera Utara
CUST00026,Customer 0026,Female,Surabaya,2024-12-26,Jawa Timur
CUST00027,Customer 0027,Female,Yogyakarta,2023-07-16,DI Yogyakarta
CUST00028,Customer 0028,Female,Semarang,2024-07-12,Jawa Tengah
CUST00029,Customer 0029,Female,Bandung,2024-03-27,Jawa Barat
CUST00030,Customer 0030,Female,Semarang,2023-10-16,Jawa Tengah
CUST00031,Customer 0031,Male,Jakarta,2024-01-26,DKI Jakarta
CUST00032,Customer 0032,Male,Bekasi,2023-08-03,Jawa Barat
CUST00033,Customer 0033,Female,Jakarta,2023-08-03,DKI Jakarta
CUST00034,Customer 0034,Female,Jakarta,2023-05-08,DKI Jakarta
CUST00035,Customer 0035,Female,Jakarta,2025-01-29,DKI Jakarta
CUST00036,Customer 0036,Male,Tangerang,2024-02-08,Banten
CUST00037,Customer 0037,Female,Bandung,2025-11-18,Jawa Barat
CUST00038,Customer 0038,Male,Depok,2023-12-04,Jawa Barat
CUST00039,Customer 0039,Male,Jakarta,2025-04-10,DKI Jakarta
CUST00040,Customer 0040,Male,Bandung,2024-12-14,Jawa Barat
CUST00041,Customer 0041,Male,Surabaya,2023-12-27,Jawa Timur
CUST00042,Customer 0042,Male,Semarang,2024-07-22,Jawa Tengah
CUST00043,Customer 0043,Female,Bandung,2023-08-06,Jawa Barat
CUST00044,Customer 0044,Female,Bekasi,2023-07-21,Jawa Barat
CUST00045,Customer 0045,Female,Yogyakarta,2023-01-17,DI Yogyakarta
CUST00046,Customer 0046,Female,Bekasi,2023-11-18,Jawa Barat
CUST00047,Customer 0047,Female,Jakarta,2024-06-01,DKI Jakarta
CUST00048,Customer 0048,Male,Jakarta,2024-11-11,DKI Jakarta
CUST00049,Customer 0049,Female,Yogyakarta,2024-02-29,DI Yogyakarta
CUST00050,Customer 0050,Female,Jakarta,2025-10-15,DKI Jakarta
CUST00051,Customer 0051,Male,Yogyakarta,2024-01-22,DI Yogyakarta
CUST00052,Customer 0052,Female,Surabaya,2025-02-16,Jawa Timur
CUST00053,Customer 0053,Male,Medan,2023-04-08,Sumatera Utara
CUST00054,Customer 0054,Female,Semarang,2023-07-27,Jawa Tengah
CUST00055,Customer 0055,Male,Makassar,2024-08-08,Sulawesi Selatan
CUST00056,Customer 0056,Female,Bandung,2023-06-15,Jawa Barat
CUST00057,Customer 0057,Female,Depok,2023-01-22,Jawa Barat
CUST00058,Customer 0058,Male,Bandung,2023-06-03,Jawa Barat
CUST00059,Customer 0059,Male,Surabaya,2023-08-07,Jawa Timur
CUST00060,Customer 0060,Male,Bekasi,2024-10-30,Jawa Barat
CUST00061,Customer 0061,Male,Yogyakarta,2023-08-18,DI Yogyakarta
CUST00062,Customer 0062,Male,Makassar,2023-01-20,Sulawesi Selatan
CUST00063,Customer 0063,Male,Depok,2024-07-06,Jawa Barat
CUST00064,Customer 0064,Male,Bandung,2025-08-07,Jawa Barat
CUST00065,Customer 0065,Male,Surabaya,2023-05-28,Jawa Timur
CUST00066,Customer 0066,Female,Depok,2024-02-07,Jawa Barat
CUST00067,Customer 0067,Female,Jakarta,2024-08-18,DKI Jakarta
CUST00068,Customer 0068,Male,Jakarta,2024-01-02,DKI Jakarta
CUST00069,Customer 0069,Female,Bandung,2025-03-12,Jawa Barat
CUST00070,Customer 0070,Female,Bandung,2025-07-06,Jawa Barat
CUST00071,Customer 0071,Female,Bandung,2023-03-14,Jawa Barat
CUST00072,Customer 0072,Female,Jakarta,2024-04-25,DKI Jakarta
CUST00073,Customer 0073,Male,Jakarta,2024-07-13,DKI Jakarta
CUST00074,Customer 0074,Female,Jakarta,2025-01-14,DKI Jakarta
CUST00075,Customer 0075,Male,Makassar,2023-04-10,Sulawesi Selatan
CUST00076,Customer 0076,Female,Surabaya,2025-12-18,Jawa Timur
CUST00077,Customer 0077,Female,Bandung,2024-05-22,Jawa Barat
CUST00078,Customer 0078,Female,Tangerang,2023-09-15,Banten
CUST00079,Customer 0079,Male,Jakarta,2024-02-17,DKI Jakarta
CUST00080,Customer 0080,Female,Medan,2025-12-24,Sumatera Utara
CUST00081,Customer 0081,Male,Depok,2024-08-17,Jawa Barat
CUST00082,Customer 0082,Female,Jakarta,2023-09-23,DKI Jakarta
CUST00083,Customer 0083,Male,Bandung,2025-03-31,Jawa Barat
CUST00084,Customer 0084,Female,Yogyakarta,2024-10-23,DI Yogyakarta
CUST00085,Customer 0085,Male,Medan,2025-08-04,Sumatera Utara
CUST00086,Customer 0086,Male,Surabaya,2024-07-13,Jawa Timur
CUST00087,Customer 0087,Female,Bekasi,2025-07-05,Jawa Barat
CUST00088,Customer 0088,Male,Jakarta,2025-06-09,DKI Jakarta
CUST00089,Customer 0089,Female,Makassar,2025-05-17,Sulawesi Selatan
CUST00090,Customer 0090,Female,Jakarta,2024-09-01,DKI Jakarta
CUST00091,Customer 0091,Female,Medan,2024-02-18,Sumatera Utara
CUST00092,Customer 0092,Female,Tangerang,2023-01-25,Banten
CUST00093,Customer 0093,Female,Bekasi,2023-10-11,Jawa Barat
CUST00094,Customer 0094,Female,Surabaya,2025-05-30,Jawa Timur
CUST00095,Customer 0095,Female,Jakarta,2023-10-28,DKI Jakarta
CUST00096,Customer 0096,Female,Jakarta,2025-12-27,DKI Jakarta
CUST00097,Customer 0097,Female,Jakarta,2025-10-27,DKI Jakarta
CUST00098,Customer 0098,Female,Jakarta,2025-03-27,DKI Jakarta
CUST00099,Customer 0099,Female,Depok,2023-03-24,Jawa Barat
CUST00100,Customer 0100,Male,Bandung,2023-02-15,Jawa Barat
CUST00101,Customer 0101,Male,Jakarta,2024-09-09,DKI Jakarta
CUST00102,Customer 0102,Female,Makassar,2025-07-16,Sulawesi Selatan
CUST00103,Customer 0103,Female,Yogyakarta,2023-09-19,DI Yogyakarta
CUST00104,Customer 0104,Female,Medan,2023-06-25,Sumatera Utara
CUST00105,Customer 0105,Female,Makassar,2024-10-18,Sulawesi Selatan
CUST00106,Customer 0106,Female,Jakarta,2025-04-21,DKI Jakarta
CUST00107,Customer 0107,Female,Bandung,2024-01-05,Jawa Barat
CUST00108,Customer 0108,Female,Depok,2023-02-23,Jawa Barat
CUST00109,Customer 0109,Female,Tangerang,2024-11-20,Banten
CUST00110,Customer 0110,Male,Jakarta,2024-01-02,DKI Jakarta
CUST00111,Customer 0111,Female,Semarang,2024-10-05,Jawa Tengah
CUST00112,Customer 0112,Male,Jakarta,2024-01-14,DKI Jakarta
CUST00113,Customer 0113,Female,Jakarta,2023-03-14,DKI Jakarta
CUST00114,Customer 0114,Female,Surabaya,2025-07-03,Jawa Timur
CUST00115,Customer 0115,Male,Bekasi,2025-05-09,Jawa Barat
CUST00116,Customer 0116,Female,Bekasi,2023-02-12,Jawa Barat
CUST00117,Customer 0117,Male,Jakarta,2024-01-12,DKI Jakarta
CUST00118,Customer 0118,Female,Yogyakarta,2025-11-30,DI Yogyakarta
CUST00119,Customer 0119,Female,Jakarta,2023-06-19,DKI Jakarta
CUST00120,Customer 0120,Male,Jakarta,2023-07-31,DKI Jakarta
CUST00121,Customer 0121,Female,Yogyakarta,2023-02-08,DI Yogyakarta
CUST00122,Customer 0122,Male,Makassar,2024-01-04,Sulawesi Selatan
CUST00123,Customer 0123,Female,Yogyakarta,2025-01-26,DI Yogyakarta
CUST00124,Customer 0124,Male,Semarang,2023-05-31,Jawa Tengah
CUST00125,Customer 0125,Male,Tangerang,2025-12-06,Banten
CUST00126,Customer 0126,Female,Bekasi,2025-10-20,Jawa Barat
CUST00127,Customer 0127,Female,Jakarta,2025-01-06,DKI Jakarta
CUST00128,Customer 0128,Male,Bandung,2023-03-10,Jawa Barat
CUST00129,Customer 0129,Female,Bandung,2023-10-26,Jawa Barat
CUST00130,Customer 0130,Female,Jakarta,2025-08-01,DKI Jakarta
CUST00131,Customer 0131,Female,Depok,2025-03-12,Jawa Barat
CUST00132,Customer 0132,Male,Surabaya,2023-10-23,Jawa Timur
CUST00133,Customer 0133,Male,Jakarta,2023-07-22,DKI Jakarta
CUST00134,Customer 0134,Male,Jakarta,2023-03-02,DKI Jakarta
CUST00135,Customer 0135,Male,Tangerang,2025-08-03,Banten
CUST00136,Customer 0136,Male,Jakarta,2025-08-20,DKI Jakarta
CUST00137,Customer 0137,Male,Yogyakarta,2023-11-27,DI Yogyakarta
CUST00138,Customer 0138,Male,Surabaya,2023-12-04,Jawa Timur
CUST00139,Customer 0139,Male,Surabaya,2024-09-30,Jawa Timur
CUST00140,Customer 0140,Male,Bekasi,2023-10-02,Jawa Barat
CUST00141,Customer 0141,Female,Semarang,2023-11-15,Jawa Tengah
CUST00142,Customer 0142,Male,Bandung,2024-08-11,Jawa Barat
CUST00143,Customer 0143,Female,Tangerang,2024-05-18,Banten
CUST00144,Customer 0144,Female,Bekasi,2024-01-22,Jawa Barat
CUST00145,Customer 0145,Female,Jakarta,2025-05-19,DKI Jakarta
CUST00146,Customer 0146,Male,Yogyakarta,2025-04-12,DI Yogyakarta
CUST00147,Customer 0147,Male,Semarang,2025-10-11,Jawa Tengah
CUST00148,Customer 0148,Male,Tangerang,2024-08-25,Banten
CUST00149,Customer 0149,Male,Yogyakarta,2024-11-21,DI Yogyakarta
CUST00150,Customer 0150,Female,Yogyakarta,2024-05-08,DI Yogyakarta
CUST00151,Customer 0151,Male,Tangerang,2024-05-04,Banten
CUST00152,Customer 0152,Male,Semarang,2024-12-21,Jawa Tengah
CUST00153,Customer 0153,Male,Tangerang,2024-05-23,Banten
CUST00154,Customer 0154,Male,Tangerang,2024-01-25,Banten
CUST00155,Customer 0155,Male,Bekasi,2023-10-22,Jawa Barat
CUST00156,Customer 0156,Female,Depok,2025-03-06,Jawa Barat
CUST00157,Customer 0157,Male,Jakarta,2025-05-14,DKI Jakarta
CUST00158,Customer 0158,Female,Yogyakarta,2024-07-02,DI Yogyakarta
CUST00159,Customer 0159,Male,Yogyakarta,2024-10-10,DI Yogyakarta
CUST00160,Customer 0160,Female,Jakarta,2024-07-21,DKI Jakarta
CUST00161,Customer 0161,Male,Semarang,2025-05-02,Jawa Tengah
CUST00162,Customer 0162,Male,Jakarta,2025-02-08,DKI Jakarta
CUST00163,Customer 0163,Female,Bandung,2024-03-20,Jawa Barat
CUST00164,Customer 0164,Female,Depok,2023-12-29,Jawa Barat
CUST00165,Customer 0165,Female,Jakarta,2023-05-03,DKI Jakarta
CUST00166,Customer 0166,Male,Semarang,2025-01-11,Jawa Tengah
CUST00167,Customer 0167,Female,Semarang,2024-11-10,Jawa Tengah
CUST00168,Customer 0168,Male,Surabaya,2024-02-24,Jawa Timur
CUST00169,Customer 0169,Male,Jakarta,2023-04-02,DKI Jakarta
CUST00170,Customer 0170,Female,Bandung,2023-03-04,Jawa Barat
CUST00171,Customer 0171,Female,Bekasi,2024-05-26,Jawa Barat
CUST00172,Customer 0172,Male,Makassar,2025-02-10,Sulawesi Selatan
CUST00173,Customer 0173,Male,Tangerang,2023-09-13,Banten
CUST00174,Customer 0174,Female,Jakarta,2023-05-15,DKI Jakarta
CUST00175,Customer 0175,Female,Tangerang,2025-05-24,Banten
CUST00176,Customer 0176,Female,Surabaya,2025-04-01,Jawa Timur
CUST00177,Customer 0177,Male,Depok,2023-03-29,Jawa Barat
CUST00178,Customer 0178,Male,Jakarta,2025-09-14,DKI Jakarta
CUST00179,Customer 0179,Male,Depok,2025-04-02,Jawa Barat
CUST00180,Customer 0180,Male,Bekasi,2025-10-23,Jawa Barat
CUST00181,Customer 0181,Male,Makassar,2025-08-31,Sulawesi Selatan
CUST00182,Customer 0182,Male,Bandung,2025-07-22,Jawa Barat
CUST00183,Customer 0183,Female,Tangerang,2023-05-01,Banten
CUST00184,Customer 0184,Male,Medan,2025-11-27,Sumatera Utara
CUST00185,Customer 0185,Male,Jakarta,2025-10-04,DKI Jakarta
CUST00186,Customer 0186,Male,Medan,2025-07-13,Sumatera Utara
CUST00187,Customer 0187,Female,Tangerang,2024-10-06,Banten
CUST00188,Customer 0188,Male,Jakarta,2024-12-14,DKI Jakarta
CUST00189,Customer 0189,Male,Bandung,2025-05-09,Jawa Barat
CUST00190,Customer 0190,Female,Tangerang,2023-01-21,Banten
CUST00191,Customer 0191,Male,Jakarta,2023-08-30,DKI Jakarta
CUST00192,Customer 0192,Male,Bekasi,2024-03-30,Jawa Barat
CUST00193,Customer 0193,Male,Bandung,2025-08-20,Jawa Barat
CUST00194,Customer 0194,Male,Bekasi,2024-09-12,Jawa Barat
CUST00195,Customer 0195,Male,Jakarta,2023-10-30,DKI Jakarta
CUST00196,Customer 0196,Female,Yogyakarta,2025-03-13,DI Yogyakarta
CUST00197,Customer 0197,Female,Makassar,2025-08-21,Sulawesi Selatan
CUST00198,Customer 0198,Female,Makassar,2023-03-10,Sulawesi Selatan
CUST00199,Customer 0199,Male,Depok,2023-07-15,Jawa Barat
CUST00200,Customer 0200,Male,Jakarta,2023-05-20,DKI Jakarta
CUST00201,Customer 0201,Male,Depok,2023-10-10,Jawa Barat
CUST00202,Customer 0202,Female,Jakarta,2023-11-08,DKI Jakarta
CUST00203,Customer 0203,Male,Jakarta,2025-01-15,DKI Jakarta
CUST00204,Customer 0204,Male,Bandung,2023-10-04,Jawa Barat
CUST00205,Customer 0205,Female,Surabaya,2023-03-02,Jawa Timur
CUST00206,Customer 0206,Male,Depok,2023-02-21,Jawa Barat
CUST00207,Customer 0207,Female,Tangerang,2023-06-02,Banten
CUST00208,Customer 0208,Female,Surabaya,2024-06-27,Jawa Timur
CUST00209,Customer 0209,Female,Jakarta,2024-07-20,DKI Jakarta
CUST00210,Customer 0210,Male,Makassar,2024-09-13,Sulawesi Selatan
CUST00211,Customer 0211,Male,Surabaya,2023-11-10,Jawa Timur
CUST00212,Customer 0212,Male,Surabaya,2025-03-17,Jawa Timur
CUST00213,Customer 0213,Male,Jakarta,2025-04-27,DKI Jakarta
CUST00214,Customer 0214,Male,Semarang,2023-04-07,Jawa Tengah
CUST00215,Customer 0215,Male,Tangerang,2025-05-30,Banten
CUST00216,Customer 0216,Male,Jakarta,2025-04-08,DKI Jakarta
CUST00217,Customer 0217,Female,Jakarta,2023-05-17,DKI Jakarta
CUST00218,Customer 0218,Male,Tangerang,2025-10-26,Banten
CUST00219,Customer 0219,Female,Tangerang,2025-10-07,Banten
CUST00220,Customer 0220,Male,Jakarta,2023-04-19,DKI Jakarta
CUST00221,Customer 0221,Male,Makassar,2024-06-30,Sulawesi Selatan
CUST00222,Customer 0222,Male,Jakarta,2025-11-28,DKI Jakarta
CUST00223,Customer 0223,Female,Surabaya,2024-10-23,Jawa Timur
CUST00224,Customer 0224,Female,Medan,2024-02-29,Sumatera Utara
CUST00225,Customer 0225,Female,Bandung,2024-09-21,Jawa Barat
CUST00226,Customer 0226,Female,Tangerang,2023-09-18,Banten
CUST00227,Customer 0227,Male,Bandung,2023-03-28,Jawa Barat
CUST00228,Customer 0228,Female,Jakarta,2024-04-09,DKI Jakarta
CUST00229,Customer 0229,Male,Makassar,2023-03-17,Sulawesi Selatan
CUST00230,Customer 0230,Male,Bandung,2024-04-15,Jawa Barat
CUST00231,Customer 0231,Female,Yogyakarta,2024-02-18,DI Yogyakarta
CUST00232,Customer 0232,Female,Jakarta,2025-04-04,DKI Jakarta
CUST00233,Customer 0233,Female,Jakarta,2025-06-13,DKI Jakarta
CUST00234,Customer 0234,Female,Jakarta,2024-12-26,DKI Jakarta
CUST00235,Customer 0235,Female,Tangerang,2024-04-01,Banten
CUST00236,Customer 0236,Female,Bandung,2024-10-14,Jawa Barat
CUST00237,Customer 0237,Female,Yogyakarta,2024-11-02,DI Yogyakarta
CUST00238,Customer 0238,Female,Surabaya,2024-05-09,Jawa Timur
CUST00239,Customer 0239,Male,BANDUNG,2025-12-04,Sulawesi Selatan
CUST00240,Customer 0240,Female,Jakarta,2024-08-19,DKI Jakarta
CUST00241,Customer 0241,Female,Yogyakarta,2024-03-25,DI Yogyakarta
CUST00242,Customer 0242,Male,Depok,2024-04-29,Jawa Barat
CUST00243,Customer 0243,Female,Depok,2024-10-07,Jawa Barat
CUST00244,Customer 0244,Male,Semarang,2024-09-11,Jawa Tengah
CUST00245,Customer 0245,Male,Depok,2025-11-07,Jawa Barat
CUST00246,Customer 0246,Female,Bekasi,2024-10-23,Jawa Barat
CUST00247,Customer 0247,Male,Jakarta,2025-01-27,DKI Jakarta
CUST00248,Customer 0248,Male,Jakarta,2023-10-16,DKI Jakarta
CUST00249,Customer 0249,Male,Medan,2024-12-21,Sumatera Utara
CUST00250,Customer 0250,Male,Bekasi,2024-09-29,Jawa Barat
CUST00251,Customer 0251,Female,Semarang,2023-08-23,Jawa Tengah
CUST00252,Customer 0252,Male,Surabaya,2024-02-20,Jawa Timur
CUST00253,Customer 0253,Female,Jakarta,2025-07-26,DKI Jakarta
CUST00254,Customer 0254,Male,Jakarta,2024-05-13,DKI Jakarta
CUST00255,Customer 0255,Male,Tangerang,2025-08-31,Banten
CUST00256,Customer 0256,Male,Surabaya,2024-09-25,Jawa Timur
CUST00257,Customer 0257,Male,Jakarta,2025-10-16,DKI Jakarta
CUST00258,Customer 0258,Female,Surabaya,2023-04-25,Jawa Timur
CUST00259,Customer 0259,Female,Jakarta,2025-07-20,DKI Jakarta
CUST00260,Customer 0260,Male,Bekasi,2024-11-04,Jawa Barat
CUST00261,Customer 0261,Male,Jakarta,2025-10-31,DKI Jakarta
CUST00262,Customer 0262,Female,Semarang,2023-07-25,Jawa Tengah
CUST00263,Customer 0263,Male,Bandung,2023-09-04,Jawa Barat
CUST00264,Customer 0264,Male,Surabaya,2025-01-27,Jawa Timur
CUST00265,Customer 0265,Male,Jakarta,2023-05-27,DKI Jakarta
CUST00266,Customer 0266,Female,Jakarta,2023-04-28,DKI Jakarta
CUST00267,Customer 0267,Female,Bandung,2024-02-16,Jawa Barat
CUST00268,Customer 0268,Female,Surabaya,2023-12-29,Jawa Timur
CUST00269,Customer 0269,Male,Bekasi,2023-05-17,Jawa Barat
CUST00270,Customer 0270,Male,Bandung,2025-08-15,Jawa Barat
CUST00271,Customer 0271,Female,Tangerang,2023-01-19,Banten
CUST00272,Customer 0272,Female,Yogyakarta,2023-07-14,DI Yogyakarta
CUST00273,Customer 0273,Female,Depok,2023-11-26,Jawa Barat
CUST00274,Customer 0274,Female,Jakarta,2023-06-24,DKI Jakarta
CUST00275,Customer 0275,Male,Surabaya,2025-09-28,Jawa Timur
CUST00276,Customer 0276,Female,Jakarta,2024-03-24,DKI Jakarta
CUST00277,Customer 0277,Male,Jakarta,2025-08-03,DKI Jakarta
CUST00278,Customer 0278,Female,Makassar,2023-05-21,Sulawesi Selatan
CUST00279,Customer 0279,Male,Jakarta,2025-01-27,DKI Jakarta
CUST00280,Customer 0280,Female,Surabaya,2025-07-18,Jawa Timur
CUST00281,Customer 0281,Female,Bekasi,2023-04-03,Jawa Barat
CUST00282,Customer 0282,Female,Tangerang,2023-08-27,Banten
CUST00283,Customer 0283,Female,Bekasi,2023-07-24,Jawa Barat
CUST00284,Customer 0284,Male,Jakarta,2024-07-13,DKI Jakarta
CUST00285,Customer 0285,Female,Bandung,2023-09-02,Jawa Barat
CUST00286,Customer 0286,Male,Surabaya,2025-04-11,Jawa Timur
CUST00287,Customer 0287,Male,Jakarta,2025-07-13,DKI Jakarta
CUST00288,Customer 0288,Male, jakarta ,2023-10-22,Jawa Barat
CUST00289,Customer 0289,Male,Jakarta,2024-10-01,DKI Jakarta
CUST00290,Customer 0290,Female,Jakarta,2025-05-05,DKI Jakarta
CUST00291,Customer 0291,Male,Bandung,2023-01-17,Jawa Barat
CUST00292,Customer 0292,Male,Jakarta,2023-03-12,DKI Jakarta
CUST00293,Customer 0293,Male,Bekasi,2023-11-01,Jawa Barat
CUST00294,Customer 0294,Female,Tangerang,2025-10-27,Banten
CUST00295,Customer 0295,Female,Semarang,2025-03-27,Jawa Tengah
CUST00296,Customer 0296,Female,Jakarta,2025-03-31,DKI Jakarta
CUST00297,Customer 0297,Female,Jakarta,2023-07-12,DKI Jakarta
CUST00298,Customer 0298,Male,Jakarta,2024-06-12,DKI Jakarta
CUST00299,Customer 0299,Male,Tangerang,2023-06-20,Banten
CUST00300,Customer 0300,Female,Tangerang,2023-09-08,Banten
CUST00301,Customer 0301,Male,Jakarta,2024-06-24,DKI Jakarta
CUST00302,Customer 0302,Male,Medan,2024-02-20,Sumatera Utara
CUST00303,Customer 0303,Male,Jakarta,2025-03-04,DKI Jakarta
CUST00304,Customer 0304,Female,Bekasi,2023-01-25,Jawa Barat
CUST00305,Customer 0305,Female,Tangerang,2024-10-29,Banten
CUST00306,Customer 0306,Male,Yogyakarta,2024-09-23,DI Yogyakarta
CUST00307,Customer 0307,Female,Tangerang,2024-05-19,Banten
CUST00308,Customer 0308,Female,Semarang,2023-12-02,Jawa Tengah
CUST00309,Customer 0309,Female,Bandung,2024-02-29,Jawa Barat
CUST00310,Customer 0310,Female,Semarang,2024-05-13,Jawa Tengah
CUST00311,Customer 0311,Female,Jakarta,2025-08-04,DKI Jakarta
CUST00312,Customer 0312,Male,Yogyakarta,2024-09-21,DI Yogyakarta
CUST00313,Customer 0313,Female,Bekasi,2024-12-18,Jawa Barat
CUST00314,Customer 0314,Male,Semarang,2023-12-05,Jawa Tengah
CUST00315,Customer 0315,Male,Surabaya,2024-10-20,Jawa Timur
CUST00316,Customer 0316,Female,Tangerang,2025-08-19,Banten
CUST00317,Customer 0317,Male,Surabaya,2024-03-04,Jawa Timur
CUST00318,Customer 0318,Male,Depok,2025-06-17,Jawa Barat
CUST00319,Customer 0319,Male,Jakarta,2023-05-19,DKI Jakarta
CUST00320,Customer 0320,Female,Jakarta,2025-07-30,DKI Jakarta
CUST00321,Customer 0321,Female,Jakarta,2024-06-25,DKI Jakarta
CUST00322,Customer 0322,Male,Jakarta,2023-02-26,DKI Jakarta
CUST00323,Customer 0323,Female,Yogyakarta,2024-10-19,DI Yogyakarta
CUST00324,Customer 0324,Female,Jakarta,2024-03-10,DKI Jakarta
CUST00325,Customer 0325,Female,Makassar,2024-01-19,Sulawesi Selatan
CUST00326,Customer 0326,Female,Bandung,2024-07-13,Jawa Barat
CUST00327,Customer 0327,Male,Jakarta,2023-07-13,DKI Jakarta
CUST00328,Customer 0328,Male,Depok,2024-06-17,Jawa Barat
CUST00329,Customer 0329,Female,Tangerang,2024-06-01,Banten
CUST00330,Customer 0330,Female,Surabaya,2024-12-16,Jawa Timur
CUST00331,Customer 0331,Male,Bekasi,2025-01-20,Jawa Barat
CUST00332,Customer 0332,Male,Tangerang,2023-07-04,Banten
CUST00333,Customer 0333,Female,Jakarta,2023-10-19,DKI Jakarta
CUST00334,Customer 0334,Male,Makassar,2025-01-01,Sulawesi Selatan
CUST00335,Customer 0335,Female,Makassar,2023-04-26,Sulawesi Selatan
CUST00336,Customer 0336,Female,Tangerang,2025-04-04,Banten
CUST00337,Customer 0337,Male,Jakarta,2025-12-08,DKI Jakarta
CUST00338,Customer 0338,Male,Tangerang,2024-11-15,Banten
CUST00339,Customer 0339,Female,Jakarta,2023-03-23,DKI Jakarta
CUST00340,Customer 0340,Female,Jakarta,2025-04-13,DKI Jakarta
CUST00341,Customer 0341,Male,Jakarta,2023-11-29,DKI Jakarta
CUST00342,Customer 0342,Female,Surabaya,2024-07-10,Jawa Timur
CUST00343,Customer 0343,Male,Yogyakarta,2023-12-01,DI Yogyakarta
CUST00344,Customer 0344,Female,Depok,2024-06-15,Jawa Barat
CUST00345,Customer 0345,Male,Depok,2023-08-09,Jawa Barat
CUST00346,Customer 0346,Male,Surabaya,2024-09-26,Jawa Timur
CUST00347,Customer 0347,Male,Bandung,2023-11-19,Jawa Barat
CUST00348,Customer 0348,Female,Bandung,2023-01-03,Jawa Barat
CUST00349,Customer 0349,Female,Makassar,2023-07-25,Sulawesi Selatan
CUST00350,Customer 0350,Male,Jakarta,2023-02-09,DKI Jakarta
CUST00351,Customer 0351,Female,Yogyakarta,2023-02-28,DI Yogyakarta
CUST00352,Customer 0352,Male,Bekasi,2025-08-08,Jawa Barat
CUST00353,Customer 0353,Male,Surabaya,2024-07-27,Jawa Timur
CUST00354,Customer 0354,Female,Depok,2024-10-05,Jawa Barat
CUST00355,Customer 0355,Female,Surabaya,2025-04-22,Jawa Timur
CUST00356,Customer 0356,Male,Yogyakarta,2024-09-10,DI Yogyakarta
CUST00357,Customer 0357,Female,Medan,2023-04-06,Sumatera Utara
CUST00358,Customer 0358,Female,Surabaya,2025-06-16,Jawa Timur
CUST00359,Customer 0359,Male,Jakarta,2025-12-21,DKI Jakarta
CUST00360,Customer 0360,Male,Bekasi,2024-07-14,Jawa Barat
CUST00361,Customer 0361,Female,Medan,2025-06-23,Sumatera Utara
CUST00362,Customer 0362,Male,Jakarta,2023-12-14,DKI Jakarta
CUST00363,Customer 0363,Male,Bekasi,2024-11-01,Jawa Barat
CUST00364,Customer 0364,Female,Tangerang,2023-11-13,Banten
CUST00365,Customer 0365,Male,Depok,2024-12-19,Jawa Barat
CUST00366,Customer 0366,Male,Jakarta,2025-12-07,DKI Jakarta
CUST00367,Customer 0367,Female,Tangerang,2023-09-07,Banten
CUST00368,Customer 0368,Female,Medan,2023-11-10,Sumatera Utara
CUST00369,Customer 0369,Male,Jakarta,2025-03-17,DKI Jakarta
CUST00370,Customer 0370,Male,Jakarta,2024-04-29,DKI Jakarta
CUST00371,Customer 0371,Female,Makassar,2023-02-13,Sulawesi Selatan
CUST00372,Customer 0372,Female,Jakarta,2024-07-24,DKI Jakarta
CUST00373,Customer 0373,Female,Yogyakarta,2024-08-05,DI Yogyakarta
CUST00374,Customer 0374,Female,Surabaya,2025-06-13,Jawa Timur
CUST00375,Customer 0375,Male,Jakarta,2023-08-08,DKI Jakarta
CUST00376,Customer 0376,Female,Yogyakarta,2025-07-13,DI Yogyakarta
CUST00377,Customer 0377,Female,Surabaya,2024-02-05,Jawa Timur
CUST00378,Customer 0378,Male,Surabaya,2024-12-27,Jawa Timur
CUST00379,Customer 0379,Female,Bandung,2025-09-17,Jawa Barat
CUST00380,Customer 0380,Male,Bekasi,2025-06-17,Jawa Barat
CUST00381,Customer 0381,Female,Jakarta,2025-05-07,DKI Jakarta
CUST00382,Customer 0382,Female,Bandung,2025-03-14,Jawa Barat
CUST00383,Customer 0383,Female,Makassar,2024-05-04,Sulawesi Selatan
CUST00384,Customer 0384,Male,Jakarta,2025-07-26,DKI Jakarta
CUST00385,Customer 0385,Male,Tangerang,2025-04-23,Banten
CUST00386,Customer 0386,Female,Bandung,2023-09-24,Jawa Barat
CUST00387,Customer 0387,Male,Depok,2023-02-23,Jawa Barat
CUST00388,Customer 0388,Male,Jakarta,2024-06-11,DKI Jakarta
CUST00389,Customer 0389,Male,Makassar,2024-09-07,Sulawesi Selatan
CUST00390,Customer 0390,Male,Surabaya,2025-12-18,Jawa Timur
CUST00391,Customer 0391,Male,Jakarta,2025-11-29,DKI Jakarta
CUST00392,Customer 0392,Male,Jakarta,2025-08-12,DKI Jakarta
CUST00393,Customer 0393,Female,Jakarta,2024-01-21,DKI Jakarta
CUST00394,Customer 0394,Female,Surabaya,2025-01-03,Jawa Timur
CUST00395,Customer 0395,Male,Bandung,2024-12-16,Jawa Barat
CUST00396,Customer 0396,Female,Semarang,2024-10-11,Jawa Tengah
CUST00397,Customer 0397,Female,Surabaya,2023-10-27,Jawa Timur
CUST00398,Customer 0398,Female,Jakarta,2024-01-30,DKI Jakarta
CUST00399,Customer 0399,Female,Bekasi,2024-08-15,Jawa Barat
CUST00400,Customer 0400,Male,Tangerang,2024-05-28,Banten
CUST00401,Customer 0401,Female,Jakarta,2024-01-31,DKI Jakarta
CUST00402,Customer 0402,Female,Jakarta,2024-01-06,DKI Jakarta
CUST00403,Customer 0403,Male,Jakarta,2025-05-07,DKI Jakarta
CUST00404,Customer 0404,Male,Depok,2025-03-01,Jawa Barat
CUST00405,Customer 0405,Female,Tangerang,2024-10-19,Banten
CUST00406,Customer 0406,Female,Surabaya,2025-01-05,Jawa Timur
CUST00407,Customer 0407,Female,Semarang,2024-01-19,Jawa Tengah
CUST00408,Customer 0408,Female,Semarang,2023-03-03,Jawa Tengah
CUST00409,Customer 0409,Female,Bekasi,2024-05-19,Jawa Barat
CUST00410,Customer 0410,Female,Yogyakarta,2023-08-27,DI Yogyakarta
CUST00411,Customer 0411,Male,Jakarta,2023-07-14,DKI Jakarta
CUST00412,Customer 0412,Female,Jakarta,2024-11-08,DKI Jakarta
CUST00413,Customer 0413,Female,Jakarta,2023-03-02,DKI Jakarta
CUST00414,Customer 0414,Male,Jakarta,2025-09-16,DKI Jakarta
CUST00415,Customer 0415,Male,Surabaya,2024-11-15,Jawa Timur
CUST00416,Customer 0416,Male,Medan,2023-06-05,Sumatera Utara
CUST00417,Customer 0417,Male,Jakarta,2025-07-11,DKI Jakarta
CUST00418,Customer 0418,Female,Jakarta,2025-05-17,DKI Jakarta
CUST00419,Customer 0419,Female,Surabaya,2025-06-21,Jawa Timur
CUST00420,Customer 0420,Female,Medan,2025-09-25,Sumatera Utara
CUST00421,Customer 0421,Female,Bandung,2025-09-01,Jawa Barat
CUST00422,Customer 0422,Female,Surabaya,2024-01-23,Jawa Timur
CUST00423,Customer 0423,Female,Jakarta,2025-06-05,DKI Jakarta
CUST00424,Customer 0424,Male,Jakarta,2025-04-17,DKI Jakarta
CUST00425,Customer 0425,Female,Makassar,2023-12-06,Sulawesi Selatan
CUST00426,Customer 0426,Male,Makassar,2023-07-23,Sulawesi Selatan
CUST00427,Customer 0427,Male,Jakarta,2023-06-10,DKI Jakarta
CUST00428,Customer 0428,Female,Makassar,2024-01-27,Sulawesi Selatan
CUST00429,Customer 0429,Male,Tangerang,2025-02-07,Banten
CUST00430,Customer 0430,Female,Yogyakarta,2024-07-28,DI Yogyakarta
CUST00431,Customer 0431,Male,Surabaya,2024-06-17,Jawa Timur
CUST00432,Customer 0432,Female,Surabaya,2025-12-29,Jawa Timur
CUST00433,Customer 0433,Male,Surabaya,2025-06-11,Jawa Timur
CUST00434,Customer 0434,Female,Tangerang,2024-02-09,Banten
CUST00435,Customer 0435,Female,Jakarta,2024-08-30,DKI Jakarta
CUST00436,Customer 0436,Female,Jakarta,2025-04-07,DKI Jakarta
CUST00437,Customer 0437,Female,Bandung,2024-11-20,Jawa Barat
CUST00438,Customer 0438,Female,Tangerang,2025-06-20,Banten
CUST00439,Customer 0439,Male,Jakarta,2023-02-25,DKI Jakarta
CUST00440,Customer 0440,Male,Tangerang,2024-01-01,Banten
CUST00441,Customer 0441,Male,Makassar,2024-03-30,Sulawesi Selatan
CUST00442,Customer 0442,Female,Jakarta,2023-04-14,DKI Jakarta
CUST00443,Customer 0443,Male,Tangerang,2023-03-18,Banten
CUST00444,Customer 0444,Female,Surabaya,2023-08-18,Jawa Timur
CUST00445,Customer 0445,Female,Yogyakarta,2023-11-27,DI Yogyakarta
CUST00446,Customer 0446,Male,Jakarta,2025-06-11,DKI Jakarta
CUST00447,Customer 0447,Male,Tangerang,2024-11-18,Banten
CUST00448,Customer 0448,Female,Semarang,2023-01-27,Jawa Tengah
CUST00449,Customer 0449,Male,Medan,2023-10-26,Sumatera Utara
CUST00450,Customer 0450,Female,Tangerang,2025-08-14,Banten
CUST00451,Customer 0451,Female,Surabaya,2025-03-09,Jawa Timur
CUST00452,Customer 0452,Female,Bekasi,2024-04-24,Jawa Barat
CUST00453,Customer 0453,Female,Yogyakarta,2024-07-26,DI Yogyakarta
CUST00454,Customer 0454,Female,Bekasi,2024-04-02,Jawa Barat
CUST00455,Customer 0455,Male,Jakarta,2023-12-31,DKI Jakarta
CUST00456,Customer 0456,Male,Medan,2025-05-08,Sumatera Utara
CUST00457,Customer 0457,Female,Tangerang,2023-12-17,Banten
CUST00458,Customer 0458,Female,Tangerang,2023-09-10,Banten
CUST00459,Customer 0459,Male,Jakarta,2025-02-19,DKI Jakarta
CUST00460,Customer 0460,Male,Tangerang,2025-03-13,Banten
CUST00461,Customer 0461,Female,Bandung,2025-10-08,Jawa Barat
CUST00462,Customer 0462,Male,Tangerang,2024-04-03,Banten
CUST00463,Customer 0463,Female,Jakarta,2025-07-05,DKI Jakarta
CUST00464,Customer 0464,Male,Tangerang,2024-05-13,Banten
CUST00465,Customer 0465,Female,Makassar,2025-08-07,Sulawesi Selatan
CUST00466,Customer 0466,Male,Jakarta,2024-05-22,DKI Jakarta
CUST00467,Customer 0467,Female,Makassar,2024-05-15,Sulawesi Selatan
CUST00468,Customer 0468,Male,Bandung,2025-03-13,Jawa Barat
CUST00469,Customer 0469,Male,Yogyakarta,2024-08-20,DI Yogyakarta
CUST00470,Customer 0470,Female,Depok,2023-06-15,Jawa Barat
CUST00471,Customer 0471,Male,Bekasi,2024-04-06,Jawa Barat
CUST00472,Customer 0472,Female,Depok,2025-07-08,Jawa Barat
CUST00473,Customer 0473,Male,Yogyakarta,2023-04-24,DI Yogyakarta
CUST00474,Customer 0474,Female,Bandung,2025-09-18,Jawa Barat
CUST00475,Customer 0475,Male,Bandung,2023-07-26,Jawa Barat
CUST00476,Customer 0476,Female,Tangerang,2024-05-29,Banten
CUST00477,Customer 0477,Male,Semarang,2024-12-09,Jawa Tengah
CUST00478,Customer 0478,Female,Depok,2023-05-18,Jawa Barat
CUST00479,Customer 0479,Male,Semarang,2023-12-05,Jawa Tengah
CUST00480,Customer 0480,Female,Surabaya,2024-06-20,Jawa Timur
CUST00481,Customer 0481,Female,Semarang,2023-03-09,Jawa Tengah
CUST00482,Customer 0482,Female,Jakarta,2024-01-18,DKI Jakarta
CUST00483,Customer 0483,Male,Bekasi,2023-01-19,Jawa Barat
CUST00484,Customer 0484,Female,Jakarta,2024-11-13,DKI Jakarta
CUST00485,Customer 0485,Male,Bandung,2023-03-15,Jawa Barat
CUST00486,Customer 0486,Female,Bandung,2024-07-26,Jawa Barat
CUST00487,Customer 0487,Male,Bandung,2025-07-27,Jawa Barat
CUST00488,Customer 0488,Female,Tangerang,2025-12-07,Banten
CUST00489,Customer 0489,Male,Bandung,2023-07-30,Jawa Barat
CUST00490,Customer 0490,Male,Surabaya,2025-05-04,Jawa Timur
CUST00491,Customer 0491,Female,Jakarta,2024-10-12,DKI Jakarta
CUST00492,Customer 0492,Male,Bandung,2025-09-20,Jawa Barat
CUST00493,Customer 0493,Male,Jakarta,2024-11-25,DKI Jakarta
CUST00494,Customer 0494,Female,Jakarta,2024-06-23,DKI Jakarta
CUST00495,Customer 0495,Male,Bekasi,2025-06-19,Jawa Barat
CUST00496,Customer 0496,Male,Tangerang,2025-02-18,Banten
CUST00497,Customer 0497,Male,Bekasi,2023-06-19,Jawa Barat
CUST00498,Customer 0498,Female,Surabaya,2025-11-03,Jawa Timur
CUST00499,Customer 0499,Male,Bandung,2023-10-15,Jawa Barat
CUST00500,Customer 0500,Female,Yogyakarta,2023-07-08,DI Yogyakarta
CUST00501,Customer 0501,Male,Surabaya,2025-07-02,Jawa Timur
CUST00502,Customer 0502,Male,Surabaya,2024-11-24,Jawa Timur
CUST00503,Customer 0503,Male,Jakarta,2025-06-06,DKI Jakarta
CUST00504,Customer 0504,Female,Bandung,2024-04-15,Jawa Barat
CUST00505,Customer 0505,Male,Bandung,2023-10-04,Jawa Barat
CUST00506,Customer 0506,Male,Bandung,2025-07-28,Jawa Barat
CUST00507,Customer 0507,Female,Bekasi,2024-07-24,Jawa Barat
CUST00508,Customer 0508,Male,Surabaya,2025-05-06,Jawa Timur
CUST00509,Customer 0509,Female,Bekasi,2025-09-27,Jawa Barat
CUST00510,Customer 0510,Female,Depok,2024-04-02,Jawa Barat
CUST00511,Customer 0511,Male,Semarang,2025-07-06,Jawa Tengah
CUST00512,Customer 0512,Female,Tangerang,2025-04-12,Banten
CUST00513,Customer 0513,Male,Makassar,2025-12-23,Sulawesi Selatan
CUST00514,Customer 0514,Female,Jakarta,2025-04-18,DKI Jakarta
CUST00515,Customer 0515,Female,Jakarta,2023-07-12,DKI Jakarta
CUST00516,Customer 0516,Male,Jakarta,2024-09-07,DKI Jakarta
CUST00517,Customer 0517,Female,Tangerang,2024-02-10,Banten
CUST00518,Customer 0518,Female,Yogyakarta,2025-07-31,DI Yogyakarta
CUST00519,Customer 0519,Female,Jakarta,2024-12-21,DKI Jakarta
CUST00520,Customer 0520,Female,Medan,2023-04-03,Sumatera Utara
CUST00521,Customer 0521,Female,Jakarta,2024-03-05,DKI Jakarta
CUST00522,Customer 0522,Male,Medan,2024-10-15,Sumatera Utara
CUST00523,Customer 0523,Female,Bandung,2024-03-09,Jawa Barat
CUST00524,Customer 0524,Male,Jakarta,2024-01-10,DKI Jakarta
CUST00525,Customer 0525,Female,Surabaya,2025-12-18,Jawa Timur
CUST00526,Customer 0526,Male,Jakarta,2025-12-02,DKI Jakarta
CUST00527,Customer 0527,Male,Bandung,2023-07-26,Jawa Barat
CUST00528,Customer 0528,Female,Bandung,2025-02-18,Jawa Barat
CUST00529,Customer 0529,Female,Semarang,2024-06-15,Jawa Tengah
CUST00530,Customer 0530,Female,Surabaya,2023-06-15,Jawa Timur
CUST00531,Customer 0531,Male,Bandung,2024-10-04,Jawa Barat
CUST00532,Customer 0532,Female,Bekasi,2023-03-31,Jawa Barat
CUST00533,Customer 0533,Male,Tangerang,2023-01-13,Banten
CUST00534,Customer 0534,Male,Jakarta,2025-08-30,DKI Jakarta
CUST00535,Customer 0535,Male,Bandung,2025-03-15,Jawa Barat
CUST00536,Customer 0536,Female,Jakarta,2025-08-02,DKI Jakarta
CUST00537,Customer 0537,Female,Jakarta,2025-01-11,DKI Jakarta
CUST00538,Customer 0538,Male,Tangerang,2025-05-25,Banten
CUST00539,Customer 0539,Male,Jakarta,2024-10-21,DKI Jakarta
CUST00540,Customer 0540,Female,Surabaya,2025-10-28,Jawa Timur
CUST00541,Customer 0541,Male,Tangerang,2025-11-18,Banten
CUST00542,Customer 0542,Female,Jakarta,2023-10-23,DKI Jakarta
CUST00543,Customer 0543,Male,Bekasi,2025-09-12,Jawa Barat
CUST00544,Customer 0544,Female,Jakarta,2025-07-14,DKI Jakarta
CUST00545,Customer 0545,Male,Makassar,2024-10-01,Sulawesi Selatan
CUST00546,Customer 0546,Female,Surabaya,2023-12-06,Jawa Timur
CUST00547,Customer 0547,Male,Semarang,2024-09-19,Jawa Tengah
CUST00548,Customer 0548,Female,Bekasi,2024-03-14,Jawa Barat
CUST00549,Customer 0549,Female,Jakarta,2025-07-30,DKI Jakarta
CUST00550,Customer 0550,Male,Tangerang,2025-04-09,Banten
CUST00551,Customer 0551,Male,Makassar,2024-06-02,Sulawesi Selatan
CUST00552,Customer 0552,Female,Bekasi,2025-09-02,Jawa Barat
CUST00553,Customer 0553,Male,Semarang,2025-12-04,Jawa Tengah
CUST00554,Customer 0554,Female,Yogyakarta,2025-08-12,DI Yogyakarta
CUST00555,Customer 0555,Male,Jakarta,2025-08-09,DKI Jakarta
CUST00556,Customer 0556,Female,Jakarta,2025-08-01,DKI Jakarta
CUST00557,Customer 0557,Female,Bekasi,2023-06-04,Jawa Barat
CUST00558,Customer 0558,Female,Bandung,2023-03-29,Jawa Barat
CUST00559,Customer 0559,Female,Semarang,2025-07-19,Jawa Tengah
CUST00560,Customer 0560,Female,Medan,2023-06-28,Sumatera Utara
CUST00561,Customer 0561,Female,Bandung,2023-07-31,Jawa Barat
CUST00562,Customer 0562,Male,Jakarta,2024-04-09,DKI Jakarta
CUST00563,Customer 0563,Male,Depok,2024-09-22,Jawa Barat
CUST00564,Customer 0564,Male,Jakarta,2025-04-04,DKI Jakarta
CUST00565,Customer 0565,Female,Semarang,2024-08-29,Jawa Tengah
CUST00566,Customer 0566,Female,Surabaya,2025-06-03,Jawa Timur
CUST00567,Customer 0567,Female,Tangerang,2024-01-01,Banten
CUST00568,Customer 0568,Female,Jakarta,2023-10-03,DKI Jakarta
CUST00569,Customer 0569,Male,Bekasi,2024-01-15,Jawa Barat
CUST00570,Customer 0570,Male,Surabaya,2025-08-02,Jawa Timur
CUST00571,Customer 0571,Female,Bekasi,2025-12-23,Jawa Barat
CUST00572,Customer 0572,Male,Jakarta,2025-03-20,DKI Jakarta
CUST00573,Customer 0573,Male,Depok,2025-07-13,Jawa Barat
CUST00574,Customer 0574,Female,Yogyakarta,2024-05-08,DI Yogyakarta
CUST00575,Customer 0575,Male,Jakarta,2025-12-30,DKI Jakarta
CUST00576,Customer 0576,Female,Jakarta,2023-12-30,DKI Jakarta
CUST00577,Customer 0577,Male,Jakarta,2024-07-23,DKI Jakarta
CUST00578,Customer 0578,Female,Tangerang,2025-02-01,Banten
CUST00579,Customer 0579,Female,Bekasi,2023-10-03,Jawa Barat
CUST00580,Customer 0580,Female,Bekasi,2023-02-19,Jawa Barat
CUST00581,Customer 0581,Female,Jakarta,2024-12-28,DKI Jakarta
CUST00582,Customer 0582,Male,Bandung,2025-06-24,Jawa Barat
CUST00583,Customer 0583,Female,Bekasi,2025-07-16,Jawa Barat
CUST00584,Customer 0584,Female,Surabaya,2024-07-17,Jawa Timur
CUST00585,Customer 0585,Female,Makassar,2025-02-21,Sulawesi Selatan
CUST00586,Customer 0586,Male,Jakarta,2024-04-29,DKI Jakarta
CUST00587,Customer 0587,Female,Tangerang,2024-08-06,Banten
CUST00588,Customer 0588,Male,Bandung,2023-08-24,Jawa Barat
CUST00589,Customer 0589,Female,Surabaya,2023-02-25,Jawa Timur
CUST00590,Customer 0590,Male,Tangerang,2023-12-26,Banten
CUST00591,Customer 0591,Male,Tangerang,2023-04-20,Banten
CUST00592,Customer 0592,Female,Makassar,2023-07-11,Sulawesi Selatan
CUST00593,Customer 0593,Male,Jakarta,2025-06-22,DKI Jakarta
CUST00594,Customer 0594,Female,Jakarta,2025-05-11,DKI Jakarta
CUST00595,Customer 0595,Female,Depok,2024-07-21,Jawa Barat
CUST00596,Customer 0596,Female,Bekasi,2025-12-19,Jawa Barat
CUST00597,Customer 0597,Male,Jakarta,2024-10-11,DKI Jakarta
CUST00598,Customer 0598,Male,Jakarta,2023-02-08,DKI Jakarta
CUST00599,Customer 0599,Female,Jakarta,2025-12-08,DKI Jakarta
CUST00600,Customer 0600,Female,Yogyakarta,2024-09-28,DI Yogyakarta
CUST00601,Customer 0601,Male,Jakarta,2025-11-02,DKI Jakarta
CUST00602,Customer 0602,Female,Bandung,2023-02-05,Jawa Barat
CUST00603,Customer 0603,Female,Jakarta,2023-04-11,DKI Jakarta
CUST00604,Customer 0604,Female,Bandung,2023-06-15,Jawa Barat
CUST00605,Customer 0605,Male,Jakarta,2024-01-18,DKI Jakarta
CUST00606,Customer 0606,Male,Surabaya,2025-02-28,Jawa Timur
CUST00607,Customer 0607,Male,Jakarta,2023-01-31,DKI Jakarta
CUST00608,Customer 0608,Female,Semarang,2023-01-11,Jawa Tengah
CUST00609,Customer 0609,Female,Jakarta,2023-04-06,DKI Jakarta
CUST00610,Customer 0610,Female,Bekasi,2024-03-28,Jawa Barat
CUST00611,Customer 0611,Male,Yogyakarta,2023-07-11,DI Yogyakarta
CUST00612,Customer 0612,Female,Tangerang,2024-04-30,Banten
CUST00613,Customer 0613,Female,Surabaya,2023-08-26,Jawa Timur
CUST00614,Customer 0614,Female,Bandung,2025-12-24,Jawa Barat
CUST00615,Customer 0615,Female,Bandung,2025-01-04,Jawa Barat
CUST00616,Customer 0616,Male,Tangerang,2025-09-17,Banten
CUST00617,Customer 0617,Male,Makassar,2025-04-04,Sulawesi Selatan
CUST00618,Customer 0618,Female,Tangerang,2023-04-16,Banten
CUST00619,Customer 0619,Male,Bekasi,2023-06-30,Jawa Barat
CUST00620,Customer 0620,Male,Depok,2023-07-03,Jawa Barat
CUST00621,Customer 0621,Female,Surabaya,2023-08-14,Jawa Timur
CUST00622,Customer 0622,Female,Jakarta,2025-02-15,DKI Jakarta
CUST00623,Customer 0623,Male,Bekasi,2025-02-28,Jawa Barat
CUST00624,Customer 0624,Female,BANDUNG,2024-11-18,Sulawesi Selatan
CUST00625,Customer 0625,Male,Jakarta,2024-06-13,DKI Jakarta
CUST00626,Customer 0626,Female,Tangerang,2025-08-29,Banten
CUST00627,Customer 0627,Male,Jakarta,2025-07-24,DKI Jakarta
CUST00628,Customer 0628,Female,Surabaya,2023-04-16,Jawa Timur
CUST00629,Customer 0629,Male,Jakarta,2025-04-10,DKI Jakarta
CUST00630,Customer 0630,Male,Surabaya,2024-11-09,Jawa Timur
CUST00631,Customer 0631,Male,Depok,2025-04-28,Jawa Barat
CUST00632,Customer 0632,Female,Bandung,2025-11-21,Jawa Barat
CUST00633,Customer 0633,Male,Tangerang,2024-01-28,Banten
CUST00634,Customer 0634,Male,Semarang,2023-02-09,Jawa Tengah
CUST00635,Customer 0635,Female,Medan,2024-10-21,Sumatera Utara
CUST00636,Customer 0636,Female,Jakarta,2025-09-07,DKI Jakarta
CUST00637,Customer 0637,Male,Bandung,2025-04-24,Jawa Barat
CUST00638,Customer 0638,Male,Jakarta,2023-07-20,DKI Jakarta
CUST00639,Customer 0639,Female,Makassar,2024-03-22,Sulawesi Selatan
CUST00640,Customer 0640,Female,Medan,2025-11-27,Sumatera Utara
CUST00641,Customer 0641,Female,Surabaya,2024-03-19,Jawa Timur
CUST00642,Customer 0642,Female,Semarang,2025-01-30,Jawa Tengah
CUST00643,Customer 0643,Female,Surabaya,2023-08-15,Jawa Timur
CUST00644,Customer 0644,Male,Bekasi,2023-02-17,Jawa Barat
CUST00645,Customer 0645,Female,Jakarta,2025-11-07,DKI Jakarta
CUST00646,Customer 0646,Male,Depok,2025-06-30,Jawa Barat
CUST00647,Customer 0647,Male,Jakarta,2023-07-06,DKI Jakarta
CUST00648,Customer 0648,Male,Semarang,2023-12-11,Jawa Tengah
CUST00649,Customer 0649,Female,Depok,2023-08-12,Jawa Barat
CUST00650,Customer 0650,Male,Tangerang,2025-04-09,Banten
CUST00651,Customer 0651,Male,Jakarta,2024-05-02,DKI Jakarta
CUST00652,Customer 0652,Female,Bandung,2025-05-26,Jawa Barat
CUST00653,Customer 0653,Male,Jakarta,2025-04-28,DKI Jakarta
CUST00654,Customer 0654,Male,Bandung,2025-09-05,Jawa Barat
CUST00655,Customer 0655,Female,Jakarta,2025-10-13,DKI Jakarta
CUST00656,Customer 0656,Male,Medan,2023-07-07,Sumatera Utara
CUST00657,Customer 0657,Male,Bekasi,2023-09-27,Jawa Barat
CUST00658,Customer 0658,Male,Bandung,2023-11-06,Jawa Barat
CUST00659,Customer 0659,Female,Bandung,2025-04-24,Jawa Barat
CUST00660,Customer 0660,Female,Surabaya,2024-04-30,Jawa Timur
CUST00661,Customer 0661,Female,Bekasi,2023-04-30,Jawa Barat
CUST00662,Customer 0662,Male,Surabaya,2023-08-08,Jawa Timur
CUST00663,Customer 0663,Male,Medan,2023-02-22,Sumatera Utara
CUST00664,Customer 0664,Female,Surabaya,2025-01-27,Jawa Timur
CUST00665,Customer 0665,Male,Makassar,2025-01-07,Sulawesi Selatan
CUST00666,Customer 0666,Male,Yogyakarta,2024-12-20,DI Yogyakarta
CUST00667,Customer 0667,Female,Jakarta,2024-02-10,DKI Jakarta
CUST00668,Customer 0668,Female,Medan,2024-08-30,Sumatera Utara
CUST00669,Customer 0669,Male,Jakarta,2025-10-17,DKI Jakarta
CUST00670,Customer 0670,Male,Semarang,2024-02-26,Jawa Tengah
CUST00671,Customer 0671,Male,Bandung,2024-12-12,Jawa Barat
CUST00672,Customer 0672,Female,Yogyakarta,2023-09-04,DI Yogyakarta
CUST00673,Customer 0673,Female,Yogyakarta,2023-03-13,DI Yogyakarta
CUST00674,Customer 0674,Female,Semarang,2023-07-04,Jawa Tengah
CUST00675,Customer 0675,,Semarang,2023-01-06,Jawa Tengah
CUST00676,Customer 0676,Male,Bandung,2025-06-24,Jawa Barat
CUST00677,Customer 0677,Female,Jakarta,2024-01-22,DKI Jakarta
CUST00678,Customer 0678,Female,Bandung,2024-11-29,Jawa Barat
CUST00679,Customer 0679,Female,Jakarta,2025-04-06,DKI Jakarta
CUST00680,Customer 0680,Female,Tangerang,2023-12-15,Banten
CUST00681,Customer 0681,Female,Bandung,2023-11-04,Jawa Barat
CUST00682,Customer 0682,Male,Makassar,2023-10-14,Sulawesi Selatan
CUST00683,Customer 0683,Male,Tangerang,2025-02-04,Banten
CUST00684,Customer 0684,Female,Semarang,2024-12-25,Jawa Tengah
CUST00685,Customer 0685,Male,Jakarta,2025-01-31,DKI Jakarta
CUST00686,Customer 0686,Female,Yogyakarta,2024-01-18,DI Yogyakarta
CUST00687,Customer 0687,Female,Medan,2024-01-23,Sumatera Utara
CUST00688,Customer 0688,Male,Surabaya,2024-06-08,Jawa Timur
CUST00689,Customer 0689,Male,Bekasi,2024-09-30,Jawa Barat
CUST00690,Customer 0690,Female,Depok,2025-07-26,Jawa Barat
CUST00691,Customer 0691,Female,Jakarta,2023-10-03,DKI Jakarta
CUST00692,Customer 0692,Female,Surabaya,2024-05-14,Jawa Timur
CUST00693,Customer 0693,Male,Bandung,2024-12-17,Jawa Barat
CUST00694,Customer 0694,Female,Jakarta,2023-12-03,DKI Jakarta
CUST00695,Customer 0695,Female,Bandung,2025-07-20,Jawa Barat
CUST00696,Customer 0696,Female,Jakarta,2024-04-25,DKI Jakarta
CUST00697,Customer 0697,Male,Jakarta,2025-06-29,DKI Jakarta
CUST00698,Customer 0698,Female,Jakarta,2025-12-17,DKI Jakarta
CUST00699,Customer 0699,Female,Makassar,2023-04-19,Sulawesi Selatan
CUST00700,Customer 0700,Male,Bekasi,2023-11-24,Jawa Barat
CUST00701,Customer 0701,Female,Makassar,2023-11-11,Sulawesi Selatan
CUST00702,Customer 0702,Female,Surabaya,2024-11-29,Jawa Timur
CUST00703,Customer 0703,Male,Bandung,2025-02-19,Jawa Barat
CUST00704,Customer 0704,Female,Surabaya,2023-06-05,Jawa Timur
CUST00705,Customer 0705,Male,Surabaya,2025-06-05,Jawa Timur
CUST00706,Customer 0706,Male,Jakarta,2025-10-22,DKI Jakarta
CUST00707,Customer 0707,Female,Tangerang,2025-01-27,Banten
CUST00708,Customer 0708,Female,Jakarta,2024-12-22,DKI Jakarta
CUST00709,Customer 0709,Female,Bekasi,2025-07-01,Jawa Barat
CUST00710,Customer 0710,Female,Tangerang,2025-05-20,Banten
CUST00711,Customer 0711,Male,Jakarta,2023-01-13,DKI Jakarta
CUST00712,Customer 0712,Female,Jakarta,2024-08-30,DKI Jakarta
CUST00713,Customer 0713,Male,Depok,2024-05-12,Jawa Barat
CUST00714,Customer 0714,Female,Surabaya,2023-08-26,Jawa Timur
CUST00715,Customer 0715,Female,Jakarta,2025-02-19,DKI Jakarta
CUST00716,Customer 0716,Female,Makassar,2024-08-28,Sulawesi Selatan
CUST00717,Customer 0717,Male,Jakarta,2024-10-22,DKI Jakarta
CUST00718,Customer 0718,Female,Tangerang,2025-04-28,Banten
CUST00719,Customer 0719,Female, jakarta ,2025-07-24,Sulawesi Selatan
CUST00720,Customer 0720,Female,Jakarta,2024-09-19,DKI Jakarta
CUST00721,Customer 0721,Female,Jakarta,2023-05-23,DKI Jakarta
CUST00722,Customer 0722,Male,Jakarta,2024-12-14,DKI Jakarta
CUST00723,Customer 0723,Female,Bandung,2024-04-23,Jawa Barat
CUST00724,Customer 0724,Male,Jakarta,2024-07-18,DKI Jakarta
CUST00725,Customer 0725,Male,Tangerang,2024-04-15,Banten
CUST00726,Customer 0726,,Jakarta,2024-01-19,DKI Jakarta
CUST00727,Customer 0727,Male,Surabaya,2025-07-14,Jawa Timur
CUST00728,Customer 0728,Male,Makassar,2024-02-21,Sulawesi Selatan
CUST00729,Customer 0729,Male,Semarang,2023-11-04,Jawa Tengah
CUST00730,Customer 0730,Female,Bekasi,2024-10-10,Jawa Barat
CUST00731,Customer 0731,Male,Bandung,2025-10-21,Jawa Barat
CUST00732,Customer 0732,Male,Bekasi,2025-12-03,Jawa Barat
CUST00733,Customer 0733,Male,Surabaya,2025-01-08,Jawa Timur
CUST00734,Customer 0734,Female,Surabaya,2023-05-20,Jawa Timur
CUST00735,Customer 0735,Female,Jakarta,2025-08-31,DKI Jakarta
CUST00736,Customer 0736,Male,Yogyakarta,2025-10-13,DI Yogyakarta
CUST00737,Customer 0737,Female,Surabaya,2025-08-10,Jawa Timur
CUST00738,Customer 0738,Male,Jakarta,2025-06-22,DKI Jakarta
CUST00739,Customer 0739,Male,Bandung,2023-03-13,Jawa Barat
CUST00740,Customer 0740,Female,Bandung,2023-04-17,Jawa Barat
CUST00741,Customer 0741,Male,Semarang,2025-12-01,Jawa Tengah
CUST00742,Customer 0742,Female,Depok,2025-06-01,Jawa Barat
CUST00743,Customer 0743,Female,Depok,2023-05-19,Jawa Barat
CUST00744,Customer 0744,Male,Jakarta,2024-09-06,DKI Jakarta
CUST00745,Customer 0745,Male,Bandung,2025-05-12,Jawa Barat
CUST00746,Customer 0746,Female,Surabaya,2023-09-30,Jawa Timur
CUST00747,Customer 0747,Male,Jakarta,2024-02-20,DKI Jakarta
CUST00748,Customer 0748,Male,Jakarta,2024-05-20,DKI Jakarta
CUST00749,Customer 0749,Male,Depok,2025-01-02,Jawa Barat
CUST00750,Customer 0750,Female,Jakarta,2024-02-28,DKI Jakarta
CUST00751,Customer 0751,Female,Surabaya,2024-01-25,Jawa Timur
CUST00752,Customer 0752,Male,Jakarta,2023-12-08,DKI Jakarta
CUST00753,Customer 0753,Female,Jakarta,2025-08-03,DKI Jakarta
CUST00754,Customer 0754,Female,Jakarta,2024-09-05,DKI Jakarta
CUST00755,Customer 0755,Female,Makassar,2024-05-07,Sulawesi Selatan
CUST00756,Customer 0756,Female,Semarang,2023-07-11,Jawa Tengah
CUST00757,Customer 0757,Female,Makassar,2024-05-13,Sulawesi Selatan
CUST00758,Customer 0758,Male,Surabaya,2025-04-01,Jawa Timur
CUST00759,Customer 0759,Male, jakarta ,2023-08-15,DKI Jakarta
CUST00760,Customer 0760,Male,Bekasi,2023-05-19,Jawa Barat
CUST00761,Customer 0761,Female,Surabaya,2025-05-05,Jawa Timur
CUST00762,Customer 0762,Female,Semarang,2025-03-27,Jawa Tengah
CUST00763,Customer 0763,Male,Jakarta,2025-12-22,DKI Jakarta
CUST00764,Customer 0764,Female,Surabaya,2023-04-14,Jawa Timur
CUST00765,Customer 0765,Male,Jakarta,2025-05-20,DKI Jakarta
CUST00766,Customer 0766,Male,Bandung,2024-10-29,Jawa Barat
CUST00767,Customer 0767,Male,Depok,2023-09-30,Jawa Barat
CUST00768,Customer 0768,Female,Surabaya,2025-10-26,Jawa Timur
CUST00769,Customer 0769,Female,Bandung,2023-07-03,Jawa Barat
CUST00770,Customer 0770,Male,Bandung,2025-11-17,Jawa Barat
CUST00771,Customer 0771,Male,Surabaya,2023-10-20,Jawa Timur
CUST00772,Customer 0772,Male,Depok,2023-06-26,Jawa Barat
CUST00773,Customer 0773,Male,Yogyakarta,2023-02-27,DI Yogyakarta
CUST00774,Customer 0774,Female,Makassar,2023-11-04,Sulawesi Selatan
CUST00775,Customer 0775,Female,Depok,2025-09-03,Jawa Barat
CUST00776,Customer 0776,Male,Bandung,2024-11-30,Jawa Barat
CUST00777,Customer 0777,Male,Tangerang,2023-03-24,Banten
CUST00778,Customer 0778,Female,Surabaya,2023-09-09,Jawa Timur
CUST00779,Customer 0779,Female,Jakarta,2025-03-06,DKI Jakarta
CUST00780,Customer 0780,Male,Semarang,2025-06-15,Jawa Tengah
CUST00781,Customer 0781,Male,Jakarta,2023-07-29,DKI Jakarta
CUST00782,Customer 0782,Male,Medan,2025-03-26,Sumatera Utara
CUST00783,Customer 0783,Female,Surabaya,2024-08-31,Jawa Timur
CUST00784,Customer 0784,Female,Tangerang,2024-03-22,Banten
CUST00785,Customer 0785,Female,Tangerang,2024-04-04,Banten
CUST00786,Customer 0786,Male,Yogyakarta,2025-08-25,DI Yogyakarta
CUST00787,Customer 0787,Male,Tangerang,2024-04-16,Banten
CUST00788,Customer 0788,Female,Bekasi,2024-01-05,Jawa Barat
CUST00789,Customer 0789,Female,Jakarta,2025-06-18,DKI Jakarta
CUST00790,Customer 0790,Male,Surabaya,2025-07-11,Jawa Timur
CUST00791,Customer 0791,Female,Jakarta,2023-05-17,DKI Jakarta
CUST00792,Customer 0792,Female,Depok,2024-01-02,Jawa Barat
CUST00793,Customer 0793,Male,Surabaya,2025-06-30,Jawa Timur
CUST00794,Customer 0794,Female,Tangerang,2023-07-03,Banten
CUST00795,Customer 0795,Male,Jakarta,2024-04-16,DKI Jakarta
CUST00796,Customer 0796,Male,Jakarta,2024-10-15,DKI Jakarta
CUST00797,Customer 0797,Male,Tangerang,2025-01-18,Banten
CUST00798,Customer 0798,Male,Jakarta,2024-06-20,DKI Jakarta
CUST00799,Customer 0799,Male,Jakarta,2025-03-12,DKI Jakarta
CUST00800,Customer 0800,Male,Jakarta,2025-07-08,DKI Jakarta
CUST00801,Customer 0801,Male,Makassar,2024-05-24,Sulawesi Selatan
CUST00802,Customer 0802,Female,Depok,2024-09-21,Jawa Barat
CUST00803,Customer 0803,Male,Bandung,2025-09-28,Jawa Barat
CUST00804,Customer 0804,Male,Bandung,2025-07-04,Jawa Barat
CUST00805,Customer 0805,Female,Bandung,2025-10-30,Jawa Barat
CUST00806,Customer 0806,Female,Depok,2023-06-01,Jawa Barat
CUST00807,Customer 0807,Female,Tangerang,2025-10-25,Banten
CUST00808,Customer 0808,Male,Jakarta,2024-04-08,DKI Jakarta
CUST00809,Customer 0809,Female,Jakarta,2023-09-28,DKI Jakarta
CUST00810,Customer 0810,Male,Jakarta,2024-04-04,DKI Jakarta
CUST00811,Customer 0811,Male,Tangerang,2023-04-15,Banten
CUST00812,Customer 0812,Male,Depok,2023-06-11,Jawa Barat
CUST00813,Customer 0813,Male,Jakarta,2023-12-17,DKI Jakarta
CUST00814,Customer 0814,Female,Jakarta,2024-03-09,DKI Jakarta
CUST00815,Customer 0815,Female,Jakarta,2025-05-01,DKI Jakarta
CUST00816,Customer 0816,Male,Makassar,2023-05-20,Sulawesi Selatan
CUST00817,Customer 0817,Male,Bandung,2023-03-28,Jawa Barat
CUST00818,Customer 0818,Male,Depok,2023-07-02,Jawa Barat
CUST00819,Customer 0819,Female,Bekasi,2024-01-03,Jawa Barat
CUST00820,Customer 0820,Male,Bandung,2023-05-09,Jawa Barat
CUST00821,Customer 0821,Male,Jakarta,2024-10-31,DKI Jakarta
CUST00822,Customer 0822,Female,Jakarta,2023-05-29,DKI Jakarta
CUST00823,Customer 0823,Female,Bekasi,2025-09-11,Jawa Barat
CUST00824,Customer 0824,Male,Depok,2025-05-01,Jawa Barat
CUST00825,Customer 0825,Female,Tangerang,2024-09-19,Banten
CUST00826,Customer 0826,Female,Surabaya,2024-03-21,Jawa Timur
CUST00827,Customer 0827,Male,Jakarta,2025-06-02,DKI Jakarta
CUST00828,Customer 0828,Female,Makassar,2023-10-21,Sulawesi Selatan
CUST00829,Customer 0829,Male,Semarang,2023-09-07,Jawa Tengah
CUST00830,Customer 0830,Female,Bandung,2025-05-27,Jawa Barat
CUST00831,Customer 0831,Male,Makassar,2025-08-05,Sulawesi Selatan
CUST00832,Customer 0832,Male,Bekasi,2025-09-01,Jawa Barat
CUST00833,Customer 0833,Male,Bekasi,2025-11-14,Jawa Barat
CUST00834,Customer 0834,Female,Depok,2025-02-27,Jawa Barat
CUST00835,Customer 0835,Male,Semarang,2025-09-10,Jawa Tengah
CUST00836,Customer 0836,Female,Tangerang,2025-06-07,Banten
CUST00837,Customer 0837,Male,Jakarta,2025-06-08,DKI Jakarta
CUST00838,Customer 0838,Male,Bandung,2023-03-11,Jawa Barat
CUST00839,Customer 0839,Female,Medan,2024-09-16,Sumatera Utara
CUST00840,Customer 0840,Male,Jakarta,2025-05-24,DKI Jakarta
CUST00841,Customer 0841,Male,Bandung,2024-04-15,Jawa Barat
CUST00842,Customer 0842,Female,Surabaya,2023-04-01,Jawa Timur
CUST00843,Customer 0843,Male,Surabaya,2024-06-13,Jawa Timur
CUST00844,Customer 0844,Male,Bekasi,2024-10-22,Jawa Barat
CUST00845,Customer 0845,Male,Medan,2025-01-08,Sumatera Utara
CUST00846,Customer 0846,Male,Jakarta,2024-12-26,DKI Jakarta
CUST00847,Customer 0847,,Jakarta,2025-05-21,DKI Jakarta
CUST00848,Customer 0848,Female,Jakarta,2023-07-11,DKI Jakarta
CUST00849,Customer 0849,Male,Yogyakarta,2023-05-18,DI Yogyakarta
CUST00850,Customer 0850,Female,Tangerang,2023-12-11,Banten
CUST00851,Customer 0851,Male,Bandung,2025-10-05,Jawa Barat
CUST00852,Customer 0852,Female,Semarang,2024-05-17,Jawa Tengah
CUST00853,Customer 0853,Male,Yogyakarta,2023-07-22,DI Yogyakarta
CUST00854,Customer 0854,Male,Semarang,2024-07-26,Jawa Tengah
CUST00855,Customer 0855,Male,Medan,2023-07-11,Sumatera Utara
CUST00856,Customer 0856,Male,Jakarta,2023-01-05,DKI Jakarta
CUST00857,Customer 0857,Male,Depok,2023-11-07,Jawa Barat
CUST00858,Customer 0858,Male,Surabaya,2024-07-02,Jawa Timur
CUST00859,Customer 0859,Female,Semarang,2023-02-25,Jawa Tengah
CUST00860,Customer 0860,Male,Depok,2024-03-18,Jawa Barat
CUST00861,Customer 0861,Female,Depok,2025-05-19,Jawa Barat
CUST00862,Customer 0862,Male,Tangerang,2024-08-07,Banten
CUST00863,Customer 0863,Female,Jakarta,2025-01-21,DKI Jakarta
CUST00864,Customer 0864,Female,Bekasi,2023-12-26,Jawa Barat
CUST00865,Customer 0865,Female,Makassar,2025-03-29,Sulawesi Selatan
CUST00866,Customer 0866,Male,Medan,2023-01-30,Sumatera Utara
CUST00867,Customer 0867,Male,Jakarta,2023-04-18,DKI Jakarta
CUST00868,Customer 0868,Female,Jakarta,2025-04-23,DKI Jakarta
CUST00869,Customer 0869,Male,Jakarta,2024-12-17,DKI Jakarta
CUST00870,Customer 0870,Female,Depok,2025-06-09,Jawa Barat
CUST00871,Customer 0871,Male,Semarang,2025-08-17,Jawa Tengah
CUST00872,Customer 0872,Female,Jakarta,2025-06-11,DKI Jakarta
CUST00873,Customer 0873,Female,Surabaya,2025-01-01,Jawa Timur
CUST00874,Customer 0874,Male,Semarang,2024-08-28,Jawa Tengah
CUST00875,Customer 0875,Female,Depok,2024-04-01,Jawa Barat
CUST00876,Customer 0876,Male,Bekasi,2024-09-06,Jawa Barat
CUST00877,Customer 0877,Female,Bekasi,2024-11-28,Jawa Barat
CUST00878,Customer 0878,Female,Surabaya,2024-11-04,Jawa Timur
CUST00879,Customer 0879,Male,Bandung,2024-06-26,Jawa Barat
CUST00880,Customer 0880,Male,Bekasi,2025-05-06,Jawa Barat
CUST00881,Customer 0881,Male,Tangerang,2025-06-15,Banten
CUST00882,Customer 0882,Female,Yogyakarta,2023-10-05,DI Yogyakarta
CUST00883,Customer 0883,Male,Tangerang,2024-07-05,Banten
CUST00884,Customer 0884,Female,Depok,2023-04-21,Jawa Barat
CUST00885,Customer 0885,Female,Jakarta,2024-01-20,DKI Jakarta
CUST00886,Customer 0886,Male,Surabaya,2025-01-30,Jawa Timur
CUST00887,Customer 0887,Male,Jakarta,2024-11-24,DKI Jakarta
CUST00888,Customer 0888,Female,Jakarta,2024-02-09,DKI Jakarta
CUST00889,Customer 0889,Female,Depok,2023-01-22,Jawa Barat
CUST00890,Customer 0890,Male,Makassar,2024-11-08,Sulawesi Selatan
CUST00891,Customer 0891,Male,Jakarta,2024-09-02,DKI Jakarta
CUST00892,Customer 0892,Male,Bandung,2023-01-08,Jawa Barat
CUST00893,Customer 0893,Male,Semarang,2024-12-02,Jawa Tengah
CUST00894,Customer 0894,Male,Jakarta,2024-06-12,DKI Jakarta
CUST00895,Customer 0895,Female,Bekasi,2024-08-24,Jawa Barat
CUST00896,Customer 0896,Female,Depok,2024-10-18,Jawa Barat
CUST00897,Customer 0897,Female,Bekasi,2023-06-15,Jawa Barat
CUST00898,Customer 0898,Female,Jakarta,2025-04-28,DKI Jakarta
CUST00899,Customer 0899,Male,Bandung,2024-05-10,Jawa Barat
CUST00900,Customer 0900,Male,Depok,2024-08-12,Jawa Barat
CUST00901,Customer 0901,Male,Bekasi,2024-03-04,Jawa Barat
CUST00902,Customer 0902,Female,Jakarta,2025-02-12,DKI Jakarta
CUST00903,Customer 0903,Female,Depok,2023-06-12,Jawa Barat
CUST00904,Customer 0904,Male,Jakarta,2024-01-01,DKI Jakarta
CUST00905,Customer 0905,Male,Depok,2023-03-13,Jawa Barat
CUST00906,Customer 0906,Female,Jakarta,2024-10-16,DKI Jakarta
CUST00907,Customer 0907,Female,Makassar,2023-09-26,Sulawesi Selatan
CUST00908,Customer 0908,Male,Bandung,2024-02-19,Jawa Barat
CUST00909,Customer 0909,Male,Bandung,2025-10-12,Jawa Barat
CUST00910,Customer 0910,Female,Jakarta,2024-11-05,DKI Jakarta
CUST00911,Customer 0911,Male,Bandung,2025-12-19,Jawa Barat
CUST00912,Customer 0912,Male,Yogyakarta,2023-01-06,DI Yogyakarta
CUST00913,Customer 0913,Male,Makassar,2025-09-08,Sulawesi Selatan
CUST00914,Customer 0914,Female,Bandung,2024-07-23,Jawa Barat
CUST00915,Customer 0915,Female,Surabaya,2024-02-11,Jawa Timur
CUST00916,Customer 0916,Female,Depok,2023-01-26,Jawa Barat
CUST00917,Customer 0917,Female,Yogyakarta,2025-10-25,DI Yogyakarta
CUST00918,Customer 0918,Female,Bekasi,2025-09-12,Jawa Barat
CUST00919,Customer 0919,Female,Bandung,2024-01-25,Jawa Barat
CUST00920,Customer 0920,Female,Bandung,2024-12-10,Jawa Barat
CUST00921,Customer 0921,Male,Tangerang,2024-07-24,Banten
CUST00922,Customer 0922,Male,Jakarta,2025-01-23,DKI Jakarta
CUST00923,Customer 0923,Male,Bekasi,2023-05-26,Jawa Barat
CUST00924,Customer 0924,Male,Bandung,2025-02-23,Jawa Barat
CUST00925,Customer 0925,Male,Semarang,2024-06-09,Jawa Tengah
CUST00926,Customer 0926,Male,Jakarta,2023-01-13,DKI Jakarta
CUST00927,Customer 0927,Male,Bekasi,2025-06-21,Jawa Barat
CUST00928,Customer 0928,Female, jakarta ,2024-01-19,Jawa Timur
CUST00929,Customer 0929,Female,Tangerang,2024-07-09,Banten
CUST00930,Customer 0930,Male,Jakarta,2025-06-05,DKI Jakarta
CUST00931,Customer 0931,Male,Bekasi,2023-01-19,Jawa Barat
CUST00932,Customer 0932,Female,Bekasi,2024-07-28,Jawa Barat
CUST00933,Customer 0933,Male,Bekasi,2025-01-20,Jawa Barat
CUST00934,Customer 0934,Male,Bekasi,2025-09-30,Jawa Barat
CUST00935,Customer 0935,Female,Tangerang,2024-02-23,Banten
CUST00936,Customer 0936,Male,Semarang,2024-02-23,Jawa Tengah
CUST00937,Customer 0937,Female,Jakarta,2023-05-02,DKI Jakarta
CUST00938,Customer 0938,Male,Semarang,2024-03-07,Jawa Tengah
CUST00939,Customer 0939,Female,Surabaya,2023-02-13,Jawa Timur
CUST00940,Customer 0940,Female,Jakarta,2024-01-16,DKI Jakarta
CUST00941,Customer 0941,Female,Jakarta,2023-05-25,DKI Jakarta
CUST00942,Customer 0942,Male,Bandung,2023-12-29,Jawa Barat
CUST00943,Customer 0943,Female,Depok,2025-12-09,Jawa Barat
CUST00944,Customer 0944,Male,Tangerang,2025-12-24,Banten
CUST00945,Customer 0945,Male,Depok,2023-12-21,Jawa Barat
CUST00946,Customer 0946,Male,Surabaya,2025-03-10,Jawa Timur
CUST00947,Customer 0947,Male,Surabaya,2025-04-05,Jawa Timur
CUST00948,Customer 0948,Female,Jakarta,2024-02-02,DKI Jakarta
CUST00949,Customer 0949,Female,Bandung,2025-05-29,Jawa Barat
CUST00950,Customer 0950,Male,Surabaya,2024-04-07,Jawa Timur
CUST00951,Customer 0951,Male,Jakarta,2025-03-18,DKI Jakarta
CUST00952,Customer 0952,Female,Jakarta,2023-07-06,DKI Jakarta
CUST00953,Customer 0953,Male,Bekasi,2025-01-01,Jawa Barat
CUST00954,Customer 0954,Female,Depok,2024-03-04,Jawa Barat
CUST00955,Customer 0955,Male,Makassar,2025-05-07,Sulawesi Selatan
CUST00956,Customer 0956,Male,Medan,2023-08-25,Sumatera Utara
CUST00957,Customer 0957,Female,Tangerang,2025-02-09,Banten
CUST00958,Customer 0958,Male,Surabaya,2025-01-27,Jawa Timur
CUST00959,Customer 0959,Female,Tangerang,2023-05-16,Banten
CUST00960,Customer 0960,Male,Depok,2025-03-02,Jawa Barat
CUST00961,Customer 0961,Male,Jakarta,2023-06-20,DKI Jakarta
CUST00962,Customer 0962,Male,Bandung,2023-06-08,Jawa Barat
CUST00963,Customer 0963,Female,Semarang,2023-07-20,Jawa Tengah
CUST00964,Customer 0964,Male,Bandung,2025-08-19,Jawa Barat
CUST00965,Customer 0965,Male,Bekasi,2024-08-05,Jawa Barat
CUST00966,Customer 0966,Male,Bekasi,2025-05-25,Jawa Barat
CUST00967,Customer 0967,Male,Jakarta,2024-01-06,DKI Jakarta
CUST00968,Customer 0968,Female,Bandung,2023-04-13,Jawa Barat
CUST00969,Customer 0969,Female,Bandung,2025-09-28,Jawa Barat
CUST00970,Customer 0970,Male,Jakarta,2025-09-02,DKI Jakarta
CUST00971,Customer 0971,Female,Jakarta,2025-03-08,DKI Jakarta
CUST00972,Customer 0972,Male,Semarang,2024-10-19,Jawa Tengah
CUST00973,Customer 0973,Male,Jakarta,2025-05-31,DKI Jakarta
CUST00974,Customer 0974,Male,Surabaya,2025-01-02,Jawa Timur
CUST00975,Customer 0975,Female,Bandung,2024-02-27,Jawa Barat
CUST00976,Customer 0976,Female,Medan,2024-07-25,Sumatera Utara
CUST00977,Customer 0977,Female,Jakarta,2023-06-20,DKI Jakarta
CUST00978,Customer 0978,Female,Surabaya,2023-06-22,Jawa Timur
CUST00979,Customer 0979,Female,Yogyakarta,2024-10-24,DI Yogyakarta
CUST00980,Customer 0980,Female,Semarang,2024-03-28,Jawa Tengah
CUST00981,Customer 0981,Female,Jakarta,2023-12-16,DKI Jakarta
CUST00982,Customer 0982,Female,Semarang,2024-05-08,Jawa Tengah
CUST00983,Customer 0983,Female,Surabaya,2024-09-11,Jawa Timur
CUST00984,Customer 0984,Male,Surabaya,2025-10-24,Jawa Timur
CUST00985,Customer 0985,Female,Jakarta,2025-07-07,DKI Jakarta
CUST00986,Customer 0986,Female,Jakarta,2023-01-06,DKI Jakarta
CUST00987,Customer 0987,Female,Depok,2023-10-15,Jawa Barat
CUST00988,Customer 0988,Female,Surabaya,2024-08-30,Jawa Timur
CUST00989,Customer 0989,Female,Surabaya,2024-04-01,Jawa Timur
CUST00990,Customer 0990,Female,Depok,2025-10-26,Jawa Barat
CUST00991,Customer 0991,Female,Depok,2024-09-15,Jawa Barat
CUST00992,Customer 0992,Female,Jakarta,2024-01-11,DKI Jakarta
CUST00993,Customer 0993,Female,Bekasi,2024-03-22,Jawa Barat
CUST00994,Customer 0994,Female,Jakarta,2025-04-14,DKI Jakarta
CUST00995,Customer 0995,Female,Depok,2025-03-21,Jawa Barat
CUST00996,Customer 0996,Male,Tangerang,2025-08-16,Banten
CUST00997,Customer 0997,Male,Makassar,2025-04-28,Sulawesi Selatan
CUST00998,Customer 0998,Female,Jakarta,2025-03-19,DKI Jakarta
CUST00999,Customer 0999,Female,Jakarta,2025-09-05,DKI Jakarta
CUST01000,Customer 1000,Male,Bandung,2024-02-20,Jawa Barat
CUST01001,Customer 1001,Female,Jakarta,2024-12-26,DKI Jakarta
CUST01002,Customer 1002,Male,Jakarta,2024-03-29,DKI Jakarta
CUST01003,Customer 1003,Male,Medan,2023-05-30,Sumatera Utara
CUST01004,Customer 1004,Male,Jakarta,2025-01-28,DKI Jakarta
CUST01005,Customer 1005,Male,Jakarta,2025-02-17,DKI Jakarta
CUST01006,Customer 1006,,Depok,2025-08-30,Jawa Barat
CUST01007,Customer 1007,Female,Surabaya,2025-02-01,Jawa Timur
CUST01008,Customer 1008,Male,Depok,2025-09-28,Jawa Barat
CUST01009,Customer 1009,Female,Jakarta,2023-03-17,DKI Jakarta
CUST01010,Customer 1010,Female,Surabaya,2024-08-21,Jawa Timur
CUST01011,Customer 1011,Male,Jakarta,2023-08-13,DKI Jakarta
CUST01012,Customer 1012,Male,Jakarta,2023-04-23,DKI Jakarta
CUST01013,Customer 1013,Female,Medan,2023-09-08,Sumatera Utara
CUST01014,Customer 1014,Male,Jakarta,2025-04-20,DKI Jakarta
CUST01015,Customer 1015,Male,Surabaya,2024-12-14,Jawa Timur
CUST01016,Customer 1016,Female,Bandung,2023-05-05,Jawa Barat
CUST01017,Customer 1017,Female,Bandung,2025-12-28,Jawa Barat
CUST01018,Customer 1018,Male,Yogyakarta,2025-12-06,DI Yogyakarta
CUST01019,Customer 1019,Female,Jakarta,2025-06-02,DKI Jakarta
CUST01020,Customer 1020,Male,Tangerang,2023-01-30,Banten
CUST01021,Customer 1021,Male,Makassar,2023-10-08,Sulawesi Selatan
CUST01022,Customer 1022,Male,Bekasi,2025-07-12,Jawa Barat
CUST01023,Customer 1023,Female,Medan,2024-01-03,Sumatera Utara
CUST01024,Customer 1024,Female,Jakarta,2024-05-09,DKI Jakarta
CUST01025,Customer 1025,Female,Bandung,2025-11-14,Jawa Barat
CUST01026,Customer 1026,Female,Jakarta,2024-12-18,DKI Jakarta
CUST01027,Customer 1027,Female,Depok,2025-10-13,Jawa Barat
CUST01028,Customer 1028,Male,Makassar,2024-08-28,Sulawesi Selatan
CUST01029,Customer 1029,Male,Jakarta,2024-01-10,DKI Jakarta
CUST01030,Customer 1030,Male,Tangerang,2024-09-30,Banten
CUST01031,Customer 1031,Male,Jakarta,2025-11-14,DKI Jakarta
CUST01032,Customer 1032,Female,Bekasi,2023-04-26,Jawa Barat
CUST01033,Customer 1033,Male,Surabaya,2023-02-17,Jawa Timur
CUST01034,Customer 1034,Female,Makassar,2023-04-09,Sulawesi Selatan
CUST01035,Customer 1035,Male,Bekasi,2024-02-09,Jawa Barat
CUST01036,Customer 1036,Female,Bandung,2024-11-15,Jawa Barat
CUST01037,Customer 1037,Female,Jakarta,2025-06-21,DKI Jakarta
CUST01038,Customer 1038,Male,Jakarta,2024-05-17,DKI Jakarta
CUST01039,Customer 1039,Male,Jakarta,2025-06-12,DKI Jakarta
CUST01040,Customer 1040,Male,Jakarta,2023-09-15,DKI Jakarta
CUST01041,Customer 1041,Male,Yogyakarta,2025-04-23,DI Yogyakarta
CUST01042,Customer 1042,Female,Bekasi,2023-05-01,Jawa Barat
CUST01043,Customer 1043,Male,Surabaya,2025-03-20,Jawa Timur
CUST01044,Customer 1044,Male,Jakarta,2025-09-04,DKI Jakarta
CUST01045,Customer 1045,Female,Yogyakarta,2023-02-23,DI Yogyakarta
CUST01046,Customer 1046,Male,Depok,2025-10-15,Jawa Barat
CUST01047,Customer 1047,Male,Jakarta,2025-02-22,DKI Jakarta
CUST01048,Customer 1048,Male,Tangerang,2023-08-29,Banten
CUST01049,Customer 1049,Male,Bekasi,2024-04-27,Jawa Barat
CUST01050,Customer 1050,Male,Jakarta,2025-10-09,DKI Jakarta
CUST01051,Customer 1051,Female,Surabaya,2023-07-06,Jawa Timur
CUST01052,Customer 1052,Male,Surabaya,2024-10-17,Jawa Timur
CUST01053,Customer 1053,Male,BANDUNG,2023-09-19,DKI Jakarta
CUST01054,Customer 1054,Male,Medan,2025-08-10,Sumatera Utara
CUST01055,Customer 1055,Male,Semarang,2024-05-05,Jawa Tengah
CUST01056,Customer 1056,Male,Tangerang,2024-03-06,Banten
CUST01057,Customer 1057,Female,Surabaya,2023-08-27,Jawa Timur
CUST01058,Customer 1058,Male,Bandung,2023-10-31,Jawa Barat
CUST01059,Customer 1059,Female,Tangerang,2023-10-25,Banten
CUST01060,Customer 1060,Female,Bekasi,2023-03-17,Jawa Barat
CUST01061,Customer 1061,Male,Jakarta,2025-09-25,DKI Jakarta
CUST01062,Customer 1062,Male,Surabaya,2024-10-03,Jawa Timur
CUST01063,Customer 1063,Male,Semarang,2025-04-06,Jawa Tengah
CUST01064,Customer 1064,Male,Surabaya,2023-10-10,Jawa Timur
CUST01065,Customer 1065,Female,Jakarta,2024-08-13,DKI Jakarta
CUST01066,Customer 1066,Male,Depok,2023-03-13,Jawa Barat
CUST01067,Customer 1067,Male,Jakarta,2024-12-03,DKI Jakarta
CUST01068,Customer 1068,Male,Jakarta,2024-07-28,DKI Jakarta
CUST01069,Customer 1069,Male,Jakarta,2025-09-26,DKI Jakarta
CUST01070,Customer 1070,Male,Bandung,2025-06-10,Jawa Barat
CUST01071,Customer 1071,Male,Depok,2023-01-12,Jawa Barat
CUST01072,Customer 1072,Female,Surabaya,2023-05-21,Jawa Timur
CUST01073,Customer 1073,Female,Jakarta,2023-01-17,DKI Jakarta
CUST01074,Customer 1074,Male,Yogyakarta,2025-12-22,DI Yogyakarta
CUST01075,Customer 1075,Male,Yogyakarta,2023-09-10,DI Yogyakarta
CUST01076,Customer 1076,Male,Yogyakarta,2024-04-09,DI Yogyakarta
CUST01077,Customer 1077,Female,Jakarta,2024-01-11,DKI Jakarta
CUST01078,Customer 1078,Male,Surabaya,2025-09-07,Jawa Timur
CUST01079,Customer 1079,Female,Makassar,2024-06-03,Sulawesi Selatan
CUST01080,Customer 1080,Male,Depok,2023-03-31,Jawa Barat
CUST01081,Customer 1081,Male,Jakarta,2024-12-20,DKI Jakarta
CUST01082,Customer 1082,Male,Jakarta,2025-03-14,DKI Jakarta
CUST01083,Customer 1083,Male,Surabaya,2025-03-06,Jawa Timur
CUST01084,Customer 1084,Female,Medan,2024-09-21,Sumatera Utara
CUST01085,Customer 1085,Female,Surabaya,2023-03-17,Jawa Timur
CUST01086,Customer 1086,Male,Surabaya,2025-07-14,Jawa Timur
CUST01087,Customer 1087,Male,Jakarta,2024-02-04,DKI Jakarta
CUST01088,Customer 1088,Female,Tangerang,2025-08-27,Banten
CUST01089,Customer 1089,Female,Semarang,2025-12-30,Jawa Tengah
CUST01090,Customer 1090,Female,Bandung,2025-03-07,Jawa Barat
CUST01091,Customer 1091,Female,Depok,2023-07-14,Jawa Barat
CUST01092,Customer 1092,Male,Makassar,2023-08-16,Sulawesi Selatan
CUST01093,Customer 1093,Female,Jakarta,2024-04-05,DKI Jakarta
CUST01094,Customer 1094,Male,Surabaya,2024-09-09,Jawa Timur
CUST01095,Customer 1095,Female,Bandung,2025-11-10,Jawa Barat
CUST01096,Customer 1096,Female,Semarang,2023-03-05,Jawa Tengah
CUST01097,Customer 1097,Female,Bekasi,2023-06-14,Jawa Barat
CUST01098,Customer 1098,Female,Tangerang,2023-01-27,Banten
CUST01099,Customer 1099,Female,Semarang,2025-10-08,Jawa Tengah
CUST01100,Customer 1100,Male,Bandung,2023-10-12,Jawa Barat
CUST01101,Customer 1101,Male,Medan,2023-10-08,Sumatera Utara
CUST01102,Customer 1102,Female,Surabaya,2025-04-17,Jawa Timur
CUST01103,Customer 1103,Female,Jakarta,2025-04-10,DKI Jakarta
CUST01104,Customer 1104,Male,Tangerang,2025-07-06,Banten
CUST01105,Customer 1105,Female,Semarang,2023-08-12,Jawa Tengah
CUST01106,Customer 1106,Female,Bandung,2025-02-22,Jawa Barat
CUST01107,Customer 1107,Male,Yogyakarta,2025-08-22,DI Yogyakarta
CUST01108,Customer 1108,Female,Medan,2025-08-07,Sumatera Utara
CUST01109,Customer 1109,Female,Jakarta,2025-11-19,DKI Jakarta
CUST01110,Customer 1110,Male,Makassar,2023-02-14,Sulawesi Selatan
CUST01111,Customer 1111,Male,Jakarta,2024-04-15,DKI Jakarta
CUST01112,Customer 1112,Male,Jakarta,2023-02-03,DKI Jakarta
CUST01113,Customer 1113,Female,Jakarta,2024-10-14,DKI Jakarta
CUST01114,Customer 1114,Male,Yogyakarta,2025-04-09,DI Yogyakarta
CUST01115,Customer 1115,Male,Tangerang,2023-08-09,Banten
CUST01116,Customer 1116,Male,Jakarta,2024-06-17,DKI Jakarta
CUST01117,Customer 1117,Male,Surabaya,2024-11-22,Jawa Timur
CUST01118,Customer 1118,Male,Bekasi,2025-07-20,Jawa Barat
CUST01119,Customer 1119,Male,Jakarta,2025-04-20,DKI Jakarta
CUST01120,Customer 1120,Female,Yogyakarta,2025-10-07,DI Yogyakarta
CUST01121,Customer 1121,Female,Semarang,2024-08-04,Jawa Tengah
CUST01122,Customer 1122,Male,Surabaya,2023-08-27,Jawa Timur
CUST01123,Customer 1123,Male,Makassar,2024-03-16,Sulawesi Selatan
CUST01124,Customer 1124,Male,Bandung,2023-05-28,Jawa Barat
CUST01125,Customer 1125,Female,Makassar,2025-10-29,Sulawesi Selatan
CUST01126,Customer 1126,Female,Tangerang,2024-01-23,Banten
CUST01127,Customer 1127,Female,Tangerang,2025-12-09,Banten
CUST01128,Customer 1128,Female,Jakarta,2025-07-04,DKI Jakarta
CUST01129,Customer 1129,Female,Yogyakarta,2024-09-29,DI Yogyakarta
CUST01130,Customer 1130,Female,Surabaya,2023-10-05,Jawa Timur
CUST01131,Customer 1131,Female,Jakarta,2025-09-15,DKI Jakarta
CUST01132,Customer 1132,Female,Jakarta,2024-08-11,DKI Jakarta
CUST01133,Customer 1133,Female,Bekasi,2024-10-10,Jawa Barat
CUST01134,Customer 1134,Male,Surabaya,2024-09-09,Jawa Timur
CUST01135,Customer 1135,Male,Tangerang,2023-05-15,Banten
CUST01136,Customer 1136,Male,Yogyakarta,2024-08-02,DI Yogyakarta
CUST01137,Customer 1137,Male,Jakarta,2024-05-04,DKI Jakarta
CUST01138,Customer 1138,Female,Depok,2024-04-22,Jawa Barat
CUST01139,Customer 1139,Female,Jakarta,2024-01-19,DKI Jakarta
CUST01140,Customer 1140,Male,Yogyakarta,2023-06-12,DI Yogyakarta
CUST01141,Customer 1141,Female,Semarang,2024-03-16,Jawa Tengah
CUST01142,Customer 1142,Male,Bekasi,2024-02-19,Jawa Barat
CUST01143,Customer 1143,Female,Tangerang,2023-10-15,Banten
CUST01144,Customer 1144,Male,Bandung,2023-07-06,Jawa Barat
CUST01145,Customer 1145,Female,Surabaya,2023-05-10,Jawa Timur
CUST01146,Customer 1146,Female,Semarang,2023-07-13,Jawa Tengah
CUST01147,Customer 1147,Male,Surabaya,2023-11-12,Jawa Timur
CUST01148,Customer 1148,Female,Bandung,2023-05-24,Jawa Barat
CUST01149,Customer 1149,Male,Surabaya,2023-01-16,Jawa Timur
CUST01150,Customer 1150,Male,Semarang,2024-02-27,Jawa Tengah
CUST01151,Customer 1151,Male,Bandung,2023-09-02,Jawa Barat
CUST01152,Customer 1152,Male,Jakarta,2025-07-15,DKI Jakarta
CUST01153,Customer 1153,Female,Tangerang,2023-05-09,Banten
CUST01154,Customer 1154,Female,Semarang,2025-06-25,Jawa Tengah
CUST01155,Customer 1155,Female,Jakarta,2025-06-05,DKI Jakarta
CUST01156,Customer 1156,Male,Jakarta,2023-12-07,DKI Jakarta
CUST01157,Customer 1157,Female,Jakarta,2023-01-04,DKI Jakarta
CUST01158,Customer 1158,Male,Bandung,2023-11-02,Jawa Barat
CUST01159,Customer 1159,Female,Surabaya,2025-06-26,Jawa Timur
CUST01160,Customer 1160,Female,Depok,2024-08-29,Jawa Barat
CUST01161,Customer 1161,Female,Tangerang,2025-09-18,Banten
CUST01162,Customer 1162,Male,Bekasi,2023-11-17,Jawa Barat
CUST01163,Customer 1163,Female, jakarta ,2024-07-12,Jawa Barat
CUST01164,Customer 1164,Female,Semarang,2024-09-09,Jawa Tengah
CUST01165,Customer 1165,Male,Surabaya,2024-12-11,Jawa Timur
CUST01166,Customer 1166,Female,Makassar,2024-06-14,Sulawesi Selatan
CUST01167,Customer 1167,Male,Tangerang,2024-02-14,Banten
CUST01168,Customer 1168,Female,Jakarta,2025-03-28,DKI Jakarta
CUST01169,Customer 1169,Male,Tangerang,2024-05-07,Banten
CUST01170,Customer 1170,Male,Bandung,2023-01-12,Jawa Barat
CUST01171,Customer 1171,Female,Tangerang,2023-07-14,Banten
CUST01172,Customer 1172,Male,Jakarta,2024-05-04,DKI Jakarta
CUST01173,Customer 1173,Male,Jakarta,2025-03-05,DKI Jakarta
CUST01174,Customer 1174,Male,Yogyakarta,2025-05-30,DI Yogyakarta
CUST01175,Customer 1175,Male,Jakarta,2023-07-01,DKI Jakarta
CUST01176,Customer 1176,Male,Semarang,2025-08-19,Jawa Tengah
CUST01177,Customer 1177,Male,Jakarta,2024-10-17,DKI Jakarta
CUST01178,Customer 1178,Female,Tangerang,2024-11-24,Banten
CUST01179,Customer 1179,Male,Tangerang,2023-01-30,Banten
CUST01180,Customer 1180,Male,Surabaya,2025-02-16,Jawa Timur
CUST01181,Customer 1181,Female,Bandung,2024-03-19,Jawa Barat
CUST01182,Customer 1182,Female,Jakarta,2023-10-25,DKI Jakarta
CUST01183,Customer 1183,Female,Jakarta,2025-03-18,DKI Jakarta
CUST01184,Customer 1184,Female,Bandung,2025-04-24,Jawa Barat
CUST01185,Customer 1185,Female,Tangerang,2025-10-12,Banten
CUST01186,Customer 1186,Female,Medan,2024-07-07,Sumatera Utara
CUST01187,Customer 1187,Female,Yogyakarta,2023-10-30,DI Yogyakarta
CUST01188,Customer 1188,Male,Depok,2024-02-25,Jawa Barat
CUST01189,Customer 1189,Male,Depok,2023-07-04,Jawa Barat
CUST01190,Customer 1190,Female,Tangerang,2024-04-12,Banten
CUST01191,Customer 1191,Male,Jakarta,2025-01-23,DKI Jakarta
CUST01192,Customer 1192,Male,Medan,2023-12-29,Sumatera Utara
CUST01193,Customer 1193,Male,Tangerang,2023-12-02,Banten
CUST01194,Customer 1194,Female,Bekasi,2023-06-11,Jawa Barat
CUST01195,Customer 1195,Female,Jakarta,2023-01-12,DKI Jakarta
CUST01196,Customer 1196,Male,Surabaya,2024-08-10,Jawa Timur
CUST01197,Customer 1197,Female,Surabaya,2023-07-20,Jawa Timur
CUST01198,Customer 1198,Male,Yogyakarta,2024-06-05,DI Yogyakarta
CUST01199,Customer 1199,Male,Bekasi,2024-05-19,Jawa Barat
CUST01200,Customer 1200,Male,Bandung,2025-02-26,Jawa Barat
CUST01201,Customer 1201,Male,Makassar,2025-11-28,Sulawesi Selatan
CUST01202,Customer 1202,Female,Jakarta,2023-03-01,DKI Jakarta
CUST01203,Customer 1203,Female,Surabaya,2024-07-31,Jawa Timur
CUST01204,Customer 1204,Female,Jakarta,2023-11-17,DKI Jakarta
CUST01205,Customer 1205,Male,Depok,2025-07-11,Jawa Barat
CUST01206,Customer 1206,Female,Medan,2024-07-22,Sumatera Utara
CUST01207,Customer 1207,Male,Bandung,2024-06-10,Jawa Barat
CUST01208,Customer 1208,Female,Yogyakarta,2024-06-07,DI Yogyakarta
CUST01209,Customer 1209,Male,Bandung,2024-09-04,Jawa Barat
CUST01210,Customer 1210,Male,Medan,2023-05-05,Sumatera Utara
CUST01211,Customer 1211,Male,Depok,2025-05-20,Jawa Barat
CUST01212,Customer 1212,Female,Semarang,2023-10-07,Jawa Tengah
CUST01213,Customer 1213,Female,Jakarta,2025-07-05,DKI Jakarta
CUST01214,Customer 1214,Female,Makassar,2024-09-13,Sulawesi Selatan
CUST01215,Customer 1215,Female,Depok,2025-04-25,Jawa Barat
CUST01216,Customer 1216,Male,Bandung,2024-11-04,Jawa Barat
CUST01217,Customer 1217,Female,Semarang,2023-11-10,Jawa Tengah
CUST01218,Customer 1218,Female,Bandung,2023-11-28,Jawa Barat
CUST01219,Customer 1219,Male,Yogyakarta,2023-02-05,DI Yogyakarta
CUST01220,Customer 1220,Male,Jakarta,2025-11-11,DKI Jakarta
CUST01221,Customer 1221,Male,Tangerang,2023-07-25,Banten
CUST01222,Customer 1222,Female,Bekasi,2024-09-30,Jawa Barat
CUST01223,Customer 1223,Male,Jakarta,2025-04-27,DKI Jakarta
CUST01224,Customer 1224,Male,Jakarta,2024-03-15,DKI Jakarta
CUST01225,Customer 1225,Male,Jakarta,2024-12-29,DKI Jakarta
CUST01226,Customer 1226,Female,Surabaya,2025-07-29,Jawa Timur
CUST01227,Customer 1227,Male,Bandung,2023-06-13,Jawa Barat
CUST01228,Customer 1228,Female,Bekasi,2023-05-28,Jawa Barat
CUST01229,Customer 1229,Female,Bandung,2023-10-21,Jawa Barat
CUST01230,Customer 1230,Male,Bandung,2023-07-14,Jawa Barat
CUST01231,Customer 1231,Male,Depok,2024-10-24,Jawa Barat
CUST01232,Customer 1232,Female,Jakarta,2024-04-24,DKI Jakarta
CUST01233,Customer 1233,Male,Medan,2023-05-03,Sumatera Utara
CUST01234,Customer 1234,Male,Yogyakarta,2024-11-29,DI Yogyakarta
CUST01235,Customer 1235,Female,Tangerang,2025-08-22,Banten
CUST01236,Customer 1236,Female,Bekasi,2024-10-22,Jawa Barat
CUST01237,Customer 1237,Male,Yogyakarta,2024-12-10,DI Yogyakarta
CUST01238,Customer 1238,Female,Jakarta,2024-01-31,DKI Jakarta
CUST01239,Customer 1239,Male,Jakarta,2025-06-30,DKI Jakarta
CUST01240,Customer 1240,Male,Jakarta,2025-10-01,DKI Jakarta
CUST01241,Customer 1241,Male,Semarang,2023-11-13,Jawa Tengah
CUST01242,Customer 1242,Female,Jakarta,2024-11-11,DKI Jakarta
CUST01243,Customer 1243,Male,Bekasi,2024-05-09,Jawa Barat
CUST01244,Customer 1244,Male,Makassar,2024-07-09,Sulawesi Selatan
CUST01245,Customer 1245,Male,Yogyakarta,2024-09-01,DI Yogyakarta
CUST01246,Customer 1246,Female,Surabaya,2023-04-19,Jawa Timur
CUST01247,Customer 1247,Female,Jakarta,2024-01-07,DKI Jakarta
CUST01248,Customer 1248,Female,Semarang,2025-05-04,Jawa Tengah
CUST01249,Customer 1249,Female,Bekasi,2024-09-07,Jawa Barat
CUST01250,Customer 1250,Female,Jakarta,2025-02-06,DKI Jakarta
CUST01251,Customer 1251,Male,Jakarta,2023-07-25,DKI Jakarta
CUST01252,Customer 1252,Female,Medan,2025-04-26,Sumatera Utara
CUST01253,Customer 1253,Female,Tangerang,2023-02-12,Banten
CUST01254,Customer 1254,Female,Semarang,2025-05-14,Jawa Tengah
CUST01255,Customer 1255,,Yogyakarta,2025-02-23,DI Yogyakarta
CUST01256,Customer 1256,Female,Bekasi,2024-04-20,Jawa Barat
CUST01257,Customer 1257,Female,Surabaya,2023-03-24,Jawa Timur
CUST01258,Customer 1258,Male,Surabaya,2023-07-09,Jawa Timur
CUST01259,Customer 1259,Female,Bandung,2025-03-10,Jawa Barat
CUST01260,Customer 1260,Male,Surabaya,2025-07-24,Jawa Timur
CUST01261,Customer 1261,Male,Depok,2023-09-08,Jawa Barat
CUST01262,Customer 1262,Male,Bekasi,2023-10-18,Jawa Barat
CUST01263,Customer 1263,Male,Yogyakarta,2023-11-22,DI Yogyakarta
CUST01264,Customer 1264,Male,Surabaya,2025-04-16,Jawa Timur
CUST01265,Customer 1265,Female,Bekasi,2024-05-22,Jawa Barat
CUST01266,Customer 1266,Male,Tangerang,2024-12-31,Banten
CUST01267,Customer 1267,Male,Bekasi,2023-03-13,Jawa Barat
CUST01268,Customer 1268,Female,Tangerang,2024-10-02,Banten
CUST01269,Customer 1269,Male,Jakarta,2025-07-28,DKI Jakarta
CUST01270,Customer 1270,Female,Surabaya,2024-08-30,Jawa Timur
CUST01271,Customer 1271,Female,Jakarta,2024-07-19,DKI Jakarta
CUST01272,Customer 1272,Female,Bandung,2023-02-23,Jawa Barat
CUST01273,Customer 1273,Male,Surabaya,2024-06-11,Jawa Timur
CUST01274,Customer 1274,Male,Tangerang,2024-09-02,Banten
CUST01275,Customer 1275,Male,Makassar,2023-07-12,Sulawesi Selatan
CUST01276,Customer 1276,Female,Bekasi,2023-02-27,Jawa Barat
CUST01277,Customer 1277,Male,Depok,2023-05-09,Jawa Barat
CUST01278,Customer 1278,Male,Surabaya,2024-12-06,Jawa Timur
CUST01279,Customer 1279,Male,Tangerang,2025-05-01,Banten
CUST01280,Customer 1280,Female,Jakarta,2023-01-08,DKI Jakarta
CUST01281,Customer 1281,Female,Jakarta,2023-01-29,DKI Jakarta
CUST01282,Customer 1282,Male,Bandung,2025-08-04,Jawa Barat
CUST01283,Customer 1283,Male,Surabaya,2023-05-11,Jawa Timur
CUST01284,Customer 1284,Male,Jakarta,2023-07-07,DKI Jakarta
CUST01285,Customer 1285,Male,Jakarta,2024-12-09,DKI Jakarta
CUST01286,Customer 1286,Female,Jakarta,2023-07-31,DKI Jakarta
CUST01287,Customer 1287,Female,Makassar,2023-10-03,Sulawesi Selatan
CUST01288,Customer 1288,Female,Bandung,2023-08-31,Jawa Barat
CUST01289,Customer 1289,Female,Surabaya,2025-09-13,Jawa Timur
CUST01290,Customer 1290,Male,Jakarta,2024-11-15,DKI Jakarta
CUST01291,Customer 1291,Male,Bekasi,2023-06-20,Jawa Barat
CUST01292,Customer 1292,Male,Bandung,2024-10-14,Jawa Barat
CUST01293,Customer 1293,Female,Jakarta,2023-07-07,DKI Jakarta
CUST01294,Customer 1294,Male,Surabaya,2023-02-21,Jawa Timur
CUST01295,Customer 1295,Female,Jakarta,2023-04-21,DKI Jakarta
CUST01296,Customer 1296,Female,Jakarta,2025-05-26,DKI Jakarta
CUST01297,Customer 1297,Male,Jakarta,2025-12-02,DKI Jakarta
CUST01298,Customer 1298,Male,Jakarta,2023-07-30,DKI Jakarta
CUST01299,Customer 1299,Male,Jakarta,2025-05-07,DKI Jakarta
CUST01300,Customer 1300,Female,Bandung,2024-09-18,Jawa Barat
CUST01301,Customer 1301,Male,Semarang,2025-11-15,Jawa Tengah
CUST01302,Customer 1302,Female,Bekasi,2023-10-26,Jawa Barat
CUST01303,Customer 1303,Male,Surabaya,2025-07-12,Jawa Timur
CUST01304,Customer 1304,Female,Bandung,2023-05-17,Jawa Barat
CUST01305,Customer 1305,Female,Medan,2025-11-09,Sumatera Utara
CUST01306,Customer 1306,Male,Bandung,2024-03-15,Jawa Barat
CUST01307,Customer 1307,Female,Jakarta,2023-07-30,DKI Jakarta
CUST01308,Customer 1308,Female,Bekasi,2025-01-21,Jawa Barat
CUST01309,Customer 1309,Male,Jakarta,2024-03-10,DKI Jakarta
CUST01310,Customer 1310,Female,Bandung,2025-02-18,Jawa Barat
CUST01311,Customer 1311,Male,Surabaya,2024-03-14,Jawa Timur
CUST01312,Customer 1312,Female,Yogyakarta,2024-10-27,DI Yogyakarta
CUST01313,Customer 1313,Male,Surabaya,2025-12-01,Jawa Timur
CUST01314,Customer 1314,Male,Tangerang,2024-02-15,Banten
CUST01315,Customer 1315,Female,Makassar,2025-03-16,Sulawesi Selatan
CUST01316,Customer 1316,Female,Jakarta,2024-09-01,DKI Jakarta
CUST01317,Customer 1317,Female,Jakarta,2024-03-02,DKI Jakarta
CUST01318,Customer 1318,Female,Bandung,2025-06-20,Jawa Barat
CUST01319,Customer 1319,Female,Surabaya,2025-07-30,Jawa Timur
CUST01320,Customer 1320,Male,Bandung,2025-01-11,Jawa Barat
CUST01321,Customer 1321,Female,Medan,2023-11-24,Sumatera Utara
CUST01322,Customer 1322,Male,Tangerang,2023-02-21,Banten
CUST01323,Customer 1323,Male,Bekasi,2024-01-11,Jawa Barat
CUST01324,Customer 1324,Female,Bandung,2023-09-20,Jawa Barat
CUST01325,Customer 1325,Male,Semarang,2023-09-24,Jawa Tengah
CUST01326,Customer 1326,Male,Makassar,2023-12-25,Sulawesi Selatan
CUST01327,Customer 1327,Male,Semarang,2024-10-13,Jawa Tengah
CUST01328,Customer 1328,Male,Jakarta,2023-02-15,DKI Jakarta
CUST01329,Customer 1329,Female,Tangerang,2024-08-22,Banten
CUST01330,Customer 1330,Male,Jakarta,2024-12-20,DKI Jakarta
CUST01331,Customer 1331,Female,Jakarta,2024-08-23,DKI Jakarta
CUST01332,Customer 1332,Female,Jakarta,2024-01-16,DKI Jakarta
CUST01333,Customer 1333,Male,Bekasi,2023-04-28,Jawa Barat
CUST01334,Customer 1334,Female,Tangerang,2023-04-26,Banten
CUST01335,Customer 1335,Female,Jakarta,2023-09-17,DKI Jakarta
CUST01336,Customer 1336,Female,Bandung,2023-11-01,Jawa Barat
CUST01337,Customer 1337,Male,Surabaya,2023-01-07,Jawa Timur
CUST01338,Customer 1338,Female,Bandung,2024-01-01,Jawa Barat
CUST01339,Customer 1339,Female,Jakarta,2024-06-06,DKI Jakarta
CUST01340,Customer 1340,Female,Bandung,2024-03-04,Jawa Barat
CUST01341,Customer 1341,Male,Depok,2025-03-01,Jawa Barat
CUST01342,Customer 1342,Female,Jakarta,2025-01-16,DKI Jakarta
CUST01343,Customer 1343,Male,Jakarta,2024-01-02,DKI Jakarta
CUST01344,Customer 1344,Male,Bandung,2023-11-09,Jawa Barat
CUST01345,Customer 1345,Male,Medan,2024-06-21,Sumatera Utara
CUST01346,Customer 1346,Male,Tangerang,2025-07-09,Banten
CUST01347,Customer 1347,Male,Tangerang,2025-12-13,Banten
CUST01348,Customer 1348,Male,Bandung,2025-05-14,Jawa Barat
CUST01349,Customer 1349,Female,Bekasi,2025-02-20,Jawa Barat
CUST01350,Customer 1350,Male,Jakarta,2023-11-30,DKI Jakarta
CUST01351,Customer 1351,Female,Tangerang,2025-03-08,Banten
CUST01352,Customer 1352,Female,Medan,2023-12-14,Sumatera Utara
CUST01353,Customer 1353,Male,Bekasi,2023-09-30,Jawa Barat
CUST01354,Customer 1354,Female,Yogyakarta,2025-08-20,DI Yogyakarta
CUST01355,Customer 1355,Female,Depok,2024-12-20,Jawa Barat
CUST01356,Customer 1356,Female,Jakarta,2024-05-14,DKI Jakarta
CUST01357,Customer 1357,Female,Medan,2024-11-15,Sumatera Utara
CUST01358,Customer 1358,Male,Jakarta,2023-03-20,DKI Jakarta
CUST01359,Customer 1359,Female,Surabaya,2024-09-13,Jawa Timur
CUST01360,Customer 1360,Male,Jakarta,2025-08-04,DKI Jakarta
CUST01361,Customer 1361,Female,Jakarta,2023-12-24,DKI Jakarta
CUST01362,Customer 1362,Female,Surabaya,2024-09-09,Jawa Timur
CUST01363,Customer 1363,Male,Bandung,2024-05-21,Jawa Barat
CUST01364,Customer 1364,Female,Surabaya,2024-07-29,Jawa Timur
CUST01365,Customer 1365,Female,Bekasi,2023-09-01,Jawa Barat
CUST01366,Customer 1366,Female,Jakarta,2024-05-20,DKI Jakarta
CUST01367,Customer 1367,Male,Jakarta,2024-02-26,DKI Jakarta
CUST01368,Customer 1368,Female,Bekasi,2023-08-05,Jawa Barat
CUST01369,Customer 1369,Male,Bandung,2025-10-05,Jawa Barat
CUST01370,Customer 1370,Female,Depok,2023-11-26,Jawa Barat
CUST01371,Customer 1371,Male,Tangerang,2024-10-11,Banten
CUST01372,Customer 1372,Male,Semarang,2024-01-26,Jawa Tengah
CUST01373,Customer 1373,Female,Tangerang,2024-01-16,Banten
CUST01374,Customer 1374,Female,Surabaya,2025-01-11,Jawa Timur
CUST01375,Customer 1375,Male,Tangerang,2025-03-30,Banten
CUST01376,Customer 1376,Male,Jakarta,2024-11-03,DKI Jakarta
CUST01377,Customer 1377,Female,Bandung,2024-05-27,Jawa Barat
CUST01378,Customer 1378,Male,Depok,2025-08-06,Jawa Barat
CUST01379,Customer 1379,Female,Surabaya,2025-07-18,Jawa Timur
CUST01380,Customer 1380,Female,Semarang,2025-07-01,Jawa Tengah
CUST01381,Customer 1381,Female,Semarang,2024-10-05,Jawa Tengah
CUST01382,Customer 1382,Female,Yogyakarta,2024-03-02,DI Yogyakarta
CUST01383,Customer 1383,Male,Medan,2024-05-16,Sumatera Utara
CUST01384,Customer 1384,Female,Surabaya,2024-12-30,Jawa Timur
CUST01385,Customer 1385,Male,Bandung,2023-03-12,Jawa Barat
CUST01386,Customer 1386,Female,Bekasi,2024-04-22,Jawa Barat
CUST01387,Customer 1387,Male,Bandung,2024-04-01,Jawa Barat
CUST01388,Customer 1388,Female,Bekasi,2023-07-08,Jawa Barat
CUST01389,Customer 1389,Male,Tangerang,2023-10-18,Banten
CUST01390,Customer 1390,Male,Tangerang,2025-07-08,Banten
CUST01391,Customer 1391,Female,Bandung,2023-10-19,Jawa Barat
CUST01392,Customer 1392,Female,Jakarta,2025-01-25,DKI Jakarta
CUST01393,Customer 1393,Female,Surabaya,2024-01-12,Jawa Timur
CUST01394,Customer 1394,Female,Jakarta,2024-05-22,DKI Jakarta
CUST01395,Customer 1395,Male,Yogyakarta,2024-06-11,DI Yogyakarta
CUST01396,Customer 1396,Female,Bandung,2024-07-12,Jawa Barat
CUST01397,Customer 1397,Male,Jakarta,2025-11-20,DKI Jakarta
CUST01398,Customer 1398,Male,Jakarta,2023-09-17,DKI Jakarta
CUST01399,Customer 1399,Female,Tangerang,2024-02-25,Banten
CUST01400,Customer 1400,Male,Tangerang,2023-10-31,Banten
CUST01401,Customer 1401,Male,Bandung,2025-07-30,Jawa Barat
CUST01402,Customer 1402,Male,Jakarta,2025-11-28,DKI Jakarta
CUST01403,Customer 1403,Male,Bandung,2024-06-25,Jawa Barat
CUST01404,Customer 1404,Female,Bandung,2025-12-25,Jawa Barat
CUST01405,Customer 1405,Female,Tangerang,2023-04-18,Banten
CUST01406,Customer 1406,Female,Bekasi,2023-09-25,Jawa Barat
CUST01407,Customer 1407,Female,Bandung,2023-08-10,Jawa Barat
CUST01408,Customer 1408,Male,Jakarta,2024-11-23,DKI Jakarta
CUST01409,Customer 1409,Male,Makassar,2023-09-12,Sulawesi Selatan
CUST01410,Customer 1410,Female,Surabaya,2023-09-10,Jawa Timur
CUST01411,Customer 1411,Female,Tangerang,2023-09-14,Banten
CUST01412,Customer 1412,Female,Jakarta,2024-01-18,DKI Jakarta
CUST01413,Customer 1413,Male,Surabaya,2024-03-17,Jawa Timur
CUST01414,Customer 1414,Female,Jakarta,2024-08-21,DKI Jakarta
CUST01415,Customer 1415,Female,Surabaya,2024-01-25,Jawa Timur
CUST01416,Customer 1416,Female,Makassar,2024-08-04,Sulawesi Selatan
CUST01417,Customer 1417,Male,Bandung,2025-12-03,Jawa Barat
CUST01418,Customer 1418,Male,Jakarta,2024-08-20,DKI Jakarta
CUST01419,Customer 1419,Male,Jakarta,2023-01-19,DKI Jakarta
CUST01420,Customer 1420,Male,Bandung,2024-08-29,Jawa Barat
CUST01421,Customer 1421,Male,Jakarta,2023-02-02,DKI Jakarta
CUST01422,Customer 1422,Male,Jakarta,2025-05-11,DKI Jakarta
CUST01423,Customer 1423,Male,Depok,2023-06-04,Jawa Barat
CUST01424,Customer 1424,Male,Surabaya,2025-06-23,Jawa Timur
CUST01425,Customer 1425,Female,Bandung,2024-02-09,Jawa Barat
CUST01426,Customer 1426,Female,Medan,2025-04-23,Sumatera Utara
CUST01427,Customer 1427,Male, jakarta ,2025-01-16,DKI Jakarta
CUST01428,Customer 1428,Male,Makassar,2023-09-28,Sulawesi Selatan
CUST01429,Customer 1429,Female,Bandung,2025-02-08,Jawa Barat
CUST01430,Customer 1430,Male,Yogyakarta,2023-06-21,DI Yogyakarta
CUST01431,Customer 1431,Male,Bekasi,2023-10-01,Jawa Barat
CUST01432,Customer 1432,Male,Semarang,2023-09-16,Jawa Tengah
CUST01433,Customer 1433,Female,Makassar,2024-02-26,Sulawesi Selatan
CUST01434,Customer 1434,Female,Bandung,2023-12-30,Jawa Barat
CUST01435,Customer 1435,Female,Makassar,2024-01-13,Sulawesi Selatan
CUST01436,Customer 1436,Female,Bandung,2024-08-02,Jawa Barat
CUST01437,Customer 1437,Female,Bandung,2025-06-09,Jawa Barat
CUST01438,Customer 1438,Male,Bandung,2024-12-22,Jawa Barat
CUST01439,Customer 1439,Female,Bekasi,2025-05-30,Jawa Barat
CUST01440,Customer 1440,Male,Jakarta,2024-08-27,DKI Jakarta
CUST01441,Customer 1441,Male,Bekasi,2023-01-22,Jawa Barat
CUST01442,Customer 1442,Female,Bekasi,2024-01-18,Jawa Barat
CUST01443,Customer 1443,Female,Depok,2023-05-14,Jawa Barat
CUST01444,Customer 1444,Male,Semarang,2025-11-14,Jawa Tengah
CUST01445,Customer 1445,Male,Surabaya,2024-05-17,Jawa Timur
CUST01446,Customer 1446,Male,Bandung,2023-05-24,Jawa Barat
CUST01447,Customer 1447,Female,Jakarta,2023-08-12,DKI Jakarta
CUST01448,Customer 1448,Female,Jakarta,2023-08-08,DKI Jakarta
CUST01449,Customer 1449,Female,Jakarta,2023-06-28,DKI Jakarta
CUST01450,Customer 1450,Female,Bandung,2024-03-08,Jawa Barat
CUST01451,Customer 1451,Female,Jakarta,2023-09-22,DKI Jakarta
CUST01452,Customer 1452,Male,Makassar,2025-08-11,Sulawesi Selatan
CUST01453,Customer 1453,Female,Bekasi,2024-03-04,Jawa Barat
CUST01454,Customer 1454,Male,Bandung,2024-02-20,Jawa Barat
CUST01455,Customer 1455,Male,Bekasi,2024-12-27,Jawa Barat
CUST01456,Customer 1456,Male,Jakarta,2023-07-16,DKI Jakarta
CUST01457,Customer 1457,Female,Surabaya,2025-12-12,Jawa Timur
CUST01458,Customer 1458,Female,Bekasi,2024-04-24,Jawa Barat
CUST01459,Customer 1459,Female,Surabaya,2025-06-08,Jawa Timur
CUST01460,Customer 1460,Male,Bandung,2025-07-13,Jawa Barat
CUST01461,Customer 1461,Male,Makassar,2023-05-03,Sulawesi Selatan
CUST01462,Customer 1462,Male,Yogyakarta,2025-02-16,DI Yogyakarta
CUST01463,Customer 1463,Male,Bekasi,2023-12-14,Jawa Barat
CUST01464,Customer 1464,Male,Bekasi,2023-01-29,Jawa Barat
CUST01465,Customer 1465,Male,Bekasi,2025-09-01,Jawa Barat
CUST01466,Customer 1466,Female,Jakarta,2023-02-04,DKI Jakarta
CUST01467,Customer 1467,Female,Bandung,2024-09-14,Jawa Barat
CUST01468,Customer 1468,Female,Jakarta,2024-08-11,DKI Jakarta
CUST01469,Customer 1469,Female,Surabaya,2025-12-26,Jawa Timur
CUST01470,Customer 1470,Male,Bekasi,2025-06-22,Jawa Barat
CUST01471,Customer 1471,Male,Jakarta,2024-06-03,DKI Jakarta
CUST01472,Customer 1472,Female,Makassar,2023-05-02,Sulawesi Selatan
CUST01473,Customer 1473,Male,Medan,2023-12-06,Sumatera Utara
CUST01474,Customer 1474,Female,Depok,2023-06-24,Jawa Barat
CUST01475,Customer 1475,Female,BANDUNG,2024-08-19,Jawa Timur
CUST01476,Customer 1476,Female,Yogyakarta,2024-03-26,DI Yogyakarta
CUST01477,Customer 1477,Male,Jakarta,2024-07-10,DKI Jakarta
CUST01478,Customer 1478,Female,Semarang,2025-11-05,Jawa Tengah
CUST01479,Customer 1479,Female,Jakarta,2023-01-09,DKI Jakarta
CUST01480,Customer 1480,Female,Semarang,2023-11-30,Jawa Tengah
CUST01481,Customer 1481,Male,Jakarta,2025-10-13,DKI Jakarta
CUST01482,Customer 1482,Male,Yogyakarta,2023-11-23,DI Yogyakarta
CUST01483,Customer 1483,Female,Medan,2023-01-15,Sumatera Utara
CUST01484,Customer 1484,Male,Jakarta,2025-04-18,DKI Jakarta
CUST01485,Customer 1485,Male,Surabaya,2023-08-14,Jawa Timur
CUST01486,Customer 1486,Male,Makassar,2023-04-23,Sulawesi Selatan
CUST01487,Customer 1487,Male,Surabaya,2023-01-01,Jawa Timur
CUST01488,Customer 1488,Male,Yogyakarta,2023-09-23,DI Yogyakarta
CUST01489,Customer 1489,Male,Bekasi,2025-08-09,Jawa Barat
CUST01490,Customer 1490,Male,Bandung,2023-11-02,Jawa Barat
CUST01491,Customer 1491,Male,Bandung,2023-01-12,Jawa Barat
CUST01492,Customer 1492,Male,Jakarta,2025-07-25,DKI Jakarta
CUST01493,Customer 1493,Male,Depok,2024-02-24,Jawa Barat
CUST01494,Customer 1494,Female,Bandung,2025-06-07,Jawa Barat
CUST01495,Customer 1495,Female,Surabaya,2023-06-20,Jawa Timur
CUST01496,Customer 1496,Male,Surabaya,2023-05-14,Jawa Timur
CUST01497,Customer 1497,Female,Bekasi,2025-08-22,Jawa Barat
CUST01498,Customer 1498,Female,Yogyakarta,2025-11-14,DI Yogyakarta
CUST01499,Customer 1499,Male,Makassar,2024-10-19,Sulawesi Selatan
CUST01500,Customer 1500,Male,Bandung,2023-06-28,Jawa Barat
CUST01501,Customer 1501,Male,Semarang,2025-12-15,Jawa Tengah
CUST01502,Customer 1502,Female,Depok,2023-04-21,Jawa Barat
CUST01503,Customer 1503,Female,Bekasi,2023-05-17,Jawa Barat
CUST01504,Customer 1504,Male,Makassar,2023-08-20,Sulawesi Selatan
CUST01505,Customer 1505,Male,Jakarta,2025-09-18,DKI Jakarta
CUST01506,Customer 1506,Male,Jakarta,2024-04-12,DKI Jakarta
CUST01507,Customer 1507,Female,Yogyakarta,2025-01-01,DI Yogyakarta
CUST01508,Customer 1508,Female,Surabaya,2024-04-25,Jawa Timur
CUST01509,Customer 1509,Female,Semarang,2025-12-27,Jawa Tengah
CUST01510,Customer 1510,Female,Yogyakarta,2025-03-24,DI Yogyakarta
CUST01511,Customer 1511,Male,Jakarta,2025-09-20,DKI Jakarta
CUST01512,Customer 1512,Male,Yogyakarta,2023-11-19,DI Yogyakarta
CUST01513,Customer 1513,Male,Surabaya,2025-07-10,Jawa Timur
CUST01514,Customer 1514,Male,Surabaya,2025-06-22,Jawa Timur
CUST01515,Customer 1515,Female,Bekasi,2024-08-28,Jawa Barat
CUST01516,Customer 1516,Female,Medan,2024-03-04,Sumatera Utara
CUST01517,Customer 1517,Male,Jakarta,2023-05-28,DKI Jakarta
CUST01518,Customer 1518,Male,Surabaya,2025-04-29,Jawa Timur
CUST01519,Customer 1519,Female,Tangerang,2024-01-02,Banten
CUST01520,Customer 1520,Male,Depok,2025-04-29,Jawa Barat
CUST01521,Customer 1521,Female,Tangerang,2025-12-25,Banten
CUST01522,Customer 1522,Male,Jakarta,2025-03-23,DKI Jakarta
CUST01523,Customer 1523,Male,Bandung,2023-06-24,Jawa Barat
CUST01524,Customer 1524,Male,Bandung,2024-08-10,Jawa Barat
CUST01525,Customer 1525,Male,Semarang,2024-05-09,Jawa Tengah
CUST01526,Customer 1526,Male,Jakarta,2025-08-30,DKI Jakarta
CUST01527,Customer 1527,Male,Jakarta,2023-02-04,DKI Jakarta
CUST01528,Customer 1528,Male,Makassar,2025-09-25,Sulawesi Selatan
CUST01529,Customer 1529,Female,Jakarta,2024-06-21,DKI Jakarta
CUST01530,Customer 1530,Female,Makassar,2025-01-19,Sulawesi Selatan
CUST01531,Customer 1531,Female,Tangerang,2025-11-03,Banten
CUST01532,Customer 1532,Female,Semarang,2024-01-09,Jawa Tengah
CUST01533,Customer 1533,Female,Bandung,2024-07-10,Jawa Barat
CUST01534,Customer 1534,Male,Jakarta,2023-08-21,DKI Jakarta
CUST01535,Customer 1535,Male,Depok,2024-12-05,Jawa Barat
CUST01536,Customer 1536,Female,Semarang,2024-07-16,Jawa Tengah
CUST01537,Customer 1537,Male,Depok,2025-07-27,Jawa Barat
CUST01538,Customer 1538,Female,Jakarta,2025-06-05,DKI Jakarta
CUST01539,Customer 1539,Female,Depok,2024-12-26,Jawa Barat
CUST01540,Customer 1540,Male,Depok,2023-03-17,Jawa Barat
CUST01541,Customer 1541,Male,Tangerang,2024-03-14,Banten
CUST01542,Customer 1542,Male,Depok,2024-11-29,Jawa Barat
CUST01543,Customer 1543,Female,Semarang,2025-07-03,Jawa Tengah
CUST01544,Customer 1544,Male,Bekasi,2025-06-09,Jawa Barat
CUST01545,Customer 1545,Female,Jakarta,2024-11-22,DKI Jakarta
CUST01546,Customer 1546,Female,Surabaya,2023-09-10,Jawa Timur
CUST01547,Customer 1547,Female,Jakarta,2025-11-26,DKI Jakarta
CUST01548,Customer 1548,Male,Bandung,2024-02-14,Jawa Barat
CUST01549,Customer 1549,,Bandung,2023-05-07,Jawa Barat
CUST01550,Customer 1550,Female,Jakarta,2024-08-14,DKI Jakarta
CUST01551,Customer 1551,Male,Bandung,2023-10-21,Jawa Barat
CUST01552,Customer 1552,Male,Jakarta,2025-10-16,DKI Jakarta
CUST01553,Customer 1553,Male,Semarang,2023-11-06,Jawa Tengah
CUST01554,Customer 1554,Female,Medan,2024-10-23,Sumatera Utara
CUST01555,Customer 1555,Female,Jakarta,2024-06-11,DKI Jakarta
CUST01556,Customer 1556,Male,Makassar,2024-06-23,Sulawesi Selatan
CUST01557,Customer 1557,Female,Surabaya,2024-02-23,Jawa Timur
CUST01558,Customer 1558,Male,Bandung,2024-03-19,Jawa Barat
CUST01559,Customer 1559,Male,Jakarta,2024-11-15,DKI Jakarta
CUST01560,Customer 1560,Male,Surabaya,2025-04-19,Jawa Timur
CUST01561,Customer 1561,Male,Semarang,2023-08-24,Jawa Tengah
CUST01562,Customer 1562,Female,Tangerang,2023-08-02,Banten
CUST01563,Customer 1563,Female,Jakarta,2023-03-26,DKI Jakarta
CUST01564,Customer 1564,Female,Jakarta,2025-03-04,DKI Jakarta
CUST01565,Customer 1565,Male,Bandung,2023-03-26,Jawa Barat
CUST01566,Customer 1566,Male,Bandung,2023-03-06,Jawa Barat
CUST01567,Customer 1567,Male,Jakarta,2024-10-24,DKI Jakarta
CUST01568,Customer 1568,Female,Bandung,2024-09-18,Jawa Barat
CUST01569,Customer 1569,Male,Semarang,2023-03-05,Jawa Tengah
CUST01570,Customer 1570,Female,Medan,2025-07-27,Sumatera Utara
CUST01571,Customer 1571,Female,Bandung,2025-07-07,Jawa Barat
CUST01572,Customer 1572,Female,Medan,2024-05-05,Sumatera Utara
CUST01573,Customer 1573,Female,Bandung,2023-11-09,Jawa Barat
CUST01574,Customer 1574,Female,Surabaya,2024-09-06,Jawa Timur
CUST01575,Customer 1575,Female,Jakarta,2025-07-07,DKI Jakarta
CUST01576,Customer 1576,Male,Tangerang,2025-03-23,Banten
CUST01577,Customer 1577,Male,Makassar,2025-07-28,Sulawesi Selatan
CUST01578,Customer 1578,Female,Bekasi,2024-11-10,Jawa Barat
CUST01579,Customer 1579,Female,Bandung,2024-03-10,Jawa Barat
CUST01580,Customer 1580,Male,Tangerang,2024-11-12,Banten
CUST01581,Customer 1581,Female,Jakarta,2025-12-09,DKI Jakarta
CUST01582,Customer 1582,Female,Yogyakarta,2023-12-06,DI Yogyakarta
CUST01583,Customer 1583,Male,Surabaya,2023-12-13,Jawa Timur
CUST01584,Customer 1584,Female,Surabaya,2024-10-07,Jawa Timur
CUST01585,Customer 1585,Female,Bekasi,2024-10-10,Jawa Barat
CUST01586,Customer 1586,Female,Bekasi,2023-09-02,Jawa Barat
CUST01587,Customer 1587,Male,Jakarta,2023-04-19,DKI Jakarta
CUST01588,Customer 1588,Male,Tangerang,2024-06-16,Banten
CUST01589,Customer 1589,Male,Jakarta,2023-10-23,DKI Jakarta
CUST01590,Customer 1590,Female,Tangerang,2023-04-22,Banten
CUST01591,Customer 1591,Female,Semarang,2023-12-09,Jawa Tengah
CUST01592,Customer 1592,Male,Semarang,2023-04-11,Jawa Tengah
CUST01593,Customer 1593,Female,Bekasi,2024-09-20,Jawa Barat
CUST01594,Customer 1594,Female,Surabaya,2023-01-28,Jawa Timur
CUST01595,Customer 1595,Female,Jakarta,2025-07-25,DKI Jakarta
CUST01596,Customer 1596,Female,Depok,2023-02-27,Jawa Barat
CUST01597,Customer 1597,Female,Jakarta,2023-10-24,DKI Jakarta
CUST01598,Customer 1598,Male,Surabaya,2023-05-14,Jawa Timur
CUST01599,Customer 1599,Female,Bandung,2023-09-06,Jawa Barat
CUST01600,Customer 1600,Male,Jakarta,2025-10-17,DKI Jakarta
CUST01601,Customer 1601,Female,Bekasi,2024-07-03,Jawa Barat
CUST01602,Customer 1602,Male,Jakarta,2025-06-20,DKI Jakarta
CUST01603,Customer 1603,Female,Depok,2025-04-13,Jawa Barat
CUST01604,Customer 1604,Male,Bandung,2025-02-09,Jawa Barat
CUST01605,Customer 1605,Female,Jakarta,2023-05-26,DKI Jakarta
CUST01606,Customer 1606,Male,Surabaya,2025-06-11,Jawa Timur
CUST01607,Customer 1607,Female,Jakarta,2023-12-10,DKI Jakarta
CUST01608,Customer 1608,Male,Jakarta,2025-11-24,DKI Jakarta
CUST01609,Customer 1609,Female,Tangerang,2024-12-02,Banten
CUST01610,Customer 1610,Male,Jakarta,2023-01-01,DKI Jakarta
CUST01611,Customer 1611,Male,Semarang,2023-06-02,Jawa Tengah
CUST01612,Customer 1612,Female,Jakarta,2024-03-04,DKI Jakarta
CUST01613,Customer 1613,Female,Jakarta,2024-05-22,DKI Jakarta
CUST01614,Customer 1614,Male,Depok,2024-05-05,Jawa Barat
CUST01615,Customer 1615,Female,Bandung,2023-12-11,Jawa Barat
CUST01616,Customer 1616,Male,Jakarta,2023-08-09,DKI Jakarta
CUST01617,Customer 1617,Male,Bandung,2024-12-23,Jawa Barat
CUST01618,Customer 1618,Male,Jakarta,2025-11-14,DKI Jakarta
CUST01619,Customer 1619,Female,Semarang,2024-06-11,Jawa Tengah
CUST01620,Customer 1620,Male,Bandung,2025-04-20,Jawa Barat
CUST01621,Customer 1621,Male,Depok,2025-12-01,Jawa Barat
CUST01622,Customer 1622,Female,Yogyakarta,2024-04-25,DI Yogyakarta
CUST01623,Customer 1623,Female,Surabaya,2025-07-18,Jawa Timur
CUST01624,Customer 1624,Female,Medan,2025-05-21,Sumatera Utara
CUST01625,Customer 1625,Female,Bandung,2023-12-11,Jawa Barat
CUST01626,Customer 1626,Male,Makassar,2023-02-14,Sulawesi Selatan
CUST01627,Customer 1627,Male,Jakarta,2023-01-21,DKI Jakarta
CUST01628,Customer 1628,Male,Tangerang,2025-12-29,Banten
CUST01629,Customer 1629,Male,Surabaya,2025-05-22,Jawa Timur
CUST01630,Customer 1630,Female,Bandung,2023-02-17,Jawa Barat
CUST01631,Customer 1631,Male,Tangerang,2024-07-04,Banten
CUST01632,Customer 1632,Male,Tangerang,2023-10-14,Banten
CUST01633,Customer 1633,Female,Jakarta,2025-09-28,DKI Jakarta
CUST01634,Customer 1634,Male,Jakarta,2025-10-30,DKI Jakarta
CUST01635,Customer 1635,Male,Tangerang,2024-06-25,Banten
CUST01636,Customer 1636,Male,Tangerang,2025-01-25,Banten
CUST01637,Customer 1637,Male,Makassar,2023-10-01,Sulawesi Selatan
CUST01638,Customer 1638,Male,Depok,2025-08-13,Jawa Barat
CUST01639,Customer 1639,Male,Makassar,2024-08-22,Sulawesi Selatan
CUST01640,Customer 1640,Female,Tangerang,2024-01-16,Banten
CUST01641,Customer 1641,Female,Bandung,2024-04-23,Jawa Barat
CUST01642,Customer 1642,Male,Jakarta,2023-01-15,DKI Jakarta
CUST01643,Customer 1643,Male,Depok,2024-05-30,Jawa Barat
CUST01644,Customer 1644,Female,Tangerang,2023-07-10,Banten
CUST01645,Customer 1645,Male,Jakarta,2024-09-12,DKI Jakarta
CUST01646,Customer 1646,Male,Bandung,2023-06-03,Jawa Barat
CUST01647,Customer 1647,Male,Makassar,2023-09-29,Sulawesi Selatan
CUST01648,Customer 1648,Female,Surabaya,2023-05-23,Jawa Timur
CUST01649,Customer 1649,Male,Surabaya,2025-12-28,Jawa Timur
CUST01650,Customer 1650,Female,Surabaya,2023-09-04,Jawa Timur
CUST01651,Customer 1651,Male,Jakarta,2025-02-26,DKI Jakarta
CUST01652,Customer 1652,Female,Bandung,2023-03-20,Jawa Barat
CUST01653,Customer 1653,Female,Bandung,2024-09-14,Jawa Barat
CUST01654,Customer 1654,Male,Jakarta,2024-06-08,DKI Jakarta
CUST01655,Customer 1655,Female,Depok,2025-02-10,Jawa Barat
CUST01656,Customer 1656,Male,Bandung,2025-07-26,Jawa Barat
CUST01657,Customer 1657,Female,Semarang,2024-09-08,Jawa Tengah
CUST01658,Customer 1658,Male,Yogyakarta,2025-10-28,DI Yogyakarta
CUST01659,Customer 1659,Male, jakarta ,2023-03-08,DKI Jakarta
CUST01660,Customer 1660,Female,Tangerang,2023-07-10,Banten
CUST01661,Customer 1661,Male,Surabaya,2025-02-06,Jawa Timur
CUST01662,Customer 1662,Male,Yogyakarta,2024-06-04,DI Yogyakarta
CUST01663,Customer 1663,Female,Jakarta,2025-09-16,DKI Jakarta
CUST01664,Customer 1664,Male,Tangerang,2023-09-24,Banten
CUST01665,Customer 1665,Male,Bekasi,2024-04-29,Jawa Barat
CUST01666,Customer 1666,Female,Bandung,2024-01-11,Jawa Barat
CUST01667,Customer 1667,Female,Jakarta,2024-10-14,DKI Jakarta
CUST01668,Customer 1668,Male,Tangerang,2024-07-02,Banten
CUST01669,Customer 1669,Male, jakarta ,2023-03-14,Jawa Barat
CUST01670,Customer 1670,Female,Bandung,2023-11-04,Jawa Barat
CUST01671,Customer 1671,Female,Tangerang,2023-07-18,Banten
CUST01672,Customer 1672,Male,Bandung,2024-07-25,Jawa Barat
CUST01673,Customer 1673,Female,Tangerang,2025-03-01,Banten
CUST01674,Customer 1674,Male,Jakarta,2023-06-28,DKI Jakarta
CUST01675,Customer 1675,Male,Yogyakarta,2023-07-16,DI Yogyakarta
CUST01676,Customer 1676,Male,Bandung,2025-01-04,Jawa Barat
CUST01677,Customer 1677,Male,Bandung,2023-03-30,Jawa Barat
CUST01678,Customer 1678,Male,Jakarta,2025-03-09,DKI Jakarta
CUST01679,Customer 1679,Female,Jakarta,2025-02-26,DKI Jakarta
CUST01680,Customer 1680,Female,Surabaya,2025-01-17,Jawa Timur
CUST01681,Customer 1681,Female,Jakarta,2023-07-28,DKI Jakarta
CUST01682,Customer 1682,Female,Semarang,2024-05-07,Jawa Tengah
CUST01683,Customer 1683,Male,Jakarta,2024-10-26,DKI Jakarta
CUST01684,Customer 1684,Male,Bandung,2025-11-02,Jawa Barat
CUST01685,Customer 1685,Male,Bandung,2025-05-20,Jawa Barat
CUST01686,Customer 1686,Male,Jakarta,2025-01-01,DKI Jakarta
CUST01687,Customer 1687,Female,Jakarta,2024-11-28,DKI Jakarta
CUST01688,Customer 1688,Male,Bandung,2024-08-16,Jawa Barat
CUST01689,Customer 1689,Male,Surabaya,2025-06-04,Jawa Timur
CUST01690,Customer 1690,Female,Bandung,2025-05-01,Jawa Barat
CUST01691,Customer 1691,Female,Surabaya,2023-11-21,Jawa Timur
CUST01692,Customer 1692,Female,Bekasi,2025-09-05,Jawa Barat
CUST01693,Customer 1693,Female,Jakarta,2025-08-13,DKI Jakarta
CUST01694,Customer 1694,Male,Surabaya,2025-06-12,Jawa Timur
CUST01695,Customer 1695,Male,Makassar,2023-05-24,Sulawesi Selatan
CUST01696,Customer 1696,Female,Surabaya,2024-01-19,Jawa Timur
CUST01697,Customer 1697,Male,Tangerang,2023-08-04,Banten
CUST01698,Customer 1698,Male,Bandung,2023-11-20,Jawa Barat
CUST01699,Customer 1699,Male,Depok,2025-11-04,Jawa Barat
CUST01700,Customer 1700,Female,BANDUNG,2023-08-05,Jawa Barat
CUST01701,Customer 1701,Male,Surabaya,2025-08-08,Jawa Timur
CUST01702,Customer 1702,Female,Makassar,2023-07-02,Sulawesi Selatan
CUST01703,Customer 1703,Male,Jakarta,2023-09-27,DKI Jakarta
CUST01704,Customer 1704,Male,Jakarta,2025-08-02,DKI Jakarta
CUST01705,Customer 1705,Male,Depok,2025-05-19,Jawa Barat
CUST01706,Customer 1706,Female,Semarang,2024-04-11,Jawa Tengah
CUST01707,Customer 1707,Male,Jakarta,2023-11-01,DKI Jakarta
CUST01708,Customer 1708,Female,Jakarta,2023-04-21,DKI Jakarta
CUST01709,Customer 1709,Female,Jakarta,2025-10-10,DKI Jakarta
CUST01710,Customer 1710,Female,Bandung,2023-08-20,Jawa Barat
CUST01711,Customer 1711,Male,Depok,2024-08-17,Jawa Barat
CUST01712,Customer 1712,Male,Surabaya,2023-06-22,Jawa Timur
CUST01713,Customer 1713,Male,Bandung,2025-08-30,Jawa Barat
CUST01714,Customer 1714,Male,Bandung,2025-10-27,Jawa Barat
CUST01715,Customer 1715,Female,Jakarta,2024-06-29,DKI Jakarta
CUST01716,Customer 1716,Female,Bandung,2024-07-01,Jawa Barat
CUST01717,Customer 1717,Female,Tangerang,2024-06-01,Banten
CUST01718,Customer 1718,Male,Makassar,2025-07-02,Sulawesi Selatan
CUST01719,Customer 1719,Female,Semarang,2023-08-03,Jawa Tengah
CUST01720,Customer 1720,Male,Jakarta,2023-05-14,DKI Jakarta
CUST01721,Customer 1721,Female,Yogyakarta,2023-10-12,DI Yogyakarta
CUST01722,Customer 1722,Male,Depok,2024-11-16,Jawa Barat
CUST01723,Customer 1723,Male,Depok,2023-11-27,Jawa Barat
CUST01724,Customer 1724,Female,Surabaya,2025-06-12,Jawa Timur
CUST01725,Customer 1725,Female,Bandung,2025-06-17,Jawa Barat
CUST01726,Customer 1726,Female,Bandung,2023-03-19,Jawa Barat
CUST01727,Customer 1727,Female,Jakarta,2025-08-04,DKI Jakarta
CUST01728,Customer 1728,Male,Jakarta,2024-11-18,DKI Jakarta
CUST01729,Customer 1729,Female,Jakarta,2023-01-21,DKI Jakarta
CUST01730,Customer 1730,Female,Surabaya,2024-07-19,Jawa Timur
CUST01731,Customer 1731,Female,Depok,2025-04-06,Jawa Barat
CUST01732,Customer 1732,Male,Surabaya,2023-06-28,Jawa Timur
CUST01733,Customer 1733,Male,Jakarta,2025-12-18,DKI Jakarta
CUST01734,Customer 1734,Female,Makassar,2025-06-23,Sulawesi Selatan
CUST01735,Customer 1735,Male,Medan,2024-10-30,Sumatera Utara
CUST01736,Customer 1736,Female,Depok,2023-07-10,Jawa Barat
CUST01737,Customer 1737,Male,BANDUNG,2024-12-08,Sulawesi Selatan
CUST01738,Customer 1738,Male,Bekasi,2025-11-24,Jawa Barat
CUST01739,Customer 1739,Male,Makassar,2024-01-14,Sulawesi Selatan
CUST01740,Customer 1740,Male,Jakarta,2024-01-22,DKI Jakarta
CUST01741,Customer 1741,Female,Bandung,2023-08-25,Jawa Barat
CUST01742,Customer 1742,Female,Jakarta,2024-09-07,DKI Jakarta
CUST01743,Customer 1743,Female,Jakarta,2023-10-10,DKI Jakarta
CUST01744,Customer 1744,Male,Jakarta,2023-01-01,DKI Jakarta
CUST01745,Customer 1745,Female,Bekasi,2024-04-08,Jawa Barat
CUST01746,Customer 1746,Female,Depok,2025-08-24,Jawa Barat
CUST01747,Customer 1747,Female,Bekasi,2023-06-21,Jawa Barat
CUST01748,Customer 1748,Male,Jakarta,2025-04-22,DKI Jakarta
CUST01749,Customer 1749,Male,Semarang,2024-11-20,Jawa Tengah
CUST01750,Customer 1750,Male,Tangerang,2024-07-28,Banten
CUST01751,Customer 1751,Female,Bandung,2023-06-14,Jawa Barat
CUST01752,Customer 1752,Female,Tangerang,2024-01-18,Banten
CUST01753,Customer 1753,Female,Jakarta,2023-07-28,DKI Jakarta
CUST01754,Customer 1754,Male,Bandung,2023-08-12,Jawa Barat
CUST01755,Customer 1755,Male,Medan,2023-01-03,Sumatera Utara
CUST01756,Customer 1756,Female,Bandung,2024-01-07,Jawa Barat
CUST01757,Customer 1757,Male,Surabaya,2024-09-02,Jawa Timur
CUST01758,Customer 1758,Male,Yogyakarta,2023-04-26,DI Yogyakarta
CUST01759,Customer 1759,Male,Tangerang,2024-03-22,Banten
CUST01760,Customer 1760,Male,Jakarta,2024-02-19,DKI Jakarta
CUST01761,Customer 1761,Female,Jakarta,2025-06-10,DKI Jakarta
CUST01762,Customer 1762,Male,Jakarta,2025-11-13,DKI Jakarta
CUST01763,Customer 1763,Male,Tangerang,2024-10-24,Banten
CUST01764,Customer 1764,Male,Surabaya,2025-12-09,Jawa Timur
CUST01765,Customer 1765,Male,Jakarta,2024-12-18,DKI Jakarta
CUST01766,Customer 1766,Female,Makassar,2025-11-16,Sulawesi Selatan
CUST01767,Customer 1767,Female,Surabaya,2023-09-28,Jawa Timur
CUST01768,Customer 1768,Male,Jakarta,2024-07-15,DKI Jakarta
CUST01769,Customer 1769,Male,Surabaya,2025-03-14,Jawa Timur
CUST01770,Customer 1770,Male,Tangerang,2023-09-04,Banten
CUST01771,Customer 1771,Male,Jakarta,2024-01-22,DKI Jakarta
CUST01772,Customer 1772,Male,Jakarta,2024-12-02,DKI Jakarta
CUST01773,Customer 1773,Male,Semarang,2024-07-12,Jawa Tengah
CUST01774,Customer 1774,Female,Surabaya,2025-08-30,Jawa Timur
CUST01775,Customer 1775,,Bekasi,2025-09-10,Jawa Barat
CUST01776,Customer 1776,Female,Surabaya,2023-12-18,Jawa Timur
CUST01777,Customer 1777,Female,Jakarta,2025-01-22,DKI Jakarta
CUST01778,Customer 1778,Male,Jakarta,2025-02-19,DKI Jakarta
CUST01779,Customer 1779,Female,Surabaya,2025-10-21,Jawa Timur
CUST01780,Customer 1780,Female,Jakarta,2024-06-29,DKI Jakarta
CUST01781,Customer 1781,Female,Jakarta,2023-03-20,DKI Jakarta
CUST01782,Customer 1782,Female,Semarang,2023-11-30,Jawa Tengah
CUST01783,Customer 1783,Female,Makassar,2025-06-07,Sulawesi Selatan
CUST01784,Customer 1784,Female,Semarang,2024-05-16,Jawa Tengah
CUST01785,Customer 1785,Male,Yogyakarta,2025-02-03,DI Yogyakarta
CUST01786,Customer 1786,Female,Jakarta,2025-07-09,DKI Jakarta
CUST01787,Customer 1787,Female,Makassar,2024-07-03,Sulawesi Selatan
CUST01788,Customer 1788,Female,Jakarta,2023-01-14,DKI Jakarta
CUST01789,Customer 1789,Male,Makassar,2024-01-27,Sulawesi Selatan
CUST01790,Customer 1790,Female,Makassar,2023-11-06,Sulawesi Selatan
CUST01791,Customer 1791,Male,Tangerang,2024-01-21,Banten
CUST01792,Customer 1792,Female,Makassar,2025-08-31,Sulawesi Selatan
CUST01793,Customer 1793,Male,Bekasi,2023-12-06,Jawa Barat
CUST01794,Customer 1794,Male,Jakarta,2024-08-19,DKI Jakarta
CUST01795,Customer 1795,Female,Surabaya,2025-01-26,Jawa Timur
CUST01796,Customer 1796,Female,Bekasi,2025-11-11,Jawa Barat
CUST01797,Customer 1797,Male,Jakarta,2023-10-18,DKI Jakarta
CUST01798,Customer 1798,Female,Bekasi,2023-11-02,Jawa Barat
CUST01799,Customer 1799,Male,Makassar,2024-09-25,Sulawesi Selatan
CUST01800,Customer 1800,Male,Jakarta,2024-09-16,DKI Jakarta
CUST01801,Customer 1801,Male,Semarang,2025-07-27,Jawa Tengah
CUST01802,Customer 1802,Male,Medan,2025-04-27,Sumatera Utara
CUST01803,Customer 1803,Male,Medan,2024-03-17,Sumatera Utara
CUST01804,Customer 1804,Female,Makassar,2024-05-17,Sulawesi Selatan
CUST01805,Customer 1805,,Surabaya,2023-05-10,Jawa Timur
CUST01806,Customer 1806,Male,Makassar,2024-08-19,Sulawesi Selatan
CUST01807,Customer 1807,Female,Depok,2025-05-11,Jawa Barat
CUST01808,Customer 1808,Male,Jakarta,2024-08-15,DKI Jakarta
CUST01809,Customer 1809,Female,Surabaya,2025-09-25,Jawa Timur
CUST01810,Customer 1810,Female,Tangerang,2023-11-21,Banten
CUST01811,Customer 1811,Female,Jakarta,2025-12-28,DKI Jakarta
CUST01812,Customer 1812,Male,Tangerang,2024-03-23,Banten
CUST01813,Customer 1813,Male,Tangerang,2025-03-29,Banten
CUST01814,Customer 1814,Male,Jakarta,2024-12-09,DKI Jakarta
CUST01815,Customer 1815,Female,Bekasi,2023-09-22,Jawa Barat
CUST01816,Customer 1816,Male,Depok,2024-09-03,Jawa Barat
CUST01817,Customer 1817,Female,Surabaya,2025-04-11,Jawa Timur
CUST01818,Customer 1818,Male,Jakarta,2024-11-04,DKI Jakarta
CUST01819,Customer 1819,Female,Jakarta,2023-06-06,DKI Jakarta
CUST01820,Customer 1820,Male,Bandung,2023-09-08,Jawa Barat
CUST01821,Customer 1821,Male,Medan,2025-05-27,Sumatera Utara
CUST01822,Customer 1822,Male,Jakarta,2024-06-13,DKI Jakarta
CUST01823,Customer 1823,Female,Tangerang,2023-11-23,Banten
CUST01824,Customer 1824,Female,Jakarta,2025-08-18,DKI Jakarta
CUST01825,Customer 1825,Male,Bandung,2025-06-13,Jawa Barat
CUST01826,Customer 1826,Male,Semarang,2023-04-07,Jawa Tengah
CUST01827,Customer 1827,Female,Depok,2024-05-27,Jawa Barat
CUST01828,Customer 1828,Female,Jakarta,2023-08-04,DKI Jakarta
CUST01829,Customer 1829,Female,Surabaya,2023-05-05,Jawa Timur
CUST01830,Customer 1830,Male,Jakarta,2023-02-28,DKI Jakarta
CUST01831,Customer 1831,Female,Surabaya,2023-06-10,Jawa Timur
CUST01832,Customer 1832,Male,Tangerang,2023-10-11,Banten
CUST01833,Customer 1833,Female,Jakarta,2023-04-16,DKI Jakarta
CUST01834,Customer 1834,Male,Bandung,2023-08-16,Jawa Barat
CUST01835,Customer 1835,Female,BANDUNG,2023-11-14,Jawa Barat
CUST01836,Customer 1836,Female,Medan,2025-03-12,Sumatera Utara
CUST01837,Customer 1837,Female,Makassar,2025-05-23,Sulawesi Selatan
CUST01838,Customer 1838,Female,Jakarta,2024-04-16,DKI Jakarta
CUST01839,Customer 1839,Female,Depok,2025-12-15,Jawa Barat
CUST01840,Customer 1840,Male,Bandung,2024-09-16,Jawa Barat
CUST01841,Customer 1841,Female,Bandung,2023-01-13,Jawa Barat
CUST01842,Customer 1842,Female,Depok,2025-11-07,Jawa Barat
CUST01843,Customer 1843,Female,Medan,2024-11-24,Sumatera Utara
CUST01844,Customer 1844,Male,Makassar,2025-08-30,Sulawesi Selatan
CUST01845,Customer 1845,Female,Bekasi,2023-04-23,Jawa Barat
CUST01846,Customer 1846,Male,Bandung,2023-08-17,Jawa Barat
CUST01847,Customer 1847,Female,Depok,2023-06-20,Jawa Barat
CUST01848,Customer 1848,Female,Jakarta,2023-10-22,DKI Jakarta
CUST01849,Customer 1849,Male,Bekasi,2023-07-08,Jawa Barat
CUST01850,Customer 1850,Female,Bandung,2024-03-01,Jawa Barat
CUST01851,Customer 1851,Male,Tangerang,2025-09-03,Banten
CUST01852,Customer 1852,Male,Jakarta,2024-10-19,DKI Jakarta
CUST01853,Customer 1853,Female,Jakarta,2025-07-07,DKI Jakarta
CUST01854,Customer 1854,Male,Medan,2024-05-13,Sumatera Utara
CUST01855,Customer 1855,Female,Jakarta,2025-01-31,DKI Jakarta
CUST01856,Customer 1856,Female,Surabaya,2025-05-15,Jawa Timur
CUST01857,Customer 1857,Male,Jakarta,2025-04-05,DKI Jakarta
CUST01858,Customer 1858,Male,Jakarta,2023-03-12,DKI Jakarta
CUST01859,Customer 1859,Male,Jakarta,2023-09-05,DKI Jakarta
CUST01860,Customer 1860,Male,Jakarta,2023-05-26,DKI Jakarta
CUST01861,Customer 1861,Female,Yogyakarta,2024-08-04,DI Yogyakarta
CUST01862,Customer 1862,Female,Bandung,2024-04-14,Jawa Barat
CUST01863,Customer 1863,Male,Makassar,2023-07-12,Sulawesi Selatan
CUST01864,Customer 1864,Female,Bekasi,2025-12-27,Jawa Barat
CUST01865,Customer 1865,Female,Surabaya,2024-05-08,Jawa Timur
CUST01866,Customer 1866,Female,Bekasi,2023-02-21,Jawa Barat
CUST01867,Customer 1867,Female,Surabaya,2025-05-31,Jawa Timur
CUST01868,Customer 1868,Male,Depok,2023-12-29,Jawa Barat
CUST01869,Customer 1869,Male,Bandung,2025-07-05,Jawa Barat
CUST01870,Customer 1870,Female,Bandung,2024-04-18,Jawa Barat
CUST01871,Customer 1871,Male,Yogyakarta,2024-06-04,DI Yogyakarta
CUST01872,Customer 1872,Male,Medan,2024-11-21,Sumatera Utara
CUST01873,Customer 1873,Male,Yogyakarta,2024-06-15,DI Yogyakarta
CUST01874,Customer 1874,Female,Bandung,2025-04-19,Jawa Barat
CUST01875,Customer 1875,Female,Depok,2025-12-24,Jawa Barat
CUST01876,Customer 1876,Female,Surabaya,2023-08-29,Jawa Timur
CUST01877,Customer 1877,Male,Surabaya,2024-06-19,Jawa Timur
CUST01878,Customer 1878,Female,Jakarta,2023-03-24,DKI Jakarta
CUST01879,Customer 1879,Female,Bekasi,2025-09-08,Jawa Barat
CUST01880,Customer 1880,Male,Jakarta,2025-08-08,DKI Jakarta
CUST01881,Customer 1881,Female,Bandung,2024-09-02,Jawa Barat
CUST01882,Customer 1882,Female,Yogyakarta,2024-07-27,DI Yogyakarta
CUST01883,Customer 1883,Male,Jakarta,2023-10-13,DKI Jakarta
CUST01884,Customer 1884,Male,Jakarta,2025-09-15,DKI Jakarta
CUST01885,Customer 1885,Male,Jakarta,2024-04-03,DKI Jakarta
CUST01886,Customer 1886,Female,Medan,2023-05-06,Sumatera Utara
CUST01887,Customer 1887,Female,Surabaya,2024-02-29,Jawa Timur
CUST01888,Customer 1888,Female,Bandung,2024-07-07,Jawa Barat
CUST01889,Customer 1889,Male,Semarang,2024-09-01,Jawa Tengah
CUST01890,Customer 1890,Male,Semarang,2023-04-22,Jawa Tengah
CUST01891,Customer 1891,Female,Bandung,2024-02-06,Jawa Barat
CUST01892,Customer 1892,Female,Tangerang,2023-05-02,Banten
CUST01893,Customer 1893,Male,Depok,2023-09-30,Jawa Barat
CUST01894,Customer 1894,Male,Tangerang,2024-02-02,Banten
CUST01895,Customer 1895,Male,Jakarta,2024-04-15,DKI Jakarta
CUST01896,Customer 1896,Male,Yogyakarta,2025-09-11,DI Yogyakarta
CUST01897,Customer 1897,Female,Surabaya,2024-07-22,Jawa Timur
CUST01898,Customer 1898,Male,Bandung,2025-06-15,Jawa Barat
CUST01899,Customer 1899,Female,Surabaya,2025-03-30,Jawa Timur
CUST01900,Customer 1900,Female,Jakarta,2025-05-02,DKI Jakarta
CUST01901,Customer 1901,Female,Jakarta,2024-12-10,DKI Jakarta
CUST01902,Customer 1902,Male,Depok,2023-11-17,Jawa Barat
CUST01903,Customer 1903,Male,Jakarta,2023-06-28,DKI Jakarta
CUST01904,Customer 1904,Male,Bandung,2025-06-15,Jawa Barat
CUST01905,Customer 1905,Male,Surabaya,2023-08-07,Jawa Timur
CUST01906,Customer 1906,Female,Jakarta,2025-02-27,DKI Jakarta
CUST01907,Customer 1907,Male,Makassar,2024-05-06,Sulawesi Selatan
CUST01908,Customer 1908,Male,Jakarta,2023-03-02,DKI Jakarta
CUST01909,Customer 1909,Female,Bandung,2025-12-13,Jawa Barat
CUST01910,Customer 1910,Male,Bandung,2024-06-21,Jawa Barat
CUST01911,Customer 1911,Female,Jakarta,2025-04-27,DKI Jakarta
CUST01912,Customer 1912,Female,Jakarta,2025-09-14,DKI Jakarta
CUST01913,Customer 1913,Female,Depok,2023-03-06,Jawa Barat
CUST01914,Customer 1914,Female,Makassar,2024-08-08,Sulawesi Selatan
CUST01915,Customer 1915,Female,Jakarta,2023-06-20,DKI Jakarta
CUST01916,Customer 1916,Female,Tangerang,2024-06-18,Banten
CUST01917,Customer 1917,Female,Depok,2024-11-23,Jawa Barat
CUST01918,Customer 1918,Female,Semarang,2023-04-18,Jawa Tengah
CUST01919,Customer 1919,Male,Surabaya,2025-03-24,Jawa Timur
CUST01920,Customer 1920,Male,Bandung,2025-10-01,Jawa Barat
CUST01921,Customer 1921,Male,Bandung,2024-03-27,Jawa Barat
CUST01922,Customer 1922,Male,Tangerang,2024-08-12,Banten
CUST01923,Customer 1923,Female,Semarang,2025-11-05,Jawa Tengah
CUST01924,Customer 1924,Male,Jakarta,2023-11-23,DKI Jakarta
CUST01925,Customer 1925,Female,Bandung,2024-08-30,Jawa Barat
CUST01926,Customer 1926,Male,Medan,2024-10-20,Sumatera Utara
CUST01927,Customer 1927,Male,Semarang,2023-01-02,Jawa Tengah
CUST01928,Customer 1928,Male,Makassar,2025-10-30,Sulawesi Selatan
CUST01929,Customer 1929,Female,Depok,2024-03-09,Jawa Barat
CUST01930,Customer 1930,Male,Bandung,2023-05-05,Jawa Barat
CUST01931,Customer 1931,Female,Bekasi,2024-04-29,Jawa Barat
CUST01932,Customer 1932,Female,Tangerang,2024-10-13,Banten
CUST01933,Customer 1933,Male,Jakarta,2025-03-10,DKI Jakarta
CUST01934,Customer 1934,Male,Bekasi,2025-05-22,Jawa Barat
CUST01935,Customer 1935,Male,Tangerang,2023-05-09,Banten
CUST01936,Customer 1936,Female,Jakarta,2024-03-13,DKI Jakarta
CUST01937,Customer 1937,Male,Depok,2025-01-20,Jawa Barat
CUST01938,Customer 1938,Female,Bekasi,2024-05-15,Jawa Barat
CUST01939,Customer 1939,Female,Makassar,2025-12-17,Sulawesi Selatan
CUST01940,Customer 1940,Male,Jakarta,2023-07-30,DKI Jakarta
CUST01941,Customer 1941,Male,Jakarta,2025-06-20,DKI Jakarta
CUST01942,Customer 1942,Female,Bekasi,2023-02-14,Jawa Barat
CUST01943,Customer 1943,Female,Bandung,2024-06-18,Jawa Barat
CUST01944,Customer 1944,Female,Tangerang,2024-04-05,Banten
CUST01945,Customer 1945,Male,Depok,2024-01-26,Jawa Barat
CUST01946,Customer 1946,Female,Jakarta,2025-12-03,DKI Jakarta
CUST01947,Customer 1947,Male,Surabaya,2023-01-27,Jawa Timur
CUST01948,Customer 1948,Female,Surabaya,2025-03-04,Jawa Timur
CUST01949,Customer 1949,Female,Bandung,2025-09-01,Jawa Barat
CUST01950,Customer 1950,Male,Medan,2024-07-01,Sumatera Utara
CUST01951,Customer 1951,Female,Semarang,2024-09-12,Jawa Tengah
CUST01952,Customer 1952,Male,Tangerang,2024-07-20,Banten
CUST01953,Customer 1953,Male,Tangerang,2024-12-04,Banten
CUST01954,Customer 1954,Female,Surabaya,2023-07-04,Jawa Timur
CUST01955,Customer 1955,Male,Medan,2025-12-28,Sumatera Utara
CUST01956,Customer 1956,Male,Tangerang,2025-04-27,Banten
CUST01957,Customer 1957,Female,Depok,2024-08-21,Jawa Barat
CUST01958,Customer 1958,Male,Yogyakarta,2025-03-16,DI Yogyakarta
CUST01959,Customer 1959,Male,Jakarta,2023-03-20,DKI Jakarta
CUST01960,Customer 1960,Male,Semarang,2024-08-01,Jawa Tengah
CUST01961,Customer 1961,Female,Jakarta,2024-02-17,DKI Jakarta
CUST01962,Customer 1962,Male,Bandung,2024-06-29,Jawa Barat
CUST01963,Customer 1963,Female,Bandung,2023-06-18,Jawa Barat
CUST01964,Customer 1964,Female,Makassar,2024-11-11,Sulawesi Selatan
CUST01965,Customer 1965,Male,Yogyakarta,2024-08-05,DI Yogyakarta
CUST01966,Customer 1966,Male,Tangerang,2024-05-29,Banten
CUST01967,Customer 1967,Male,Depok,2023-02-01,Jawa Barat
CUST01968,Customer 1968,Female,Bekasi,2023-10-14,Jawa Barat
CUST01969,Customer 1969,Male,Medan,2024-08-16,Sumatera Utara
CUST01970,Customer 1970,Male,BANDUNG,2025-12-02,Jawa Timur
CUST01971,Customer 1971,Male,Bandung,2024-09-08,Jawa Barat
CUST01972,Customer 1972,Male,Jakarta,2025-10-21,DKI Jakarta
CUST01973,Customer 1973,Male,Depok,2023-09-27,Jawa Barat
CUST01974,Customer 1974,Female,Depok,2024-06-01,Jawa Barat
CUST01975,Customer 1975,Female,Bandung,2025-10-30,Jawa Barat
CUST01976,Customer 1976,Male,Jakarta,2024-08-05,DKI Jakarta
CUST01977,Customer 1977,Male,Semarang,2023-08-14,Jawa Tengah
CUST01978,Customer 1978,Male,Jakarta,2024-10-31,DKI Jakarta
CUST01979,Customer 1979,Male,Tangerang,2025-07-05,Banten
CUST01980,Customer 1980,Female,Makassar,2023-05-06,Sulawesi Selatan
CUST01981,Customer 1981,Male,Surabaya,2025-08-13,Jawa Timur
CUST01982,Customer 1982,Female,Jakarta,2023-03-15,DKI Jakarta
CUST01983,Customer 1983,Female,Tangerang,2023-02-25,Banten
CUST01984,Customer 1984,Male,Semarang,2024-12-20,Jawa Tengah
CUST01985,Customer 1985,Female,Bekasi,2024-07-06,Jawa Barat
CUST01986,Customer 1986,Female,Makassar,2023-02-01,Sulawesi Selatan
CUST01987,Customer 1987,Female,Jakarta,2024-07-27,DKI Jakarta
CUST01988,Customer 1988,Female,Surabaya,2024-10-28,Jawa Timur
CUST01989,Customer 1989,Male,Tangerang,2023-10-11,Banten
CUST01990,Customer 1990,Male,Yogyakarta,2023-07-06,DI Yogyakarta
CUST01991,Customer 1991,Female,Jakarta,2024-05-12,DKI Jakarta
CUST01992,Customer 1992,Male,Semarang,2023-05-10,Jawa Tengah
CUST01993,Customer 1993,Male,Bekasi,2024-09-30,Jawa Barat
CUST01994,Customer 1994,Male,Bandung,2023-04-24,Jawa Barat
CUST01995,Customer 1995,Male,Jakarta,2023-01-13,DKI Jakarta
CUST01996,Customer 1996,Male,Yogyakarta,2024-03-19,DI Yogyakarta
CUST01997,Customer 1997,Female,Jakarta,2024-03-22,DKI Jakarta
CUST01998,Customer 1998,Male,Bandung,2025-09-12,Jawa Barat
CUST01999,Customer 1999,Male,Bandung,2025-09-19,Jawa Barat
CUST02000,Customer 2000,Male,Yogyakarta,2024-12-15,DI Yogyakarta
